Statistik,Gebiet,Geschlecht,Jahre,Alter ,Sterbedatum,Sterbefaelle,Qualitaetskennzeichen
Statistik der Sterbefälle,Deutschland,Insgesamt,2021,Insgesamt,Insgesamt,1023687,e
Statistik der Sterbefälle,Deutschland,Insgesamt,2021,Insgesamt,01.01.,3559,e
Statistik der Sterbefälle,Deutschland,Insgesamt,2021,Insgesamt,02.01.,3546,e
Statistik der Sterbefälle,Deutschland,Insgesamt,2021,Insgesamt,03.01.,3444,e
Statistik der Sterbefälle,Deutschland,Insgesamt,2021,Insgesamt,04.01.,3735,e
Statistik der Sterbefälle,Deutschland,Insgesamt,2021,Insgesamt,05.01.,3569,e
Statistik der Sterbefälle,Deutschland,Insgesamt,2021,Insgesamt,06.01.,3654,e
Statistik der Sterbefälle,Deutschland,Insgesamt,2021,Insgesamt,07.01.,3584,e
Statistik der Sterbefälle,Deutschland,Insgesamt,2021,Insgesamt,08.01.,3566,e
Statistik der Sterbefälle,Deutschland,Insgesamt,2021,Insgesamt,09.01.,3468,e
Statistik der Sterbefälle,Deutschland,Insgesamt,2021,Insgesamt,10.01.,3343,e
Statistik der Sterbefälle,Deutschland,Insgesamt,2021,Insgesamt,11.01.,3561,e
Statistik der Sterbefälle,Deutschland,Insgesamt,2021,Insgesamt,12.01.,3608,e
Statistik der Sterbefälle,Deutschland,Insgesamt,2021,Insgesamt,13.01.,3530,e
Statistik der Sterbefälle,Deutschland,Insgesamt,2021,Insgesamt,14.01.,3589,e
Statistik der Sterbefälle,Deutschland,Insgesamt,2021,Insgesamt,15.01.,3606,e
Statistik der Sterbefälle,Deutschland,Insgesamt,2021,Insgesamt,16.01.,3378,e
Statistik der Sterbefälle,Deutschland,Insgesamt,2021,Insgesamt,17.01.,3260,e
Statistik der Sterbefälle,Deutschland,Insgesamt,2021,Insgesamt,18.01.,3489,e
Statistik der Sterbefälle,Deutschland,Insgesamt,2021,Insgesamt,19.01.,3528,e
Statistik der Sterbefälle,Deutschland,Insgesamt,2021,Insgesamt,20.01.,3500,e
Statistik der Sterbefälle,Deutschland,Insgesamt,2021,Insgesamt,21.01.,3547,e
Statistik der Sterbefälle,Deutschland,Insgesamt,2021,Insgesamt,22.01.,3578,e
Statistik der Sterbefälle,Deutschland,Insgesamt,2021,Insgesamt,23.01.,3319,e
Statistik der Sterbefälle,Deutschland,Insgesamt,2021,Insgesamt,24.01.,3168,e
Statistik der Sterbefälle,Deutschland,Insgesamt,2021,Insgesamt,25.01.,3354,e
Statistik der Sterbefälle,Deutschland,Insgesamt,2021,Insgesamt,26.01.,3312,e
Statistik der Sterbefälle,Deutschland,Insgesamt,2021,Insgesamt,27.01.,3314,e
Statistik der Sterbefälle,Deutschland,Insgesamt,2021,Insgesamt,28.01.,3292,e
Statistik der Sterbefälle,Deutschland,Insgesamt,2021,Insgesamt,29.01.,3326,e
Statistik der Sterbefälle,Deutschland,Insgesamt,2021,Insgesamt,30.01.,3091,e
Statistik der Sterbefälle,Deutschland,Insgesamt,2021,Insgesamt,31.01.,2985,e
Statistik der Sterbefälle,Deutschland,Insgesamt,2021,Insgesamt,01.02.,3203,e
Statistik der Sterbefälle,Deutschland,Insgesamt,2021,Insgesamt,02.02.,3178,e
Statistik der Sterbefälle,Deutschland,Insgesamt,2021,Insgesamt,03.02.,3261,e
Statistik der Sterbefälle,Deutschland,Insgesamt,2021,Insgesamt,04.02.,3086,e
Statistik der Sterbefälle,Deutschland,Insgesamt,2021,Insgesamt,05.02.,3052,e
Statistik der Sterbefälle,Deutschland,Insgesamt,2021,Insgesamt,06.02.,3128,e
Statistik der Sterbefälle,Deutschland,Insgesamt,2021,Insgesamt,07.02.,2865,e
Statistik der Sterbefälle,Deutschland,Insgesamt,2021,Insgesamt,08.02.,3057,e
Statistik der Sterbefälle,Deutschland,Insgesamt,2021,Insgesamt,09.02.,3071,e
Statistik der Sterbefälle,Deutschland,Insgesamt,2021,Insgesamt,10.02.,2988,e
Statistik der Sterbefälle,Deutschland,Insgesamt,2021,Insgesamt,11.02.,2997,e
Statistik der Sterbefälle,Deutschland,Insgesamt,2021,Insgesamt,12.02.,3149,e
Statistik der Sterbefälle,Deutschland,Insgesamt,2021,Insgesamt,13.02.,2953,e
Statistik der Sterbefälle,Deutschland,Insgesamt,2021,Insgesamt,14.02.,2731,e
Statistik der Sterbefälle,Deutschland,Insgesamt,2021,Insgesamt,15.02.,2990,e
Statistik der Sterbefälle,Deutschland,Insgesamt,2021,Insgesamt,16.02.,3138,e
Statistik der Sterbefälle,Deutschland,Insgesamt,2021,Insgesamt,17.02.,2995,e
Statistik der Sterbefälle,Deutschland,Insgesamt,2021,Insgesamt,18.02.,2915,e
Statistik der Sterbefälle,Deutschland,Insgesamt,2021,Insgesamt,19.02.,2911,e
Statistik der Sterbefälle,Deutschland,Insgesamt,2021,Insgesamt,20.02.,2798,e
Statistik der Sterbefälle,Deutschland,Insgesamt,2021,Insgesamt,21.02.,2746,e
Statistik der Sterbefälle,Deutschland,Insgesamt,2021,Insgesamt,22.02.,2799,e
Statistik der Sterbefälle,Deutschland,Insgesamt,2021,Insgesamt,23.02.,2766,e
Statistik der Sterbefälle,Deutschland,Insgesamt,2021,Insgesamt,24.02.,2776,e
Statistik der Sterbefälle,Deutschland,Insgesamt,2021,Insgesamt,25.02.,2788,e
Statistik der Sterbefälle,Deutschland,Insgesamt,2021,Insgesamt,26.02.,2685,e
Statistik der Sterbefälle,Deutschland,Insgesamt,2021,Insgesamt,27.02.,2654,e
Statistik der Sterbefälle,Deutschland,Insgesamt,2021,Insgesamt,28.02.,2511,e
Statistik der Sterbefälle,Deutschland,Insgesamt,2021,Insgesamt,29.02.,X,e
Statistik der Sterbefälle,Deutschland,Insgesamt,2021,Insgesamt,01.03.,2716,e
Statistik der Sterbefälle,Deutschland,Insgesamt,2021,Insgesamt,02.03.,2675,e
Statistik der Sterbefälle,Deutschland,Insgesamt,2021,Insgesamt,03.03.,2663,e
Statistik der Sterbefälle,Deutschland,Insgesamt,2021,Insgesamt,04.03.,2731,e
Statistik der Sterbefälle,Deutschland,Insgesamt,2021,Insgesamt,05.03.,2697,e
Statistik der Sterbefälle,Deutschland,Insgesamt,2021,Insgesamt,06.03.,2484,e
Statistik der Sterbefälle,Deutschland,Insgesamt,2021,Insgesamt,07.03.,2489,e
Statistik der Sterbefälle,Deutschland,Insgesamt,2021,Insgesamt,08.03.,2735,e
Statistik der Sterbefälle,Deutschland,Insgesamt,2021,Insgesamt,09.03.,2739,e
Statistik der Sterbefälle,Deutschland,Insgesamt,2021,Insgesamt,10.03.,2603,e
Statistik der Sterbefälle,Deutschland,Insgesamt,2021,Insgesamt,11.03.,2684,e
Statistik der Sterbefälle,Deutschland,Insgesamt,2021,Insgesamt,12.03.,2656,e
Statistik der Sterbefälle,Deutschland,Insgesamt,2021,Insgesamt,13.03.,2678,e
Statistik der Sterbefälle,Deutschland,Insgesamt,2021,Insgesamt,14.03.,2511,e
Statistik der Sterbefälle,Deutschland,Insgesamt,2021,Insgesamt,15.03.,2756,e
Statistik der Sterbefälle,Deutschland,Insgesamt,2021,Insgesamt,16.03.,2614,e
Statistik der Sterbefälle,Deutschland,Insgesamt,2021,Insgesamt,17.03.,2635,e
Statistik der Sterbefälle,Deutschland,Insgesamt,2021,Insgesamt,18.03.,2656,e
Statistik der Sterbefälle,Deutschland,Insgesamt,2021,Insgesamt,19.03.,2710,e
Statistik der Sterbefälle,Deutschland,Insgesamt,2021,Insgesamt,20.03.,2499,e
Statistik der Sterbefälle,Deutschland,Insgesamt,2021,Insgesamt,21.03.,2504,e
Statistik der Sterbefälle,Deutschland,Insgesamt,2021,Insgesamt,22.03.,2699,e
Statistik der Sterbefälle,Deutschland,Insgesamt,2021,Insgesamt,23.03.,2587,e
Statistik der Sterbefälle,Deutschland,Insgesamt,2021,Insgesamt,24.03.,2744,e
Statistik der Sterbefälle,Deutschland,Insgesamt,2021,Insgesamt,25.03.,2764,e
Statistik der Sterbefälle,Deutschland,Insgesamt,2021,Insgesamt,26.03.,2780,e
Statistik der Sterbefälle,Deutschland,Insgesamt,2021,Insgesamt,27.03.,2531,e
Statistik der Sterbefälle,Deutschland,Insgesamt,2021,Insgesamt,28.03.,2332,e
Statistik der Sterbefälle,Deutschland,Insgesamt,2021,Insgesamt,29.03.,2605,e
Statistik der Sterbefälle,Deutschland,Insgesamt,2021,Insgesamt,30.03.,2720,e
Statistik der Sterbefälle,Deutschland,Insgesamt,2021,Insgesamt,31.03.,2704,e
Statistik der Sterbefälle,Deutschland,Insgesamt,2021,Insgesamt,01.04.,2800,e
Statistik der Sterbefälle,Deutschland,Insgesamt,2021,Insgesamt,02.04.,2605,e
Statistik der Sterbefälle,Deutschland,Insgesamt,2021,Insgesamt,03.04.,2510,e
Statistik der Sterbefälle,Deutschland,Insgesamt,2021,Insgesamt,04.04.,2576,e
Statistik der Sterbefälle,Deutschland,Insgesamt,2021,Insgesamt,05.04.,2658,e
Statistik der Sterbefälle,Deutschland,Insgesamt,2021,Insgesamt,06.04.,2720,e
Statistik der Sterbefälle,Deutschland,Insgesamt,2021,Insgesamt,07.04.,2710,e
Statistik der Sterbefälle,Deutschland,Insgesamt,2021,Insgesamt,08.04.,2686,e
Statistik der Sterbefälle,Deutschland,Insgesamt,2021,Insgesamt,09.04.,2789,e
Statistik der Sterbefälle,Deutschland,Insgesamt,2021,Insgesamt,10.04.,2713,e
Statistik der Sterbefälle,Deutschland,Insgesamt,2021,Insgesamt,11.04.,2597,e
Statistik der Sterbefälle,Deutschland,Insgesamt,2021,Insgesamt,12.04.,2793,e
Statistik der Sterbefälle,Deutschland,Insgesamt,2021,Insgesamt,13.04.,2759,e
Statistik der Sterbefälle,Deutschland,Insgesamt,2021,Insgesamt,14.04.,2694,e
Statistik der Sterbefälle,Deutschland,Insgesamt,2021,Insgesamt,15.04.,2767,e
Statistik der Sterbefälle,Deutschland,Insgesamt,2021,Insgesamt,16.04.,2793,e
Statistik der Sterbefälle,Deutschland,Insgesamt,2021,Insgesamt,17.04.,2690,e
Statistik der Sterbefälle,Deutschland,Insgesamt,2021,Insgesamt,18.04.,2602,e
Statistik der Sterbefälle,Deutschland,Insgesamt,2021,Insgesamt,19.04.,2879,e
Statistik der Sterbefälle,Deutschland,Insgesamt,2021,Insgesamt,20.04.,2809,e
Statistik der Sterbefälle,Deutschland,Insgesamt,2021,Insgesamt,21.04.,2806,e
Statistik der Sterbefälle,Deutschland,Insgesamt,2021,Insgesamt,22.04.,2699,e
Statistik der Sterbefälle,Deutschland,Insgesamt,2021,Insgesamt,23.04.,2821,e
Statistik der Sterbefälle,Deutschland,Insgesamt,2021,Insgesamt,24.04.,2723,e
Statistik der Sterbefälle,Deutschland,Insgesamt,2021,Insgesamt,25.04.,2545,e
Statistik der Sterbefälle,Deutschland,Insgesamt,2021,Insgesamt,26.04.,2735,e
Statistik der Sterbefälle,Deutschland,Insgesamt,2021,Insgesamt,27.04.,2880,e
Statistik der Sterbefälle,Deutschland,Insgesamt,2021,Insgesamt,28.04.,2828,e
Statistik der Sterbefälle,Deutschland,Insgesamt,2021,Insgesamt,29.04.,2832,e
Statistik der Sterbefälle,Deutschland,Insgesamt,2021,Insgesamt,30.04.,2858,e
Statistik der Sterbefälle,Deutschland,Insgesamt,2021,Insgesamt,01.05.,2808,e
Statistik der Sterbefälle,Deutschland,Insgesamt,2021,Insgesamt,02.05.,2614,e
Statistik der Sterbefälle,Deutschland,Insgesamt,2021,Insgesamt,03.05.,2738,e
Statistik der Sterbefälle,Deutschland,Insgesamt,2021,Insgesamt,04.05.,2760,e
Statistik der Sterbefälle,Deutschland,Insgesamt,2021,Insgesamt,05.05.,2890,e
Statistik der Sterbefälle,Deutschland,Insgesamt,2021,Insgesamt,06.05.,2709,e
Statistik der Sterbefälle,Deutschland,Insgesamt,2021,Insgesamt,07.05.,2759,e
Statistik der Sterbefälle,Deutschland,Insgesamt,2021,Insgesamt,08.05.,2658,e
Statistik der Sterbefälle,Deutschland,Insgesamt,2021,Insgesamt,09.05.,2815,e
Statistik der Sterbefälle,Deutschland,Insgesamt,2021,Insgesamt,10.05.,2911,e
Statistik der Sterbefälle,Deutschland,Insgesamt,2021,Insgesamt,11.05.,2955,e
Statistik der Sterbefälle,Deutschland,Insgesamt,2021,Insgesamt,12.05.,2608,e
Statistik der Sterbefälle,Deutschland,Insgesamt,2021,Insgesamt,13.05.,2497,e
Statistik der Sterbefälle,Deutschland,Insgesamt,2021,Insgesamt,14.05.,2674,e
Statistik der Sterbefälle,Deutschland,Insgesamt,2021,Insgesamt,15.05.,2524,e
Statistik der Sterbefälle,Deutschland,Insgesamt,2021,Insgesamt,16.05.,2410,e
Statistik der Sterbefälle,Deutschland,Insgesamt,2021,Insgesamt,17.05.,2604,e
Statistik der Sterbefälle,Deutschland,Insgesamt,2021,Insgesamt,18.05.,2505,e
Statistik der Sterbefälle,Deutschland,Insgesamt,2021,Insgesamt,19.05.,2548,e
Statistik der Sterbefälle,Deutschland,Insgesamt,2021,Insgesamt,20.05.,2560,e
Statistik der Sterbefälle,Deutschland,Insgesamt,2021,Insgesamt,21.05.,2648,e
Statistik der Sterbefälle,Deutschland,Insgesamt,2021,Insgesamt,22.05.,2547,e
Statistik der Sterbefälle,Deutschland,Insgesamt,2021,Insgesamt,23.05.,2399,e
Statistik der Sterbefälle,Deutschland,Insgesamt,2021,Insgesamt,24.05.,2400,e
Statistik der Sterbefälle,Deutschland,Insgesamt,2021,Insgesamt,25.05.,2550,e
Statistik der Sterbefälle,Deutschland,Insgesamt,2021,Insgesamt,26.05.,2477,e
Statistik der Sterbefälle,Deutschland,Insgesamt,2021,Insgesamt,27.05.,2541,e
Statistik der Sterbefälle,Deutschland,Insgesamt,2021,Insgesamt,28.05.,2457,e
Statistik der Sterbefälle,Deutschland,Insgesamt,2021,Insgesamt,29.05.,2409,e
Statistik der Sterbefälle,Deutschland,Insgesamt,2021,Insgesamt,30.05.,2359,e
Statistik der Sterbefälle,Deutschland,Insgesamt,2021,Insgesamt,31.05.,2542,e
Statistik der Sterbefälle,Deutschland,Insgesamt,2021,Insgesamt,01.06.,2571,e
Statistik der Sterbefälle,Deutschland,Insgesamt,2021,Insgesamt,02.06.,2634,e
Statistik der Sterbefälle,Deutschland,Insgesamt,2021,Insgesamt,03.06.,2651,e
Statistik der Sterbefälle,Deutschland,Insgesamt,2021,Insgesamt,04.06.,2806,e
Statistik der Sterbefälle,Deutschland,Insgesamt,2021,Insgesamt,05.06.,2659,e
Statistik der Sterbefälle,Deutschland,Insgesamt,2021,Insgesamt,06.06.,2328,e
Statistik der Sterbefälle,Deutschland,Insgesamt,2021,Insgesamt,07.06.,2535,e
Statistik der Sterbefälle,Deutschland,Insgesamt,2021,Insgesamt,08.06.,2473,e
Statistik der Sterbefälle,Deutschland,Insgesamt,2021,Insgesamt,09.06.,2578,e
Statistik der Sterbefälle,Deutschland,Insgesamt,2021,Insgesamt,10.06.,2532,e
Statistik der Sterbefälle,Deutschland,Insgesamt,2021,Insgesamt,11.06.,2564,e
Statistik der Sterbefälle,Deutschland,Insgesamt,2021,Insgesamt,12.06.,2541,e
Statistik der Sterbefälle,Deutschland,Insgesamt,2021,Insgesamt,13.06.,2219,e
Statistik der Sterbefälle,Deutschland,Insgesamt,2021,Insgesamt,14.06.,2394,e
Statistik der Sterbefälle,Deutschland,Insgesamt,2021,Insgesamt,15.06.,2543,e
Statistik der Sterbefälle,Deutschland,Insgesamt,2021,Insgesamt,16.06.,2581,e
Statistik der Sterbefälle,Deutschland,Insgesamt,2021,Insgesamt,17.06.,2758,e
Statistik der Sterbefälle,Deutschland,Insgesamt,2021,Insgesamt,18.06.,2979,e
Statistik der Sterbefälle,Deutschland,Insgesamt,2021,Insgesamt,19.06.,2967,e
Statistik der Sterbefälle,Deutschland,Insgesamt,2021,Insgesamt,20.06.,2854,e
Statistik der Sterbefälle,Deutschland,Insgesamt,2021,Insgesamt,21.06.,2762,e
Statistik der Sterbefälle,Deutschland,Insgesamt,2021,Insgesamt,22.06.,2500,e
Statistik der Sterbefälle,Deutschland,Insgesamt,2021,Insgesamt,23.06.,2428,e
Statistik der Sterbefälle,Deutschland,Insgesamt,2021,Insgesamt,24.06.,2429,e
Statistik der Sterbefälle,Deutschland,Insgesamt,2021,Insgesamt,25.06.,2344,e
Statistik der Sterbefälle,Deutschland,Insgesamt,2021,Insgesamt,26.06.,2411,e
Statistik der Sterbefälle,Deutschland,Insgesamt,2021,Insgesamt,27.06.,2317,e
Statistik der Sterbefälle,Deutschland,Insgesamt,2021,Insgesamt,28.06.,2573,e
Statistik der Sterbefälle,Deutschland,Insgesamt,2021,Insgesamt,29.06.,2481,e
Statistik der Sterbefälle,Deutschland,Insgesamt,2021,Insgesamt,30.06.,2424,e
Statistik der Sterbefälle,Deutschland,Insgesamt,2021,Insgesamt,01.07.,2339,e
Statistik der Sterbefälle,Deutschland,Insgesamt,2021,Insgesamt,02.07.,2439,e
Statistik der Sterbefälle,Deutschland,Insgesamt,2021,Insgesamt,03.07.,2419,e
Statistik der Sterbefälle,Deutschland,Insgesamt,2021,Insgesamt,04.07.,2338,e
Statistik der Sterbefälle,Deutschland,Insgesamt,2021,Insgesamt,05.07.,2408,e
Statistik der Sterbefälle,Deutschland,Insgesamt,2021,Insgesamt,06.07.,2479,e
Statistik der Sterbefälle,Deutschland,Insgesamt,2021,Insgesamt,07.07.,2448,e
Statistik der Sterbefälle,Deutschland,Insgesamt,2021,Insgesamt,08.07.,2518,e
Statistik der Sterbefälle,Deutschland,Insgesamt,2021,Insgesamt,09.07.,2374,e
Statistik der Sterbefälle,Deutschland,Insgesamt,2021,Insgesamt,10.07.,2439,e
Statistik der Sterbefälle,Deutschland,Insgesamt,2021,Insgesamt,11.07.,2328,e
Statistik der Sterbefälle,Deutschland,Insgesamt,2021,Insgesamt,12.07.,2521,e
Statistik der Sterbefälle,Deutschland,Insgesamt,2021,Insgesamt,13.07.,2621,e
Statistik der Sterbefälle,Deutschland,Insgesamt,2021,Insgesamt,14.07.,2509,e
Statistik der Sterbefälle,Deutschland,Insgesamt,2021,Insgesamt,15.07.,2563,e
Statistik der Sterbefälle,Deutschland,Insgesamt,2021,Insgesamt,16.07.,2644,e
Statistik der Sterbefälle,Deutschland,Insgesamt,2021,Insgesamt,17.07.,2437,e
Statistik der Sterbefälle,Deutschland,Insgesamt,2021,Insgesamt,18.07.,2367,e
Statistik der Sterbefälle,Deutschland,Insgesamt,2021,Insgesamt,19.07.,2520,e
Statistik der Sterbefälle,Deutschland,Insgesamt,2021,Insgesamt,20.07.,2480,e
Statistik der Sterbefälle,Deutschland,Insgesamt,2021,Insgesamt,21.07.,2382,e
Statistik der Sterbefälle,Deutschland,Insgesamt,2021,Insgesamt,22.07.,2534,e
Statistik der Sterbefälle,Deutschland,Insgesamt,2021,Insgesamt,23.07.,2573,e
Statistik der Sterbefälle,Deutschland,Insgesamt,2021,Insgesamt,24.07.,2525,e
Statistik der Sterbefälle,Deutschland,Insgesamt,2021,Insgesamt,25.07.,2599,e
Statistik der Sterbefälle,Deutschland,Insgesamt,2021,Insgesamt,26.07.,2497,e
Statistik der Sterbefälle,Deutschland,Insgesamt,2021,Insgesamt,27.07.,2523,e
Statistik der Sterbefälle,Deutschland,Insgesamt,2021,Insgesamt,28.07.,2438,e
Statistik der Sterbefälle,Deutschland,Insgesamt,2021,Insgesamt,29.07.,2444,e
Statistik der Sterbefälle,Deutschland,Insgesamt,2021,Insgesamt,30.07.,2525,e
Statistik der Sterbefälle,Deutschland,Insgesamt,2021,Insgesamt,31.07.,2473,e
Statistik der Sterbefälle,Deutschland,Insgesamt,2021,Insgesamt,01.08.,2311,e
Statistik der Sterbefälle,Deutschland,Insgesamt,2021,Insgesamt,02.08.,2330,e
Statistik der Sterbefälle,Deutschland,Insgesamt,2021,Insgesamt,03.08.,2381,e
Statistik der Sterbefälle,Deutschland,Insgesamt,2021,Insgesamt,04.08.,2452,e
Statistik der Sterbefälle,Deutschland,Insgesamt,2021,Insgesamt,05.08.,2522,e
Statistik der Sterbefälle,Deutschland,Insgesamt,2021,Insgesamt,06.08.,2567,e
Statistik der Sterbefälle,Deutschland,Insgesamt,2021,Insgesamt,07.08.,2466,e
Statistik der Sterbefälle,Deutschland,Insgesamt,2021,Insgesamt,08.08.,2303,e
Statistik der Sterbefälle,Deutschland,Insgesamt,2021,Insgesamt,09.08.,2433,e
Statistik der Sterbefälle,Deutschland,Insgesamt,2021,Insgesamt,10.08.,2497,e
Statistik der Sterbefälle,Deutschland,Insgesamt,2021,Insgesamt,11.08.,2501,e
Statistik der Sterbefälle,Deutschland,Insgesamt,2021,Insgesamt,12.08.,2472,e
Statistik der Sterbefälle,Deutschland,Insgesamt,2021,Insgesamt,13.08.,2657,e
Statistik der Sterbefälle,Deutschland,Insgesamt,2021,Insgesamt,14.08.,2583,e
Statistik der Sterbefälle,Deutschland,Insgesamt,2021,Insgesamt,15.08.,2417,e
Statistik der Sterbefälle,Deutschland,Insgesamt,2021,Insgesamt,16.08.,2642,e
Statistik der Sterbefälle,Deutschland,Insgesamt,2021,Insgesamt,17.08.,2470,e
Statistik der Sterbefälle,Deutschland,Insgesamt,2021,Insgesamt,18.08.,2483,e
Statistik der Sterbefälle,Deutschland,Insgesamt,2021,Insgesamt,19.08.,2552,e
Statistik der Sterbefälle,Deutschland,Insgesamt,2021,Insgesamt,20.08.,2521,e
Statistik der Sterbefälle,Deutschland,Insgesamt,2021,Insgesamt,21.08.,2411,e
Statistik der Sterbefälle,Deutschland,Insgesamt,2021,Insgesamt,22.08.,2422,e
Statistik der Sterbefälle,Deutschland,Insgesamt,2021,Insgesamt,23.08.,2478,e
Statistik der Sterbefälle,Deutschland,Insgesamt,2021,Insgesamt,24.08.,2387,e
Statistik der Sterbefälle,Deutschland,Insgesamt,2021,Insgesamt,25.08.,2525,e
Statistik der Sterbefälle,Deutschland,Insgesamt,2021,Insgesamt,26.08.,2526,e
Statistik der Sterbefälle,Deutschland,Insgesamt,2021,Insgesamt,27.08.,2386,e
Statistik der Sterbefälle,Deutschland,Insgesamt,2021,Insgesamt,28.08.,2425,e
Statistik der Sterbefälle,Deutschland,Insgesamt,2021,Insgesamt,29.08.,2424,e
Statistik der Sterbefälle,Deutschland,Insgesamt,2021,Insgesamt,30.08.,2431,e
Statistik der Sterbefälle,Deutschland,Insgesamt,2021,Insgesamt,31.08.,2427,e
Statistik der Sterbefälle,Deutschland,Insgesamt,2021,Insgesamt,01.09.,2516,e
Statistik der Sterbefälle,Deutschland,Insgesamt,2021,Insgesamt,02.09.,2504,e
Statistik der Sterbefälle,Deutschland,Insgesamt,2021,Insgesamt,03.09.,2601,e
Statistik der Sterbefälle,Deutschland,Insgesamt,2021,Insgesamt,04.09.,2492,e
Statistik der Sterbefälle,Deutschland,Insgesamt,2021,Insgesamt,05.09.,2370,e
Statistik der Sterbefälle,Deutschland,Insgesamt,2021,Insgesamt,06.09.,2622,e
Statistik der Sterbefälle,Deutschland,Insgesamt,2021,Insgesamt,07.09.,2645,e
Statistik der Sterbefälle,Deutschland,Insgesamt,2021,Insgesamt,08.09.,2655,e
Statistik der Sterbefälle,Deutschland,Insgesamt,2021,Insgesamt,09.09.,2920,e
Statistik der Sterbefälle,Deutschland,Insgesamt,2021,Insgesamt,10.09.,2875,e
Statistik der Sterbefälle,Deutschland,Insgesamt,2021,Insgesamt,11.09.,2674,e
Statistik der Sterbefälle,Deutschland,Insgesamt,2021,Insgesamt,12.09.,2488,e
Statistik der Sterbefälle,Deutschland,Insgesamt,2021,Insgesamt,13.09.,2582,e
Statistik der Sterbefälle,Deutschland,Insgesamt,2021,Insgesamt,14.09.,2694,e
Statistik der Sterbefälle,Deutschland,Insgesamt,2021,Insgesamt,15.09.,2746,e
Statistik der Sterbefälle,Deutschland,Insgesamt,2021,Insgesamt,16.09.,2627,e
Statistik der Sterbefälle,Deutschland,Insgesamt,2021,Insgesamt,17.09.,2583,e
Statistik der Sterbefälle,Deutschland,Insgesamt,2021,Insgesamt,18.09.,2440,e
Statistik der Sterbefälle,Deutschland,Insgesamt,2021,Insgesamt,19.09.,2385,e
Statistik der Sterbefälle,Deutschland,Insgesamt,2021,Insgesamt,20.09.,2511,e
Statistik der Sterbefälle,Deutschland,Insgesamt,2021,Insgesamt,21.09.,2510,e
Statistik der Sterbefälle,Deutschland,Insgesamt,2021,Insgesamt,22.09.,2572,e
Statistik der Sterbefälle,Deutschland,Insgesamt,2021,Insgesamt,23.09.,2618,e
Statistik der Sterbefälle,Deutschland,Insgesamt,2021,Insgesamt,24.09.,2759,e
Statistik der Sterbefälle,Deutschland,Insgesamt,2021,Insgesamt,25.09.,2635,e
Statistik der Sterbefälle,Deutschland,Insgesamt,2021,Insgesamt,26.09.,2552,e
Statistik der Sterbefälle,Deutschland,Insgesamt,2021,Insgesamt,27.09.,2694,e
Statistik der Sterbefälle,Deutschland,Insgesamt,2021,Insgesamt,28.09.,2536,e
Statistik der Sterbefälle,Deutschland,Insgesamt,2021,Insgesamt,29.09.,2556,e
Statistik der Sterbefälle,Deutschland,Insgesamt,2021,Insgesamt,30.09.,2569,e
Statistik der Sterbefälle,Deutschland,Insgesamt,2021,Insgesamt,01.10.,2575,e
Statistik der Sterbefälle,Deutschland,Insgesamt,2021,Insgesamt,02.10.,2721,e
Statistik der Sterbefälle,Deutschland,Insgesamt,2021,Insgesamt,03.10.,2478,e
Statistik der Sterbefälle,Deutschland,Insgesamt,2021,Insgesamt,04.10.,2496,e
Statistik der Sterbefälle,Deutschland,Insgesamt,2021,Insgesamt,05.10.,2707,e
Statistik der Sterbefälle,Deutschland,Insgesamt,2021,Insgesamt,06.10.,2551,e
Statistik der Sterbefälle,Deutschland,Insgesamt,2021,Insgesamt,07.10.,2663,e
Statistik der Sterbefälle,Deutschland,Insgesamt,2021,Insgesamt,08.10.,2764,e
Statistik der Sterbefälle,Deutschland,Insgesamt,2021,Insgesamt,09.10.,2518,e
Statistik der Sterbefälle,Deutschland,Insgesamt,2021,Insgesamt,10.10.,2510,e
Statistik der Sterbefälle,Deutschland,Insgesamt,2021,Insgesamt,11.10.,2706,e
Statistik der Sterbefälle,Deutschland,Insgesamt,2021,Insgesamt,12.10.,2725,e
Statistik der Sterbefälle,Deutschland,Insgesamt,2021,Insgesamt,13.10.,2572,e
Statistik der Sterbefälle,Deutschland,Insgesamt,2021,Insgesamt,14.10.,2777,e
Statistik der Sterbefälle,Deutschland,Insgesamt,2021,Insgesamt,15.10.,2742,e
Statistik der Sterbefälle,Deutschland,Insgesamt,2021,Insgesamt,16.10.,2689,e
Statistik der Sterbefälle,Deutschland,Insgesamt,2021,Insgesamt,17.10.,2738,e
Statistik der Sterbefälle,Deutschland,Insgesamt,2021,Insgesamt,18.10.,2849,e
Statistik der Sterbefälle,Deutschland,Insgesamt,2021,Insgesamt,19.10.,2912,e
Statistik der Sterbefälle,Deutschland,Insgesamt,2021,Insgesamt,20.10.,2906,e
Statistik der Sterbefälle,Deutschland,Insgesamt,2021,Insgesamt,21.10.,2890,e
Statistik der Sterbefälle,Deutschland,Insgesamt,2021,Insgesamt,22.10.,2828,e
Statistik der Sterbefälle,Deutschland,Insgesamt,2021,Insgesamt,23.10.,2710,e
Statistik der Sterbefälle,Deutschland,Insgesamt,2021,Insgesamt,24.10.,2666,e
Statistik der Sterbefälle,Deutschland,Insgesamt,2021,Insgesamt,25.10.,2800,e
Statistik der Sterbefälle,Deutschland,Insgesamt,2021,Insgesamt,26.10.,2869,e
Statistik der Sterbefälle,Deutschland,Insgesamt,2021,Insgesamt,27.10.,2863,e
Statistik der Sterbefälle,Deutschland,Insgesamt,2021,Insgesamt,28.10.,2992,e
Statistik der Sterbefälle,Deutschland,Insgesamt,2021,Insgesamt,29.10.,2968,e
Statistik der Sterbefälle,Deutschland,Insgesamt,2021,Insgesamt,30.10.,2873,e
Statistik der Sterbefälle,Deutschland,Insgesamt,2021,Insgesamt,31.10.,3022,e
Statistik der Sterbefälle,Deutschland,Insgesamt,2021,Insgesamt,01.11.,2931,e
Statistik der Sterbefälle,Deutschland,Insgesamt,2021,Insgesamt,02.11.,2973,e
Statistik der Sterbefälle,Deutschland,Insgesamt,2021,Insgesamt,03.11.,2967,e
Statistik der Sterbefälle,Deutschland,Insgesamt,2021,Insgesamt,04.11.,2922,e
Statistik der Sterbefälle,Deutschland,Insgesamt,2021,Insgesamt,05.11.,2889,e
Statistik der Sterbefälle,Deutschland,Insgesamt,2021,Insgesamt,06.11.,2910,e
Statistik der Sterbefälle,Deutschland,Insgesamt,2021,Insgesamt,07.11.,2834,e
Statistik der Sterbefälle,Deutschland,Insgesamt,2021,Insgesamt,08.11.,3061,e
Statistik der Sterbefälle,Deutschland,Insgesamt,2021,Insgesamt,09.11.,3069,e
Statistik der Sterbefälle,Deutschland,Insgesamt,2021,Insgesamt,10.11.,2972,e
Statistik der Sterbefälle,Deutschland,Insgesamt,2021,Insgesamt,11.11.,2977,e
Statistik der Sterbefälle,Deutschland,Insgesamt,2021,Insgesamt,12.11.,3004,e
Statistik der Sterbefälle,Deutschland,Insgesamt,2021,Insgesamt,13.11.,3062,e
Statistik der Sterbefälle,Deutschland,Insgesamt,2021,Insgesamt,14.11.,2926,e
Statistik der Sterbefälle,Deutschland,Insgesamt,2021,Insgesamt,15.11.,3208,e
Statistik der Sterbefälle,Deutschland,Insgesamt,2021,Insgesamt,16.11.,3127,e
Statistik der Sterbefälle,Deutschland,Insgesamt,2021,Insgesamt,17.11.,3150,e
Statistik der Sterbefälle,Deutschland,Insgesamt,2021,Insgesamt,18.11.,3194,e
Statistik der Sterbefälle,Deutschland,Insgesamt,2021,Insgesamt,19.11.,3357,e
Statistik der Sterbefälle,Deutschland,Insgesamt,2021,Insgesamt,20.11.,3208,e
Statistik der Sterbefälle,Deutschland,Insgesamt,2021,Insgesamt,21.11.,3100,e
Statistik der Sterbefälle,Deutschland,Insgesamt,2021,Insgesamt,22.11.,3266,e
Statistik der Sterbefälle,Deutschland,Insgesamt,2021,Insgesamt,23.11.,3152,e
Statistik der Sterbefälle,Deutschland,Insgesamt,2021,Insgesamt,24.11.,3384,e
Statistik der Sterbefälle,Deutschland,Insgesamt,2021,Insgesamt,25.11.,3389,e
Statistik der Sterbefälle,Deutschland,Insgesamt,2021,Insgesamt,26.11.,3516,e
Statistik der Sterbefälle,Deutschland,Insgesamt,2021,Insgesamt,27.11.,3274,e
Statistik der Sterbefälle,Deutschland,Insgesamt,2021,Insgesamt,28.11.,3292,e
Statistik der Sterbefälle,Deutschland,Insgesamt,2021,Insgesamt,29.11.,3417,e
Statistik der Sterbefälle,Deutschland,Insgesamt,2021,Insgesamt,30.11.,3384,e
Statistik der Sterbefälle,Deutschland,Insgesamt,2021,Insgesamt,01.12.,3503,e
Statistik der Sterbefälle,Deutschland,Insgesamt,2021,Insgesamt,02.12.,3549,e
Statistik der Sterbefälle,Deutschland,Insgesamt,2021,Insgesamt,03.12.,3543,e
Statistik der Sterbefälle,Deutschland,Insgesamt,2021,Insgesamt,04.12.,3453,e
Statistik der Sterbefälle,Deutschland,Insgesamt,2021,Insgesamt,05.12.,3336,e
Statistik der Sterbefälle,Deutschland,Insgesamt,2021,Insgesamt,06.12.,3436,e
Statistik der Sterbefälle,Deutschland,Insgesamt,2021,Insgesamt,07.12.,3503,e
Statistik der Sterbefälle,Deutschland,Insgesamt,2021,Insgesamt,08.12.,3526,e
Statistik der Sterbefälle,Deutschland,Insgesamt,2021,Insgesamt,09.12.,3498,e
Statistik der Sterbefälle,Deutschland,Insgesamt,2021,Insgesamt,10.12.,3583,e
Statistik der Sterbefälle,Deutschland,Insgesamt,2021,Insgesamt,11.12.,3275,e
Statistik der Sterbefälle,Deutschland,Insgesamt,2021,Insgesamt,12.12.,3211,e
Statistik der Sterbefälle,Deutschland,Insgesamt,2021,Insgesamt,13.12.,3306,e
Statistik der Sterbefälle,Deutschland,Insgesamt,2021,Insgesamt,14.12.,3364,e
Statistik der Sterbefälle,Deutschland,Insgesamt,2021,Insgesamt,15.12.,3363,e
Statistik der Sterbefälle,Deutschland,Insgesamt,2021,Insgesamt,16.12.,3357,e
Statistik der Sterbefälle,Deutschland,Insgesamt,2021,Insgesamt,17.12.,3296,e
Statistik der Sterbefälle,Deutschland,Insgesamt,2021,Insgesamt,18.12.,3162,e
Statistik der Sterbefälle,Deutschland,Insgesamt,2021,Insgesamt,19.12.,3161,e
Statistik der Sterbefälle,Deutschland,Insgesamt,2021,Insgesamt,20.12.,3160,e
Statistik der Sterbefälle,Deutschland,Insgesamt,2021,Insgesamt,21.12.,3177,e
Statistik der Sterbefälle,Deutschland,Insgesamt,2021,Insgesamt,22.12.,3170,e
Statistik der Sterbefälle,Deutschland,Insgesamt,2021,Insgesamt,23.12.,3361,e
Statistik der Sterbefälle,Deutschland,Insgesamt,2021,Insgesamt,24.12.,3212,e
Statistik der Sterbefälle,Deutschland,Insgesamt,2021,Insgesamt,25.12.,3325,e
Statistik der Sterbefälle,Deutschland,Insgesamt,2021,Insgesamt,26.12.,3074,e
Statistik der Sterbefälle,Deutschland,Insgesamt,2021,Insgesamt,27.12.,3300,e
Statistik der Sterbefälle,Deutschland,Insgesamt,2021,Insgesamt,28.12.,3291,e
Statistik der Sterbefälle,Deutschland,Insgesamt,2021,Insgesamt,29.12.,3249,e
Statistik der Sterbefälle,Deutschland,Insgesamt,2021,Insgesamt,30.12.,3235,e
Statistik der Sterbefälle,Deutschland,Insgesamt,2021,Insgesamt,31.12.,3192,e
Statistik der Sterbefälle,Deutschland,Insgesamt,2022,Insgesamt,Insgesamt,1066341,e
Statistik der Sterbefälle,Deutschland,Insgesamt,2022,Insgesamt,01.01.,3022,e
Statistik der Sterbefälle,Deutschland,Insgesamt,2022,Insgesamt,02.01.,2885,e
Statistik der Sterbefälle,Deutschland,Insgesamt,2022,Insgesamt,03.01.,3063,e
Statistik der Sterbefälle,Deutschland,Insgesamt,2022,Insgesamt,04.01.,3078,e
Statistik der Sterbefälle,Deutschland,Insgesamt,2022,Insgesamt,05.01.,2951,e
Statistik der Sterbefälle,Deutschland,Insgesamt,2022,Insgesamt,06.01.,2973,e
Statistik der Sterbefälle,Deutschland,Insgesamt,2022,Insgesamt,07.01.,2955,e
Statistik der Sterbefälle,Deutschland,Insgesamt,2022,Insgesamt,08.01.,2950,e
Statistik der Sterbefälle,Deutschland,Insgesamt,2022,Insgesamt,09.01.,2900,e
Statistik der Sterbefälle,Deutschland,Insgesamt,2022,Insgesamt,10.01.,2926,e
Statistik der Sterbefälle,Deutschland,Insgesamt,2022,Insgesamt,11.01.,2846,e
Statistik der Sterbefälle,Deutschland,Insgesamt,2022,Insgesamt,12.01.,2859,e
Statistik der Sterbefälle,Deutschland,Insgesamt,2022,Insgesamt,13.01.,2799,e
Statistik der Sterbefälle,Deutschland,Insgesamt,2022,Insgesamt,14.01.,2918,e
Statistik der Sterbefälle,Deutschland,Insgesamt,2022,Insgesamt,15.01.,2883,e
Statistik der Sterbefälle,Deutschland,Insgesamt,2022,Insgesamt,16.01.,2690,e
Statistik der Sterbefälle,Deutschland,Insgesamt,2022,Insgesamt,17.01.,2886,e
Statistik der Sterbefälle,Deutschland,Insgesamt,2022,Insgesamt,18.01.,2866,e
Statistik der Sterbefälle,Deutschland,Insgesamt,2022,Insgesamt,19.01.,2859,e
Statistik der Sterbefälle,Deutschland,Insgesamt,2022,Insgesamt,20.01.,2885,e
Statistik der Sterbefälle,Deutschland,Insgesamt,2022,Insgesamt,21.01.,2897,e
Statistik der Sterbefälle,Deutschland,Insgesamt,2022,Insgesamt,22.01.,2798,e
Statistik der Sterbefälle,Deutschland,Insgesamt,2022,Insgesamt,23.01.,2654,e
Statistik der Sterbefälle,Deutschland,Insgesamt,2022,Insgesamt,24.01.,2843,e
Statistik der Sterbefälle,Deutschland,Insgesamt,2022,Insgesamt,25.01.,2876,e
Statistik der Sterbefälle,Deutschland,Insgesamt,2022,Insgesamt,26.01.,2934,e
Statistik der Sterbefälle,Deutschland,Insgesamt,2022,Insgesamt,27.01.,2988,e
Statistik der Sterbefälle,Deutschland,Insgesamt,2022,Insgesamt,28.01.,2892,e
Statistik der Sterbefälle,Deutschland,Insgesamt,2022,Insgesamt,29.01.,2946,e
Statistik der Sterbefälle,Deutschland,Insgesamt,2022,Insgesamt,30.01.,2745,e
Statistik der Sterbefälle,Deutschland,Insgesamt,2022,Insgesamt,31.01.,2888,e
Statistik der Sterbefälle,Deutschland,Insgesamt,2022,Insgesamt,01.02.,3021,e
Statistik der Sterbefälle,Deutschland,Insgesamt,2022,Insgesamt,02.02.,3000,e
Statistik der Sterbefälle,Deutschland,Insgesamt,2022,Insgesamt,03.02.,2943,e
Statistik der Sterbefälle,Deutschland,Insgesamt,2022,Insgesamt,04.02.,3079,e
Statistik der Sterbefälle,Deutschland,Insgesamt,2022,Insgesamt,05.02.,2866,e
Statistik der Sterbefälle,Deutschland,Insgesamt,2022,Insgesamt,06.02.,2901,e
Statistik der Sterbefälle,Deutschland,Insgesamt,2022,Insgesamt,07.02.,2916,e
Statistik der Sterbefälle,Deutschland,Insgesamt,2022,Insgesamt,08.02.,2929,e
Statistik der Sterbefälle,Deutschland,Insgesamt,2022,Insgesamt,09.02.,3013,e
Statistik der Sterbefälle,Deutschland,Insgesamt,2022,Insgesamt,10.02.,3082,e
Statistik der Sterbefälle,Deutschland,Insgesamt,2022,Insgesamt,11.02.,2879,e
Statistik der Sterbefälle,Deutschland,Insgesamt,2022,Insgesamt,12.02.,2811,e
Statistik der Sterbefälle,Deutschland,Insgesamt,2022,Insgesamt,13.02.,2865,e
Statistik der Sterbefälle,Deutschland,Insgesamt,2022,Insgesamt,14.02.,3020,e
Statistik der Sterbefälle,Deutschland,Insgesamt,2022,Insgesamt,15.02.,3075,e
Statistik der Sterbefälle,Deutschland,Insgesamt,2022,Insgesamt,16.02.,3157,e
Statistik der Sterbefälle,Deutschland,Insgesamt,2022,Insgesamt,17.02.,3045,e
Statistik der Sterbefälle,Deutschland,Insgesamt,2022,Insgesamt,18.02.,3031,e
Statistik der Sterbefälle,Deutschland,Insgesamt,2022,Insgesamt,19.02.,2892,e
Statistik der Sterbefälle,Deutschland,Insgesamt,2022,Insgesamt,20.02.,2945,e
Statistik der Sterbefälle,Deutschland,Insgesamt,2022,Insgesamt,21.02.,2977,e
Statistik der Sterbefälle,Deutschland,Insgesamt,2022,Insgesamt,22.02.,2961,e
Statistik der Sterbefälle,Deutschland,Insgesamt,2022,Insgesamt,23.02.,2909,e
Statistik der Sterbefälle,Deutschland,Insgesamt,2022,Insgesamt,24.02.,3022,e
Statistik der Sterbefälle,Deutschland,Insgesamt,2022,Insgesamt,25.02.,2899,e
Statistik der Sterbefälle,Deutschland,Insgesamt,2022,Insgesamt,26.02.,2851,e
Statistik der Sterbefälle,Deutschland,Insgesamt,2022,Insgesamt,27.02.,2756,e
Statistik der Sterbefälle,Deutschland,Insgesamt,2022,Insgesamt,28.02.,2936,e
Statistik der Sterbefälle,Deutschland,Insgesamt,2022,Insgesamt,29.02.,X,e
Statistik der Sterbefälle,Deutschland,Insgesamt,2022,Insgesamt,01.03.,3026,e
Statistik der Sterbefälle,Deutschland,Insgesamt,2022,Insgesamt,02.03.,3055,e
Statistik der Sterbefälle,Deutschland,Insgesamt,2022,Insgesamt,03.03.,3020,e
Statistik der Sterbefälle,Deutschland,Insgesamt,2022,Insgesamt,04.03.,3004,e
Statistik der Sterbefälle,Deutschland,Insgesamt,2022,Insgesamt,05.03.,2918,e
Statistik der Sterbefälle,Deutschland,Insgesamt,2022,Insgesamt,06.03.,2852,e
Statistik der Sterbefälle,Deutschland,Insgesamt,2022,Insgesamt,07.03.,2899,e
Statistik der Sterbefälle,Deutschland,Insgesamt,2022,Insgesamt,08.03.,3067,e
Statistik der Sterbefälle,Deutschland,Insgesamt,2022,Insgesamt,09.03.,3100,e
Statistik der Sterbefälle,Deutschland,Insgesamt,2022,Insgesamt,10.03.,3082,e
Statistik der Sterbefälle,Deutschland,Insgesamt,2022,Insgesamt,11.03.,3091,e
Statistik der Sterbefälle,Deutschland,Insgesamt,2022,Insgesamt,12.03.,3068,e
Statistik der Sterbefälle,Deutschland,Insgesamt,2022,Insgesamt,13.03.,2944,e
Statistik der Sterbefälle,Deutschland,Insgesamt,2022,Insgesamt,14.03.,3079,e
Statistik der Sterbefälle,Deutschland,Insgesamt,2022,Insgesamt,15.03.,3097,e
Statistik der Sterbefälle,Deutschland,Insgesamt,2022,Insgesamt,16.03.,3158,e
Statistik der Sterbefälle,Deutschland,Insgesamt,2022,Insgesamt,17.03.,3062,e
Statistik der Sterbefälle,Deutschland,Insgesamt,2022,Insgesamt,18.03.,3059,e
Statistik der Sterbefälle,Deutschland,Insgesamt,2022,Insgesamt,19.03.,2912,e
Statistik der Sterbefälle,Deutschland,Insgesamt,2022,Insgesamt,20.03.,2990,e
Statistik der Sterbefälle,Deutschland,Insgesamt,2022,Insgesamt,21.03.,3078,e
Statistik der Sterbefälle,Deutschland,Insgesamt,2022,Insgesamt,22.03.,3128,e
Statistik der Sterbefälle,Deutschland,Insgesamt,2022,Insgesamt,23.03.,3148,e
Statistik der Sterbefälle,Deutschland,Insgesamt,2022,Insgesamt,24.03.,3032,e
Statistik der Sterbefälle,Deutschland,Insgesamt,2022,Insgesamt,25.03.,3097,e
Statistik der Sterbefälle,Deutschland,Insgesamt,2022,Insgesamt,26.03.,3027,e
Statistik der Sterbefälle,Deutschland,Insgesamt,2022,Insgesamt,27.03.,2726,e
Statistik der Sterbefälle,Deutschland,Insgesamt,2022,Insgesamt,28.03.,3011,e
Statistik der Sterbefälle,Deutschland,Insgesamt,2022,Insgesamt,29.03.,3031,e
Statistik der Sterbefälle,Deutschland,Insgesamt,2022,Insgesamt,30.03.,3123,e
Statistik der Sterbefälle,Deutschland,Insgesamt,2022,Insgesamt,31.03.,2988,e
Statistik der Sterbefälle,Deutschland,Insgesamt,2022,Insgesamt,01.04.,3054,e
Statistik der Sterbefälle,Deutschland,Insgesamt,2022,Insgesamt,02.04.,2866,e
Statistik der Sterbefälle,Deutschland,Insgesamt,2022,Insgesamt,03.04.,2810,e
Statistik der Sterbefälle,Deutschland,Insgesamt,2022,Insgesamt,04.04.,3004,e
Statistik der Sterbefälle,Deutschland,Insgesamt,2022,Insgesamt,05.04.,3056,e
Statistik der Sterbefälle,Deutschland,Insgesamt,2022,Insgesamt,06.04.,3059,e
Statistik der Sterbefälle,Deutschland,Insgesamt,2022,Insgesamt,07.04.,3125,e
Statistik der Sterbefälle,Deutschland,Insgesamt,2022,Insgesamt,08.04.,3081,e
Statistik der Sterbefälle,Deutschland,Insgesamt,2022,Insgesamt,09.04.,2853,e
Statistik der Sterbefälle,Deutschland,Insgesamt,2022,Insgesamt,10.04.,2775,e
Statistik der Sterbefälle,Deutschland,Insgesamt,2022,Insgesamt,11.04.,2930,e
Statistik der Sterbefälle,Deutschland,Insgesamt,2022,Insgesamt,12.04.,2979,e
Statistik der Sterbefälle,Deutschland,Insgesamt,2022,Insgesamt,13.04.,3062,e
Statistik der Sterbefälle,Deutschland,Insgesamt,2022,Insgesamt,14.04.,3089,e
Statistik der Sterbefälle,Deutschland,Insgesamt,2022,Insgesamt,15.04.,2794,e
Statistik der Sterbefälle,Deutschland,Insgesamt,2022,Insgesamt,16.04.,2732,e
Statistik der Sterbefälle,Deutschland,Insgesamt,2022,Insgesamt,17.04.,2667,e
Statistik der Sterbefälle,Deutschland,Insgesamt,2022,Insgesamt,18.04.,2685,e
Statistik der Sterbefälle,Deutschland,Insgesamt,2022,Insgesamt,19.04.,2879,e
Statistik der Sterbefälle,Deutschland,Insgesamt,2022,Insgesamt,20.04.,2825,e
Statistik der Sterbefälle,Deutschland,Insgesamt,2022,Insgesamt,21.04.,2855,e
Statistik der Sterbefälle,Deutschland,Insgesamt,2022,Insgesamt,22.04.,2895,e
Statistik der Sterbefälle,Deutschland,Insgesamt,2022,Insgesamt,23.04.,2809,e
Statistik der Sterbefälle,Deutschland,Insgesamt,2022,Insgesamt,24.04.,2631,e
Statistik der Sterbefälle,Deutschland,Insgesamt,2022,Insgesamt,25.04.,2898,e
Statistik der Sterbefälle,Deutschland,Insgesamt,2022,Insgesamt,26.04.,2828,e
Statistik der Sterbefälle,Deutschland,Insgesamt,2022,Insgesamt,27.04.,2685,e
Statistik der Sterbefälle,Deutschland,Insgesamt,2022,Insgesamt,28.04.,2699,e
Statistik der Sterbefälle,Deutschland,Insgesamt,2022,Insgesamt,29.04.,2856,e
Statistik der Sterbefälle,Deutschland,Insgesamt,2022,Insgesamt,30.04.,2753,e
Statistik der Sterbefälle,Deutschland,Insgesamt,2022,Insgesamt,01.05.,2642,e
Statistik der Sterbefälle,Deutschland,Insgesamt,2022,Insgesamt,02.05.,2686,e
Statistik der Sterbefälle,Deutschland,Insgesamt,2022,Insgesamt,03.05.,2773,e
Statistik der Sterbefälle,Deutschland,Insgesamt,2022,Insgesamt,04.05.,2830,e
Statistik der Sterbefälle,Deutschland,Insgesamt,2022,Insgesamt,05.05.,2758,e
Statistik der Sterbefälle,Deutschland,Insgesamt,2022,Insgesamt,06.05.,2834,e
Statistik der Sterbefälle,Deutschland,Insgesamt,2022,Insgesamt,07.05.,2697,e
Statistik der Sterbefälle,Deutschland,Insgesamt,2022,Insgesamt,08.05.,2647,e
Statistik der Sterbefälle,Deutschland,Insgesamt,2022,Insgesamt,09.05.,2761,e
Statistik der Sterbefälle,Deutschland,Insgesamt,2022,Insgesamt,10.05.,2856,e
Statistik der Sterbefälle,Deutschland,Insgesamt,2022,Insgesamt,11.05.,2919,e
Statistik der Sterbefälle,Deutschland,Insgesamt,2022,Insgesamt,12.05.,2749,e
Statistik der Sterbefälle,Deutschland,Insgesamt,2022,Insgesamt,13.05.,2804,e
Statistik der Sterbefälle,Deutschland,Insgesamt,2022,Insgesamt,14.05.,2663,e
Statistik der Sterbefälle,Deutschland,Insgesamt,2022,Insgesamt,15.05.,2513,e
Statistik der Sterbefälle,Deutschland,Insgesamt,2022,Insgesamt,16.05.,2680,e
Statistik der Sterbefälle,Deutschland,Insgesamt,2022,Insgesamt,17.05.,2737,e
Statistik der Sterbefälle,Deutschland,Insgesamt,2022,Insgesamt,18.05.,2711,e
Statistik der Sterbefälle,Deutschland,Insgesamt,2022,Insgesamt,19.05.,2837,e
Statistik der Sterbefälle,Deutschland,Insgesamt,2022,Insgesamt,20.05.,2774,e
Statistik der Sterbefälle,Deutschland,Insgesamt,2022,Insgesamt,21.05.,2486,e
Statistik der Sterbefälle,Deutschland,Insgesamt,2022,Insgesamt,22.05.,2340,e
Statistik der Sterbefälle,Deutschland,Insgesamt,2022,Insgesamt,23.05.,2567,e
Statistik der Sterbefälle,Deutschland,Insgesamt,2022,Insgesamt,24.05.,2524,e
Statistik der Sterbefälle,Deutschland,Insgesamt,2022,Insgesamt,25.05.,2480,e
Statistik der Sterbefälle,Deutschland,Insgesamt,2022,Insgesamt,26.05.,2456,e
Statistik der Sterbefälle,Deutschland,Insgesamt,2022,Insgesamt,27.05.,2560,e
Statistik der Sterbefälle,Deutschland,Insgesamt,2022,Insgesamt,28.05.,2362,e
Statistik der Sterbefälle,Deutschland,Insgesamt,2022,Insgesamt,29.05.,2283,e
Statistik der Sterbefälle,Deutschland,Insgesamt,2022,Insgesamt,30.05.,2465,e
Statistik der Sterbefälle,Deutschland,Insgesamt,2022,Insgesamt,31.05.,2495,e
Statistik der Sterbefälle,Deutschland,Insgesamt,2022,Insgesamt,01.06.,2584,e
Statistik der Sterbefälle,Deutschland,Insgesamt,2022,Insgesamt,02.06.,2601,e
Statistik der Sterbefälle,Deutschland,Insgesamt,2022,Insgesamt,03.06.,2699,e
Statistik der Sterbefälle,Deutschland,Insgesamt,2022,Insgesamt,04.06.,2709,e
Statistik der Sterbefälle,Deutschland,Insgesamt,2022,Insgesamt,05.06.,2551,e
Statistik der Sterbefälle,Deutschland,Insgesamt,2022,Insgesamt,06.06.,2490,e
Statistik der Sterbefälle,Deutschland,Insgesamt,2022,Insgesamt,07.06.,2555,e
Statistik der Sterbefälle,Deutschland,Insgesamt,2022,Insgesamt,08.06.,2638,e
Statistik der Sterbefälle,Deutschland,Insgesamt,2022,Insgesamt,09.06.,2596,e
Statistik der Sterbefälle,Deutschland,Insgesamt,2022,Insgesamt,10.06.,2572,e
Statistik der Sterbefälle,Deutschland,Insgesamt,2022,Insgesamt,11.06.,2642,e
Statistik der Sterbefälle,Deutschland,Insgesamt,2022,Insgesamt,12.06.,2467,e
Statistik der Sterbefälle,Deutschland,Insgesamt,2022,Insgesamt,13.06.,2526,e
Statistik der Sterbefälle,Deutschland,Insgesamt,2022,Insgesamt,14.06.,2571,e
Statistik der Sterbefälle,Deutschland,Insgesamt,2022,Insgesamt,15.06.,2553,e
Statistik der Sterbefälle,Deutschland,Insgesamt,2022,Insgesamt,16.06.,2557,e
Statistik der Sterbefälle,Deutschland,Insgesamt,2022,Insgesamt,17.06.,2708,e
Statistik der Sterbefälle,Deutschland,Insgesamt,2022,Insgesamt,18.06.,2720,e
Statistik der Sterbefälle,Deutschland,Insgesamt,2022,Insgesamt,19.06.,2862,e
Statistik der Sterbefälle,Deutschland,Insgesamt,2022,Insgesamt,20.06.,2664,e
Statistik der Sterbefälle,Deutschland,Insgesamt,2022,Insgesamt,21.06.,2762,e
Statistik der Sterbefälle,Deutschland,Insgesamt,2022,Insgesamt,22.06.,2695,e
Statistik der Sterbefälle,Deutschland,Insgesamt,2022,Insgesamt,23.06.,2773,e
Statistik der Sterbefälle,Deutschland,Insgesamt,2022,Insgesamt,24.06.,2923,e
Statistik der Sterbefälle,Deutschland,Insgesamt,2022,Insgesamt,25.06.,2614,e
Statistik der Sterbefälle,Deutschland,Insgesamt,2022,Insgesamt,26.06.,2628,e
Statistik der Sterbefälle,Deutschland,Insgesamt,2022,Insgesamt,27.06.,2668,e
Statistik der Sterbefälle,Deutschland,Insgesamt,2022,Insgesamt,28.06.,2651,e
Statistik der Sterbefälle,Deutschland,Insgesamt,2022,Insgesamt,29.06.,2656,e
Statistik der Sterbefälle,Deutschland,Insgesamt,2022,Insgesamt,30.06.,2964,e
Statistik der Sterbefälle,Deutschland,Insgesamt,2022,Insgesamt,01.07.,2693,e
Statistik der Sterbefälle,Deutschland,Insgesamt,2022,Insgesamt,02.07.,2443,e
Statistik der Sterbefälle,Deutschland,Insgesamt,2022,Insgesamt,03.07.,2487,e
Statistik der Sterbefälle,Deutschland,Insgesamt,2022,Insgesamt,04.07.,2696,e
Statistik der Sterbefälle,Deutschland,Insgesamt,2022,Insgesamt,05.07.,2597,e
Statistik der Sterbefälle,Deutschland,Insgesamt,2022,Insgesamt,06.07.,2574,e
Statistik der Sterbefälle,Deutschland,Insgesamt,2022,Insgesamt,07.07.,2557,e
Statistik der Sterbefälle,Deutschland,Insgesamt,2022,Insgesamt,08.07.,2688,e
Statistik der Sterbefälle,Deutschland,Insgesamt,2022,Insgesamt,09.07.,2610,e
Statistik der Sterbefälle,Deutschland,Insgesamt,2022,Insgesamt,10.07.,2433,e
Statistik der Sterbefälle,Deutschland,Insgesamt,2022,Insgesamt,11.07.,2649,e
Statistik der Sterbefälle,Deutschland,Insgesamt,2022,Insgesamt,12.07.,2728,e
Statistik der Sterbefälle,Deutschland,Insgesamt,2022,Insgesamt,13.07.,2878,e
Statistik der Sterbefälle,Deutschland,Insgesamt,2022,Insgesamt,14.07.,2856,e
Statistik der Sterbefälle,Deutschland,Insgesamt,2022,Insgesamt,15.07.,2801,e
Statistik der Sterbefälle,Deutschland,Insgesamt,2022,Insgesamt,16.07.,2604,e
Statistik der Sterbefälle,Deutschland,Insgesamt,2022,Insgesamt,17.07.,2503,e
Statistik der Sterbefälle,Deutschland,Insgesamt,2022,Insgesamt,18.07.,2787,e
Statistik der Sterbefälle,Deutschland,Insgesamt,2022,Insgesamt,19.07.,3035,e
Statistik der Sterbefälle,Deutschland,Insgesamt,2022,Insgesamt,20.07.,3271,e
Statistik der Sterbefälle,Deutschland,Insgesamt,2022,Insgesamt,21.07.,3267,e
Statistik der Sterbefälle,Deutschland,Insgesamt,2022,Insgesamt,22.07.,2932,e
Statistik der Sterbefälle,Deutschland,Insgesamt,2022,Insgesamt,23.07.,2881,e
Statistik der Sterbefälle,Deutschland,Insgesamt,2022,Insgesamt,24.07.,2814,e
Statistik der Sterbefälle,Deutschland,Insgesamt,2022,Insgesamt,25.07.,3308,e
Statistik der Sterbefälle,Deutschland,Insgesamt,2022,Insgesamt,26.07.,3056,e
Statistik der Sterbefälle,Deutschland,Insgesamt,2022,Insgesamt,27.07.,2749,e
Statistik der Sterbefälle,Deutschland,Insgesamt,2022,Insgesamt,28.07.,2822,e
Statistik der Sterbefälle,Deutschland,Insgesamt,2022,Insgesamt,29.07.,2885,e
Statistik der Sterbefälle,Deutschland,Insgesamt,2022,Insgesamt,30.07.,2777,e
Statistik der Sterbefälle,Deutschland,Insgesamt,2022,Insgesamt,31.07.,2700,e
Statistik der Sterbefälle,Deutschland,Insgesamt,2022,Insgesamt,01.08.,2831,e
Statistik der Sterbefälle,Deutschland,Insgesamt,2022,Insgesamt,02.08.,2786,e
Statistik der Sterbefälle,Deutschland,Insgesamt,2022,Insgesamt,03.08.,2969,e
Statistik der Sterbefälle,Deutschland,Insgesamt,2022,Insgesamt,04.08.,3260,e
Statistik der Sterbefälle,Deutschland,Insgesamt,2022,Insgesamt,05.08.,3102,e
Statistik der Sterbefälle,Deutschland,Insgesamt,2022,Insgesamt,06.08.,2538,e
Statistik der Sterbefälle,Deutschland,Insgesamt,2022,Insgesamt,07.08.,2486,e
Statistik der Sterbefälle,Deutschland,Insgesamt,2022,Insgesamt,08.08.,2737,e
Statistik der Sterbefälle,Deutschland,Insgesamt,2022,Insgesamt,09.08.,2684,e
Statistik der Sterbefälle,Deutschland,Insgesamt,2022,Insgesamt,10.08.,2701,e
Statistik der Sterbefälle,Deutschland,Insgesamt,2022,Insgesamt,11.08.,2815,e
Statistik der Sterbefälle,Deutschland,Insgesamt,2022,Insgesamt,12.08.,2951,e
Statistik der Sterbefälle,Deutschland,Insgesamt,2022,Insgesamt,13.08.,2970,e
Statistik der Sterbefälle,Deutschland,Insgesamt,2022,Insgesamt,14.08.,2974,e
Statistik der Sterbefälle,Deutschland,Insgesamt,2022,Insgesamt,15.08.,2993,e
Statistik der Sterbefälle,Deutschland,Insgesamt,2022,Insgesamt,16.08.,3109,e
Statistik der Sterbefälle,Deutschland,Insgesamt,2022,Insgesamt,17.08.,2969,e
Statistik der Sterbefälle,Deutschland,Insgesamt,2022,Insgesamt,18.08.,2930,e
Statistik der Sterbefälle,Deutschland,Insgesamt,2022,Insgesamt,19.08.,2817,e
Statistik der Sterbefälle,Deutschland,Insgesamt,2022,Insgesamt,20.08.,2599,e
Statistik der Sterbefälle,Deutschland,Insgesamt,2022,Insgesamt,21.08.,2515,e
Statistik der Sterbefälle,Deutschland,Insgesamt,2022,Insgesamt,22.08.,2709,e
Statistik der Sterbefälle,Deutschland,Insgesamt,2022,Insgesamt,23.08.,2721,e
Statistik der Sterbefälle,Deutschland,Insgesamt,2022,Insgesamt,24.08.,2800,e
Statistik der Sterbefälle,Deutschland,Insgesamt,2022,Insgesamt,25.08.,2801,e
Statistik der Sterbefälle,Deutschland,Insgesamt,2022,Insgesamt,26.08.,2871,e
Statistik der Sterbefälle,Deutschland,Insgesamt,2022,Insgesamt,27.08.,2650,e
Statistik der Sterbefälle,Deutschland,Insgesamt,2022,Insgesamt,28.08.,2440,e
Statistik der Sterbefälle,Deutschland,Insgesamt,2022,Insgesamt,29.08.,2591,e
Statistik der Sterbefälle,Deutschland,Insgesamt,2022,Insgesamt,30.08.,2697,e
Statistik der Sterbefälle,Deutschland,Insgesamt,2022,Insgesamt,31.08.,2642,e
Statistik der Sterbefälle,Deutschland,Insgesamt,2022,Insgesamt,01.09.,2487,e
Statistik der Sterbefälle,Deutschland,Insgesamt,2022,Insgesamt,02.09.,2587,e
Statistik der Sterbefälle,Deutschland,Insgesamt,2022,Insgesamt,03.09.,2626,e
Statistik der Sterbefälle,Deutschland,Insgesamt,2022,Insgesamt,04.09.,2664,e
Statistik der Sterbefälle,Deutschland,Insgesamt,2022,Insgesamt,05.09.,2717,e
Statistik der Sterbefälle,Deutschland,Insgesamt,2022,Insgesamt,06.09.,2792,e
Statistik der Sterbefälle,Deutschland,Insgesamt,2022,Insgesamt,07.09.,2778,e
Statistik der Sterbefälle,Deutschland,Insgesamt,2022,Insgesamt,08.09.,2779,e
Statistik der Sterbefälle,Deutschland,Insgesamt,2022,Insgesamt,09.09.,2661,e
Statistik der Sterbefälle,Deutschland,Insgesamt,2022,Insgesamt,10.09.,2589,e
Statistik der Sterbefälle,Deutschland,Insgesamt,2022,Insgesamt,11.09.,2461,e
Statistik der Sterbefälle,Deutschland,Insgesamt,2022,Insgesamt,12.09.,2630,e
Statistik der Sterbefälle,Deutschland,Insgesamt,2022,Insgesamt,13.09.,2655,e
Statistik der Sterbefälle,Deutschland,Insgesamt,2022,Insgesamt,14.09.,2672,e
Statistik der Sterbefälle,Deutschland,Insgesamt,2022,Insgesamt,15.09.,2579,e
Statistik der Sterbefälle,Deutschland,Insgesamt,2022,Insgesamt,16.09.,2658,e
Statistik der Sterbefälle,Deutschland,Insgesamt,2022,Insgesamt,17.09.,2543,e
Statistik der Sterbefälle,Deutschland,Insgesamt,2022,Insgesamt,18.09.,2539,e
Statistik der Sterbefälle,Deutschland,Insgesamt,2022,Insgesamt,19.09.,2594,e
Statistik der Sterbefälle,Deutschland,Insgesamt,2022,Insgesamt,20.09.,2679,e
Statistik der Sterbefälle,Deutschland,Insgesamt,2022,Insgesamt,21.09.,2651,e
Statistik der Sterbefälle,Deutschland,Insgesamt,2022,Insgesamt,22.09.,2836,e
Statistik der Sterbefälle,Deutschland,Insgesamt,2022,Insgesamt,23.09.,2823,e
Statistik der Sterbefälle,Deutschland,Insgesamt,2022,Insgesamt,24.09.,2814,e
Statistik der Sterbefälle,Deutschland,Insgesamt,2022,Insgesamt,25.09.,2724,e
Statistik der Sterbefälle,Deutschland,Insgesamt,2022,Insgesamt,26.09.,2881,e
Statistik der Sterbefälle,Deutschland,Insgesamt,2022,Insgesamt,27.09.,2918,e
Statistik der Sterbefälle,Deutschland,Insgesamt,2022,Insgesamt,28.09.,2866,e
Statistik der Sterbefälle,Deutschland,Insgesamt,2022,Insgesamt,29.09.,2903,e
Statistik der Sterbefälle,Deutschland,Insgesamt,2022,Insgesamt,30.09.,2937,e
Statistik der Sterbefälle,Deutschland,Insgesamt,2022,Insgesamt,01.10.,3042,e
Statistik der Sterbefälle,Deutschland,Insgesamt,2022,Insgesamt,02.10.,2855,e
Statistik der Sterbefälle,Deutschland,Insgesamt,2022,Insgesamt,03.10.,2830,e
Statistik der Sterbefälle,Deutschland,Insgesamt,2022,Insgesamt,04.10.,2945,e
Statistik der Sterbefälle,Deutschland,Insgesamt,2022,Insgesamt,05.10.,2979,e
Statistik der Sterbefälle,Deutschland,Insgesamt,2022,Insgesamt,06.10.,3082,e
Statistik der Sterbefälle,Deutschland,Insgesamt,2022,Insgesamt,07.10.,3062,e
Statistik der Sterbefälle,Deutschland,Insgesamt,2022,Insgesamt,08.10.,2933,e
Statistik der Sterbefälle,Deutschland,Insgesamt,2022,Insgesamt,09.10.,2796,e
Statistik der Sterbefälle,Deutschland,Insgesamt,2022,Insgesamt,10.10.,3037,e
Statistik der Sterbefälle,Deutschland,Insgesamt,2022,Insgesamt,11.10.,3068,e
Statistik der Sterbefälle,Deutschland,Insgesamt,2022,Insgesamt,12.10.,3009,e
Statistik der Sterbefälle,Deutschland,Insgesamt,2022,Insgesamt,13.10.,3175,e
Statistik der Sterbefälle,Deutschland,Insgesamt,2022,Insgesamt,14.10.,3195,e
Statistik der Sterbefälle,Deutschland,Insgesamt,2022,Insgesamt,15.10.,3137,e
Statistik der Sterbefälle,Deutschland,Insgesamt,2022,Insgesamt,16.10.,3169,e
Statistik der Sterbefälle,Deutschland,Insgesamt,2022,Insgesamt,17.10.,3182,e
Statistik der Sterbefälle,Deutschland,Insgesamt,2022,Insgesamt,18.10.,3217,e
Statistik der Sterbefälle,Deutschland,Insgesamt,2022,Insgesamt,19.10.,3100,e
Statistik der Sterbefälle,Deutschland,Insgesamt,2022,Insgesamt,20.10.,3141,e
Statistik der Sterbefälle,Deutschland,Insgesamt,2022,Insgesamt,21.10.,3219,e
Statistik der Sterbefälle,Deutschland,Insgesamt,2022,Insgesamt,22.10.,3107,e
Statistik der Sterbefälle,Deutschland,Insgesamt,2022,Insgesamt,23.10.,2853,e
Statistik der Sterbefälle,Deutschland,Insgesamt,2022,Insgesamt,24.10.,3069,e
Statistik der Sterbefälle,Deutschland,Insgesamt,2022,Insgesamt,25.10.,3044,e
Statistik der Sterbefälle,Deutschland,Insgesamt,2022,Insgesamt,26.10.,3030,e
Statistik der Sterbefälle,Deutschland,Insgesamt,2022,Insgesamt,27.10.,3095,e
Statistik der Sterbefälle,Deutschland,Insgesamt,2022,Insgesamt,28.10.,3093,e
Statistik der Sterbefälle,Deutschland,Insgesamt,2022,Insgesamt,29.10.,3064,e
Statistik der Sterbefälle,Deutschland,Insgesamt,2022,Insgesamt,30.10.,3054,e
Statistik der Sterbefälle,Deutschland,Insgesamt,2022,Insgesamt,31.10.,2862,e
Statistik der Sterbefälle,Deutschland,Insgesamt,2022,Insgesamt,01.11.,2916,e
Statistik der Sterbefälle,Deutschland,Insgesamt,2022,Insgesamt,02.11.,2835,e
Statistik der Sterbefälle,Deutschland,Insgesamt,2022,Insgesamt,03.11.,2881,e
Statistik der Sterbefälle,Deutschland,Insgesamt,2022,Insgesamt,04.11.,2932,e
Statistik der Sterbefälle,Deutschland,Insgesamt,2022,Insgesamt,05.11.,2827,e
Statistik der Sterbefälle,Deutschland,Insgesamt,2022,Insgesamt,06.11.,2680,e
Statistik der Sterbefälle,Deutschland,Insgesamt,2022,Insgesamt,07.11.,2961,e
Statistik der Sterbefälle,Deutschland,Insgesamt,2022,Insgesamt,08.11.,3022,e
Statistik der Sterbefälle,Deutschland,Insgesamt,2022,Insgesamt,09.11.,2929,e
Statistik der Sterbefälle,Deutschland,Insgesamt,2022,Insgesamt,10.11.,3003,e
Statistik der Sterbefälle,Deutschland,Insgesamt,2022,Insgesamt,11.11.,2753,e
Statistik der Sterbefälle,Deutschland,Insgesamt,2022,Insgesamt,12.11.,2734,e
Statistik der Sterbefälle,Deutschland,Insgesamt,2022,Insgesamt,13.11.,2786,e
Statistik der Sterbefälle,Deutschland,Insgesamt,2022,Insgesamt,14.11.,2927,e
Statistik der Sterbefälle,Deutschland,Insgesamt,2022,Insgesamt,15.11.,3053,e
Statistik der Sterbefälle,Deutschland,Insgesamt,2022,Insgesamt,16.11.,2937,e
Statistik der Sterbefälle,Deutschland,Insgesamt,2022,Insgesamt,17.11.,2955,e
Statistik der Sterbefälle,Deutschland,Insgesamt,2022,Insgesamt,18.11.,3115,e
Statistik der Sterbefälle,Deutschland,Insgesamt,2022,Insgesamt,19.11.,3010,e
Statistik der Sterbefälle,Deutschland,Insgesamt,2022,Insgesamt,20.11.,2828,e
Statistik der Sterbefälle,Deutschland,Insgesamt,2022,Insgesamt,21.11.,3009,e
Statistik der Sterbefälle,Deutschland,Insgesamt,2022,Insgesamt,22.11.,3178,e
Statistik der Sterbefälle,Deutschland,Insgesamt,2022,Insgesamt,23.11.,3083,e
Statistik der Sterbefälle,Deutschland,Insgesamt,2022,Insgesamt,24.11.,3068,e
Statistik der Sterbefälle,Deutschland,Insgesamt,2022,Insgesamt,25.11.,3175,e
Statistik der Sterbefälle,Deutschland,Insgesamt,2022,Insgesamt,26.11.,2964,e
Statistik der Sterbefälle,Deutschland,Insgesamt,2022,Insgesamt,27.11.,2974,e
Statistik der Sterbefälle,Deutschland,Insgesamt,2022,Insgesamt,28.11.,3147,e
Statistik der Sterbefälle,Deutschland,Insgesamt,2022,Insgesamt,29.11.,3159,e
Statistik der Sterbefälle,Deutschland,Insgesamt,2022,Insgesamt,30.11.,3187,e
Statistik der Sterbefälle,Deutschland,Insgesamt,2022,Insgesamt,01.12.,3170,e
Statistik der Sterbefälle,Deutschland,Insgesamt,2022,Insgesamt,02.12.,3299,e
Statistik der Sterbefälle,Deutschland,Insgesamt,2022,Insgesamt,03.12.,3104,e
Statistik der Sterbefälle,Deutschland,Insgesamt,2022,Insgesamt,04.12.,3207,e
Statistik der Sterbefälle,Deutschland,Insgesamt,2022,Insgesamt,05.12.,3272,e
Statistik der Sterbefälle,Deutschland,Insgesamt,2022,Insgesamt,06.12.,3477,e
Statistik der Sterbefälle,Deutschland,Insgesamt,2022,Insgesamt,07.12.,3386,e
Statistik der Sterbefälle,Deutschland,Insgesamt,2022,Insgesamt,08.12.,3447,e
Statistik der Sterbefälle,Deutschland,Insgesamt,2022,Insgesamt,09.12.,3573,e
Statistik der Sterbefälle,Deutschland,Insgesamt,2022,Insgesamt,10.12.,3572,e
Statistik der Sterbefälle,Deutschland,Insgesamt,2022,Insgesamt,11.12.,3398,e
Statistik der Sterbefälle,Deutschland,Insgesamt,2022,Insgesamt,12.12.,3550,e
Statistik der Sterbefälle,Deutschland,Insgesamt,2022,Insgesamt,13.12.,3674,e
Statistik der Sterbefälle,Deutschland,Insgesamt,2022,Insgesamt,14.12.,3760,e
Statistik der Sterbefälle,Deutschland,Insgesamt,2022,Insgesamt,15.12.,3654,e
Statistik der Sterbefälle,Deutschland,Insgesamt,2022,Insgesamt,16.12.,3969,e
Statistik der Sterbefälle,Deutschland,Insgesamt,2022,Insgesamt,17.12.,3773,e
Statistik der Sterbefälle,Deutschland,Insgesamt,2022,Insgesamt,18.12.,3597,e
Statistik der Sterbefälle,Deutschland,Insgesamt,2022,Insgesamt,19.12.,4035,e
Statistik der Sterbefälle,Deutschland,Insgesamt,2022,Insgesamt,20.12.,4225,e
Statistik der Sterbefälle,Deutschland,Insgesamt,2022,Insgesamt,21.12.,4175,e
Statistik der Sterbefälle,Deutschland,Insgesamt,2022,Insgesamt,22.12.,4211,e
Statistik der Sterbefälle,Deutschland,Insgesamt,2022,Insgesamt,23.12.,4174,e
Statistik der Sterbefälle,Deutschland,Insgesamt,2022,Insgesamt,24.12.,3983,e
Statistik der Sterbefälle,Deutschland,Insgesamt,2022,Insgesamt,25.12.,3879,e
Statistik der Sterbefälle,Deutschland,Insgesamt,2022,Insgesamt,26.12.,3905,e
Statistik der Sterbefälle,Deutschland,Insgesamt,2022,Insgesamt,27.12.,3857,e
Statistik der Sterbefälle,Deutschland,Insgesamt,2022,Insgesamt,28.12.,3956,e
Statistik der Sterbefälle,Deutschland,Insgesamt,2022,Insgesamt,29.12.,3866,e
Statistik der Sterbefälle,Deutschland,Insgesamt,2022,Insgesamt,30.12.,4010,e
Statistik der Sterbefälle,Deutschland,Insgesamt,2022,Insgesamt,31.12.,3899,e
Statistik der Sterbefälle,Deutschland,Insgesamt,2023,Insgesamt,Insgesamt,1028206,e
Statistik der Sterbefälle,Deutschland,Insgesamt,2023,Insgesamt,01.01.,3798,e
Statistik der Sterbefälle,Deutschland,Insgesamt,2023,Insgesamt,02.01.,3955,e
Statistik der Sterbefälle,Deutschland,Insgesamt,2023,Insgesamt,03.01.,3722,e
Statistik der Sterbefälle,Deutschland,Insgesamt,2023,Insgesamt,04.01.,3721,e
Statistik der Sterbefälle,Deutschland,Insgesamt,2023,Insgesamt,05.01.,3769,e
Statistik der Sterbefälle,Deutschland,Insgesamt,2023,Insgesamt,06.01.,3547,e
Statistik der Sterbefälle,Deutschland,Insgesamt,2023,Insgesamt,07.01.,3469,e
Statistik der Sterbefälle,Deutschland,Insgesamt,2023,Insgesamt,08.01.,3281,e
Statistik der Sterbefälle,Deutschland,Insgesamt,2023,Insgesamt,09.01.,3417,e
Statistik der Sterbefälle,Deutschland,Insgesamt,2023,Insgesamt,10.01.,3235,e
Statistik der Sterbefälle,Deutschland,Insgesamt,2023,Insgesamt,11.01.,3401,e
Statistik der Sterbefälle,Deutschland,Insgesamt,2023,Insgesamt,12.01.,3258,e
Statistik der Sterbefälle,Deutschland,Insgesamt,2023,Insgesamt,13.01.,3280,e
Statistik der Sterbefälle,Deutschland,Insgesamt,2023,Insgesamt,14.01.,3068,e
Statistik der Sterbefälle,Deutschland,Insgesamt,2023,Insgesamt,15.01.,3054,e
Statistik der Sterbefälle,Deutschland,Insgesamt,2023,Insgesamt,16.01.,3088,e
Statistik der Sterbefälle,Deutschland,Insgesamt,2023,Insgesamt,17.01.,3179,e
Statistik der Sterbefälle,Deutschland,Insgesamt,2023,Insgesamt,18.01.,3071,e
Statistik der Sterbefälle,Deutschland,Insgesamt,2023,Insgesamt,19.01.,3078,e
Statistik der Sterbefälle,Deutschland,Insgesamt,2023,Insgesamt,20.01.,3114,e
Statistik der Sterbefälle,Deutschland,Insgesamt,2023,Insgesamt,21.01.,2897,e
Statistik der Sterbefälle,Deutschland,Insgesamt,2023,Insgesamt,22.01.,2826,e
Statistik der Sterbefälle,Deutschland,Insgesamt,2023,Insgesamt,23.01.,3064,e
Statistik der Sterbefälle,Deutschland,Insgesamt,2023,Insgesamt,24.01.,2918,e
Statistik der Sterbefälle,Deutschland,Insgesamt,2023,Insgesamt,25.01.,3046,e
Statistik der Sterbefälle,Deutschland,Insgesamt,2023,Insgesamt,26.01.,2961,e
Statistik der Sterbefälle,Deutschland,Insgesamt,2023,Insgesamt,27.01.,2969,e
Statistik der Sterbefälle,Deutschland,Insgesamt,2023,Insgesamt,28.01.,2944,e
Statistik der Sterbefälle,Deutschland,Insgesamt,2023,Insgesamt,29.01.,2755,e
Statistik der Sterbefälle,Deutschland,Insgesamt,2023,Insgesamt,30.01.,2937,e
Statistik der Sterbefälle,Deutschland,Insgesamt,2023,Insgesamt,31.01.,3055,e
Statistik der Sterbefälle,Deutschland,Insgesamt,2023,Insgesamt,01.02.,3077,e
Statistik der Sterbefälle,Deutschland,Insgesamt,2023,Insgesamt,02.02.,3136,e
Statistik der Sterbefälle,Deutschland,Insgesamt,2023,Insgesamt,03.02.,3047,e
Statistik der Sterbefälle,Deutschland,Insgesamt,2023,Insgesamt,04.02.,2956,e
Statistik der Sterbefälle,Deutschland,Insgesamt,2023,Insgesamt,05.02.,2875,e
Statistik der Sterbefälle,Deutschland,Insgesamt,2023,Insgesamt,06.02.,2917,e
Statistik der Sterbefälle,Deutschland,Insgesamt,2023,Insgesamt,07.02.,2878,e
Statistik der Sterbefälle,Deutschland,Insgesamt,2023,Insgesamt,08.02.,2993,e
Statistik der Sterbefälle,Deutschland,Insgesamt,2023,Insgesamt,09.02.,2902,e
Statistik der Sterbefälle,Deutschland,Insgesamt,2023,Insgesamt,10.02.,3037,e
Statistik der Sterbefälle,Deutschland,Insgesamt,2023,Insgesamt,11.02.,2996,e
Statistik der Sterbefälle,Deutschland,Insgesamt,2023,Insgesamt,12.02.,2824,e
Statistik der Sterbefälle,Deutschland,Insgesamt,2023,Insgesamt,13.02.,2990,e
Statistik der Sterbefälle,Deutschland,Insgesamt,2023,Insgesamt,14.02.,3039,e
Statistik der Sterbefälle,Deutschland,Insgesamt,2023,Insgesamt,15.02.,2938,e
Statistik der Sterbefälle,Deutschland,Insgesamt,2023,Insgesamt,16.02.,3062,e
Statistik der Sterbefälle,Deutschland,Insgesamt,2023,Insgesamt,17.02.,3098,e
Statistik der Sterbefälle,Deutschland,Insgesamt,2023,Insgesamt,18.02.,3014,e
Statistik der Sterbefälle,Deutschland,Insgesamt,2023,Insgesamt,19.02.,2855,e
Statistik der Sterbefälle,Deutschland,Insgesamt,2023,Insgesamt,20.02.,3002,e
Statistik der Sterbefälle,Deutschland,Insgesamt,2023,Insgesamt,21.02.,3015,e
Statistik der Sterbefälle,Deutschland,Insgesamt,2023,Insgesamt,22.02.,3037,e
Statistik der Sterbefälle,Deutschland,Insgesamt,2023,Insgesamt,23.02.,2981,e
Statistik der Sterbefälle,Deutschland,Insgesamt,2023,Insgesamt,24.02.,3098,e
Statistik der Sterbefälle,Deutschland,Insgesamt,2023,Insgesamt,25.02.,2915,e
Statistik der Sterbefälle,Deutschland,Insgesamt,2023,Insgesamt,26.02.,2853,e
Statistik der Sterbefälle,Deutschland,Insgesamt,2023,Insgesamt,27.02.,2939,e
Statistik der Sterbefälle,Deutschland,Insgesamt,2023,Insgesamt,28.02.,2957,e
Statistik der Sterbefälle,Deutschland,Insgesamt,2023,Insgesamt,29.02.,X,e
Statistik der Sterbefälle,Deutschland,Insgesamt,2023,Insgesamt,01.03.,3074,e
Statistik der Sterbefälle,Deutschland,Insgesamt,2023,Insgesamt,02.03.,3207,e
Statistik der Sterbefälle,Deutschland,Insgesamt,2023,Insgesamt,03.03.,3031,e
Statistik der Sterbefälle,Deutschland,Insgesamt,2023,Insgesamt,04.03.,2966,e
Statistik der Sterbefälle,Deutschland,Insgesamt,2023,Insgesamt,05.03.,2879,e
Statistik der Sterbefälle,Deutschland,Insgesamt,2023,Insgesamt,06.03.,3037,e
Statistik der Sterbefälle,Deutschland,Insgesamt,2023,Insgesamt,07.03.,3187,e
Statistik der Sterbefälle,Deutschland,Insgesamt,2023,Insgesamt,08.03.,3108,e
Statistik der Sterbefälle,Deutschland,Insgesamt,2023,Insgesamt,09.03.,3212,e
Statistik der Sterbefälle,Deutschland,Insgesamt,2023,Insgesamt,10.03.,3360,e
Statistik der Sterbefälle,Deutschland,Insgesamt,2023,Insgesamt,11.03.,3058,e
Statistik der Sterbefälle,Deutschland,Insgesamt,2023,Insgesamt,12.03.,2973,e
Statistik der Sterbefälle,Deutschland,Insgesamt,2023,Insgesamt,13.03.,3324,e
Statistik der Sterbefälle,Deutschland,Insgesamt,2023,Insgesamt,14.03.,3141,e
Statistik der Sterbefälle,Deutschland,Insgesamt,2023,Insgesamt,15.03.,3081,e
Statistik der Sterbefälle,Deutschland,Insgesamt,2023,Insgesamt,16.03.,2992,e
Statistik der Sterbefälle,Deutschland,Insgesamt,2023,Insgesamt,17.03.,3164,e
Statistik der Sterbefälle,Deutschland,Insgesamt,2023,Insgesamt,18.03.,3152,e
Statistik der Sterbefälle,Deutschland,Insgesamt,2023,Insgesamt,19.03.,2974,e
Statistik der Sterbefälle,Deutschland,Insgesamt,2023,Insgesamt,20.03.,3200,e
Statistik der Sterbefälle,Deutschland,Insgesamt,2023,Insgesamt,21.03.,3120,e
Statistik der Sterbefälle,Deutschland,Insgesamt,2023,Insgesamt,22.03.,3111,e
Statistik der Sterbefälle,Deutschland,Insgesamt,2023,Insgesamt,23.03.,3120,e
Statistik der Sterbefälle,Deutschland,Insgesamt,2023,Insgesamt,24.03.,3128,e
Statistik der Sterbefälle,Deutschland,Insgesamt,2023,Insgesamt,25.03.,2910,e
Statistik der Sterbefälle,Deutschland,Insgesamt,2023,Insgesamt,26.03.,2743,e
Statistik der Sterbefälle,Deutschland,Insgesamt,2023,Insgesamt,27.03.,3018,e
Statistik der Sterbefälle,Deutschland,Insgesamt,2023,Insgesamt,28.03.,2962,e
Statistik der Sterbefälle,Deutschland,Insgesamt,2023,Insgesamt,29.03.,2916,e
Statistik der Sterbefälle,Deutschland,Insgesamt,2023,Insgesamt,30.03.,2975,e
Statistik der Sterbefälle,Deutschland,Insgesamt,2023,Insgesamt,31.03.,3131,e
Statistik der Sterbefälle,Deutschland,Insgesamt,2023,Insgesamt,01.04.,2967,e
Statistik der Sterbefälle,Deutschland,Insgesamt,2023,Insgesamt,02.04.,2761,e
Statistik der Sterbefälle,Deutschland,Insgesamt,2023,Insgesamt,03.04.,2837,e
Statistik der Sterbefälle,Deutschland,Insgesamt,2023,Insgesamt,04.04.,2869,e
Statistik der Sterbefälle,Deutschland,Insgesamt,2023,Insgesamt,05.04.,2886,e
Statistik der Sterbefälle,Deutschland,Insgesamt,2023,Insgesamt,06.04.,2915,e
Statistik der Sterbefälle,Deutschland,Insgesamt,2023,Insgesamt,07.04.,2902,e
Statistik der Sterbefälle,Deutschland,Insgesamt,2023,Insgesamt,08.04.,2790,e
Statistik der Sterbefälle,Deutschland,Insgesamt,2023,Insgesamt,09.04.,2775,e
Statistik der Sterbefälle,Deutschland,Insgesamt,2023,Insgesamt,10.04.,2682,e
Statistik der Sterbefälle,Deutschland,Insgesamt,2023,Insgesamt,11.04.,2935,e
Statistik der Sterbefälle,Deutschland,Insgesamt,2023,Insgesamt,12.04.,2997,e
Statistik der Sterbefälle,Deutschland,Insgesamt,2023,Insgesamt,13.04.,3051,e
Statistik der Sterbefälle,Deutschland,Insgesamt,2023,Insgesamt,14.04.,2923,e
Statistik der Sterbefälle,Deutschland,Insgesamt,2023,Insgesamt,15.04.,2852,e
Statistik der Sterbefälle,Deutschland,Insgesamt,2023,Insgesamt,16.04.,2717,e
Statistik der Sterbefälle,Deutschland,Insgesamt,2023,Insgesamt,17.04.,2826,e
Statistik der Sterbefälle,Deutschland,Insgesamt,2023,Insgesamt,18.04.,2855,e
Statistik der Sterbefälle,Deutschland,Insgesamt,2023,Insgesamt,19.04.,2822,e
Statistik der Sterbefälle,Deutschland,Insgesamt,2023,Insgesamt,20.04.,2763,e
Statistik der Sterbefälle,Deutschland,Insgesamt,2023,Insgesamt,21.04.,2892,e
Statistik der Sterbefälle,Deutschland,Insgesamt,2023,Insgesamt,22.04.,2923,e
Statistik der Sterbefälle,Deutschland,Insgesamt,2023,Insgesamt,23.04.,2780,e
Statistik der Sterbefälle,Deutschland,Insgesamt,2023,Insgesamt,24.04.,2842,e
Statistik der Sterbefälle,Deutschland,Insgesamt,2023,Insgesamt,25.04.,2821,e
Statistik der Sterbefälle,Deutschland,Insgesamt,2023,Insgesamt,26.04.,2715,e
Statistik der Sterbefälle,Deutschland,Insgesamt,2023,Insgesamt,27.04.,2662,e
Statistik der Sterbefälle,Deutschland,Insgesamt,2023,Insgesamt,28.04.,2798,e
Statistik der Sterbefälle,Deutschland,Insgesamt,2023,Insgesamt,29.04.,2832,e
Statistik der Sterbefälle,Deutschland,Insgesamt,2023,Insgesamt,30.04.,2640,e
Statistik der Sterbefälle,Deutschland,Insgesamt,2023,Insgesamt,01.05.,2684,e
Statistik der Sterbefälle,Deutschland,Insgesamt,2023,Insgesamt,02.05.,2684,e
Statistik der Sterbefälle,Deutschland,Insgesamt,2023,Insgesamt,03.05.,2658,e
Statistik der Sterbefälle,Deutschland,Insgesamt,2023,Insgesamt,04.05.,2913,e
Statistik der Sterbefälle,Deutschland,Insgesamt,2023,Insgesamt,05.05.,2837,e
Statistik der Sterbefälle,Deutschland,Insgesamt,2023,Insgesamt,06.05.,2703,e
Statistik der Sterbefälle,Deutschland,Insgesamt,2023,Insgesamt,07.05.,2576,e
Statistik der Sterbefälle,Deutschland,Insgesamt,2023,Insgesamt,08.05.,2774,e
Statistik der Sterbefälle,Deutschland,Insgesamt,2023,Insgesamt,09.05.,2849,e
Statistik der Sterbefälle,Deutschland,Insgesamt,2023,Insgesamt,10.05.,2843,e
Statistik der Sterbefälle,Deutschland,Insgesamt,2023,Insgesamt,11.05.,2656,e
Statistik der Sterbefälle,Deutschland,Insgesamt,2023,Insgesamt,12.05.,2678,e
Statistik der Sterbefälle,Deutschland,Insgesamt,2023,Insgesamt,13.05.,2580,e
Statistik der Sterbefälle,Deutschland,Insgesamt,2023,Insgesamt,14.05.,2516,e
Statistik der Sterbefälle,Deutschland,Insgesamt,2023,Insgesamt,15.05.,2725,e
Statistik der Sterbefälle,Deutschland,Insgesamt,2023,Insgesamt,16.05.,2694,e
Statistik der Sterbefälle,Deutschland,Insgesamt,2023,Insgesamt,17.05.,2518,e
Statistik der Sterbefälle,Deutschland,Insgesamt,2023,Insgesamt,18.05.,2529,e
Statistik der Sterbefälle,Deutschland,Insgesamt,2023,Insgesamt,19.05.,2635,e
Statistik der Sterbefälle,Deutschland,Insgesamt,2023,Insgesamt,20.05.,2585,e
Statistik der Sterbefälle,Deutschland,Insgesamt,2023,Insgesamt,21.05.,2699,e
Statistik der Sterbefälle,Deutschland,Insgesamt,2023,Insgesamt,22.05.,2935,e
Statistik der Sterbefälle,Deutschland,Insgesamt,2023,Insgesamt,23.05.,2649,e
Statistik der Sterbefälle,Deutschland,Insgesamt,2023,Insgesamt,24.05.,2589,e
Statistik der Sterbefälle,Deutschland,Insgesamt,2023,Insgesamt,25.05.,2638,e
Statistik der Sterbefälle,Deutschland,Insgesamt,2023,Insgesamt,26.05.,2578,e
Statistik der Sterbefälle,Deutschland,Insgesamt,2023,Insgesamt,27.05.,2522,e
Statistik der Sterbefälle,Deutschland,Insgesamt,2023,Insgesamt,28.05.,2505,e
Statistik der Sterbefälle,Deutschland,Insgesamt,2023,Insgesamt,29.05.,2465,e
Statistik der Sterbefälle,Deutschland,Insgesamt,2023,Insgesamt,30.05.,2566,e
Statistik der Sterbefälle,Deutschland,Insgesamt,2023,Insgesamt,31.05.,2720,e
Statistik der Sterbefälle,Deutschland,Insgesamt,2023,Insgesamt,01.06.,2746,e
Statistik der Sterbefälle,Deutschland,Insgesamt,2023,Insgesamt,02.06.,2636,e
Statistik der Sterbefälle,Deutschland,Insgesamt,2023,Insgesamt,03.06.,2422,e
Statistik der Sterbefälle,Deutschland,Insgesamt,2023,Insgesamt,04.06.,2477,e
Statistik der Sterbefälle,Deutschland,Insgesamt,2023,Insgesamt,05.06.,2643,e
Statistik der Sterbefälle,Deutschland,Insgesamt,2023,Insgesamt,06.06.,2591,e
Statistik der Sterbefälle,Deutschland,Insgesamt,2023,Insgesamt,07.06.,2711,e
Statistik der Sterbefälle,Deutschland,Insgesamt,2023,Insgesamt,08.06.,2559,e
Statistik der Sterbefälle,Deutschland,Insgesamt,2023,Insgesamt,09.06.,2793,e
Statistik der Sterbefälle,Deutschland,Insgesamt,2023,Insgesamt,10.06.,2551,e
Statistik der Sterbefälle,Deutschland,Insgesamt,2023,Insgesamt,11.06.,2541,e
Statistik der Sterbefälle,Deutschland,Insgesamt,2023,Insgesamt,12.06.,2554,e
Statistik der Sterbefälle,Deutschland,Insgesamt,2023,Insgesamt,13.06.,2538,e
Statistik der Sterbefälle,Deutschland,Insgesamt,2023,Insgesamt,14.06.,2617,e
Statistik der Sterbefälle,Deutschland,Insgesamt,2023,Insgesamt,15.06.,2607,e
Statistik der Sterbefälle,Deutschland,Insgesamt,2023,Insgesamt,16.06.,2546,e
Statistik der Sterbefälle,Deutschland,Insgesamt,2023,Insgesamt,17.06.,2501,e
Statistik der Sterbefälle,Deutschland,Insgesamt,2023,Insgesamt,18.06.,2494,e
Statistik der Sterbefälle,Deutschland,Insgesamt,2023,Insgesamt,19.06.,2715,e
Statistik der Sterbefälle,Deutschland,Insgesamt,2023,Insgesamt,20.06.,2657,e
Statistik der Sterbefälle,Deutschland,Insgesamt,2023,Insgesamt,21.06.,2776,e
Statistik der Sterbefälle,Deutschland,Insgesamt,2023,Insgesamt,22.06.,2657,e
Statistik der Sterbefälle,Deutschland,Insgesamt,2023,Insgesamt,23.06.,2549,e
Statistik der Sterbefälle,Deutschland,Insgesamt,2023,Insgesamt,24.06.,2438,e
Statistik der Sterbefälle,Deutschland,Insgesamt,2023,Insgesamt,25.06.,2305,e
Statistik der Sterbefälle,Deutschland,Insgesamt,2023,Insgesamt,26.06.,2570,e
Statistik der Sterbefälle,Deutschland,Insgesamt,2023,Insgesamt,27.06.,2399,e
Statistik der Sterbefälle,Deutschland,Insgesamt,2023,Insgesamt,28.06.,2436,e
Statistik der Sterbefälle,Deutschland,Insgesamt,2023,Insgesamt,29.06.,2558,e
Statistik der Sterbefälle,Deutschland,Insgesamt,2023,Insgesamt,30.06.,2490,e
Statistik der Sterbefälle,Deutschland,Insgesamt,2023,Insgesamt,01.07.,2356,e
Statistik der Sterbefälle,Deutschland,Insgesamt,2023,Insgesamt,02.07.,2250,e
Statistik der Sterbefälle,Deutschland,Insgesamt,2023,Insgesamt,03.07.,2315,e
Statistik der Sterbefälle,Deutschland,Insgesamt,2023,Insgesamt,04.07.,2429,e
Statistik der Sterbefälle,Deutschland,Insgesamt,2023,Insgesamt,05.07.,2441,e
Statistik der Sterbefälle,Deutschland,Insgesamt,2023,Insgesamt,06.07.,2422,e
Statistik der Sterbefälle,Deutschland,Insgesamt,2023,Insgesamt,07.07.,2453,e
Statistik der Sterbefälle,Deutschland,Insgesamt,2023,Insgesamt,08.07.,2490,e
Statistik der Sterbefälle,Deutschland,Insgesamt,2023,Insgesamt,09.07.,2618,e
Statistik der Sterbefälle,Deutschland,Insgesamt,2023,Insgesamt,10.07.,2673,e
Statistik der Sterbefälle,Deutschland,Insgesamt,2023,Insgesamt,11.07.,2626,e
Statistik der Sterbefälle,Deutschland,Insgesamt,2023,Insgesamt,12.07.,2652,e
Statistik der Sterbefälle,Deutschland,Insgesamt,2023,Insgesamt,13.07.,2396,e
Statistik der Sterbefälle,Deutschland,Insgesamt,2023,Insgesamt,14.07.,2567,e
Statistik der Sterbefälle,Deutschland,Insgesamt,2023,Insgesamt,15.07.,2491,e
Statistik der Sterbefälle,Deutschland,Insgesamt,2023,Insgesamt,16.07.,2353,e
Statistik der Sterbefälle,Deutschland,Insgesamt,2023,Insgesamt,17.07.,2383,e
Statistik der Sterbefälle,Deutschland,Insgesamt,2023,Insgesamt,18.07.,2464,e
Statistik der Sterbefälle,Deutschland,Insgesamt,2023,Insgesamt,19.07.,2487,e
Statistik der Sterbefälle,Deutschland,Insgesamt,2023,Insgesamt,20.07.,2514,e
Statistik der Sterbefälle,Deutschland,Insgesamt,2023,Insgesamt,21.07.,2337,e
Statistik der Sterbefälle,Deutschland,Insgesamt,2023,Insgesamt,22.07.,2288,e
Statistik der Sterbefälle,Deutschland,Insgesamt,2023,Insgesamt,23.07.,2306,e
Statistik der Sterbefälle,Deutschland,Insgesamt,2023,Insgesamt,24.07.,2531,e
Statistik der Sterbefälle,Deutschland,Insgesamt,2023,Insgesamt,25.07.,2398,e
Statistik der Sterbefälle,Deutschland,Insgesamt,2023,Insgesamt,26.07.,2369,e
Statistik der Sterbefälle,Deutschland,Insgesamt,2023,Insgesamt,27.07.,2395,e
Statistik der Sterbefälle,Deutschland,Insgesamt,2023,Insgesamt,28.07.,2522,e
Statistik der Sterbefälle,Deutschland,Insgesamt,2023,Insgesamt,29.07.,2498,e
Statistik der Sterbefälle,Deutschland,Insgesamt,2023,Insgesamt,30.07.,2263,e
Statistik der Sterbefälle,Deutschland,Insgesamt,2023,Insgesamt,31.07.,2207,e
Statistik der Sterbefälle,Deutschland,Insgesamt,2023,Insgesamt,01.08.,2478,e
Statistik der Sterbefälle,Deutschland,Insgesamt,2023,Insgesamt,02.08.,2447,e
Statistik der Sterbefälle,Deutschland,Insgesamt,2023,Insgesamt,03.08.,2574,e
Statistik der Sterbefälle,Deutschland,Insgesamt,2023,Insgesamt,04.08.,2481,e
Statistik der Sterbefälle,Deutschland,Insgesamt,2023,Insgesamt,05.08.,2356,e
Statistik der Sterbefälle,Deutschland,Insgesamt,2023,Insgesamt,06.08.,2342,e
Statistik der Sterbefälle,Deutschland,Insgesamt,2023,Insgesamt,07.08.,2361,e
Statistik der Sterbefälle,Deutschland,Insgesamt,2023,Insgesamt,08.08.,2374,e
Statistik der Sterbefälle,Deutschland,Insgesamt,2023,Insgesamt,09.08.,2456,e
Statistik der Sterbefälle,Deutschland,Insgesamt,2023,Insgesamt,10.08.,2511,e
Statistik der Sterbefälle,Deutschland,Insgesamt,2023,Insgesamt,11.08.,2557,e
Statistik der Sterbefälle,Deutschland,Insgesamt,2023,Insgesamt,12.08.,2693,e
Statistik der Sterbefälle,Deutschland,Insgesamt,2023,Insgesamt,13.08.,2527,e
Statistik der Sterbefälle,Deutschland,Insgesamt,2023,Insgesamt,14.08.,2544,e
Statistik der Sterbefälle,Deutschland,Insgesamt,2023,Insgesamt,15.08.,2705,e
Statistik der Sterbefälle,Deutschland,Insgesamt,2023,Insgesamt,16.08.,2688,e
Statistik der Sterbefälle,Deutschland,Insgesamt,2023,Insgesamt,17.08.,2634,e
Statistik der Sterbefälle,Deutschland,Insgesamt,2023,Insgesamt,18.08.,2677,e
Statistik der Sterbefälle,Deutschland,Insgesamt,2023,Insgesamt,19.08.,2688,e
Statistik der Sterbefälle,Deutschland,Insgesamt,2023,Insgesamt,20.08.,2562,e
Statistik der Sterbefälle,Deutschland,Insgesamt,2023,Insgesamt,21.08.,2680,e
Statistik der Sterbefälle,Deutschland,Insgesamt,2023,Insgesamt,22.08.,2655,e
Statistik der Sterbefälle,Deutschland,Insgesamt,2023,Insgesamt,23.08.,2681,e
Statistik der Sterbefälle,Deutschland,Insgesamt,2023,Insgesamt,24.08.,2657,e
Statistik der Sterbefälle,Deutschland,Insgesamt,2023,Insgesamt,25.08.,2707,e
Statistik der Sterbefälle,Deutschland,Insgesamt,2023,Insgesamt,26.08.,2460,e
Statistik der Sterbefälle,Deutschland,Insgesamt,2023,Insgesamt,27.08.,2319,e
Statistik der Sterbefälle,Deutschland,Insgesamt,2023,Insgesamt,28.08.,2316,e
Statistik der Sterbefälle,Deutschland,Insgesamt,2023,Insgesamt,29.08.,2443,e
Statistik der Sterbefälle,Deutschland,Insgesamt,2023,Insgesamt,30.08.,2405,e
Statistik der Sterbefälle,Deutschland,Insgesamt,2023,Insgesamt,31.08.,2447,e
Statistik der Sterbefälle,Deutschland,Insgesamt,2023,Insgesamt,01.09.,2427,e
Statistik der Sterbefälle,Deutschland,Insgesamt,2023,Insgesamt,02.09.,2373,e
Statistik der Sterbefälle,Deutschland,Insgesamt,2023,Insgesamt,03.09.,2361,e
Statistik der Sterbefälle,Deutschland,Insgesamt,2023,Insgesamt,04.09.,2527,e
Statistik der Sterbefälle,Deutschland,Insgesamt,2023,Insgesamt,05.09.,2550,e
Statistik der Sterbefälle,Deutschland,Insgesamt,2023,Insgesamt,06.09.,2541,e
Statistik der Sterbefälle,Deutschland,Insgesamt,2023,Insgesamt,07.09.,2656,e
Statistik der Sterbefälle,Deutschland,Insgesamt,2023,Insgesamt,08.09.,2570,e
Statistik der Sterbefälle,Deutschland,Insgesamt,2023,Insgesamt,09.09.,2681,e
Statistik der Sterbefälle,Deutschland,Insgesamt,2023,Insgesamt,10.09.,2626,e
Statistik der Sterbefälle,Deutschland,Insgesamt,2023,Insgesamt,11.09.,2651,e
Statistik der Sterbefälle,Deutschland,Insgesamt,2023,Insgesamt,12.09.,2666,e
Statistik der Sterbefälle,Deutschland,Insgesamt,2023,Insgesamt,13.09.,2664,e
Statistik der Sterbefälle,Deutschland,Insgesamt,2023,Insgesamt,14.09.,2461,e
Statistik der Sterbefälle,Deutschland,Insgesamt,2023,Insgesamt,15.09.,2465,e
Statistik der Sterbefälle,Deutschland,Insgesamt,2023,Insgesamt,16.09.,2569,e
Statistik der Sterbefälle,Deutschland,Insgesamt,2023,Insgesamt,17.09.,2452,e
Statistik der Sterbefälle,Deutschland,Insgesamt,2023,Insgesamt,18.09.,2598,e
Statistik der Sterbefälle,Deutschland,Insgesamt,2023,Insgesamt,19.09.,2525,e
Statistik der Sterbefälle,Deutschland,Insgesamt,2023,Insgesamt,20.09.,2504,e
Statistik der Sterbefälle,Deutschland,Insgesamt,2023,Insgesamt,21.09.,2577,e
Statistik der Sterbefälle,Deutschland,Insgesamt,2023,Insgesamt,22.09.,2584,e
Statistik der Sterbefälle,Deutschland,Insgesamt,2023,Insgesamt,23.09.,2366,e
Statistik der Sterbefälle,Deutschland,Insgesamt,2023,Insgesamt,24.09.,2238,e
Statistik der Sterbefälle,Deutschland,Insgesamt,2023,Insgesamt,25.09.,2452,e
Statistik der Sterbefälle,Deutschland,Insgesamt,2023,Insgesamt,26.09.,2503,e
Statistik der Sterbefälle,Deutschland,Insgesamt,2023,Insgesamt,27.09.,2608,e
Statistik der Sterbefälle,Deutschland,Insgesamt,2023,Insgesamt,28.09.,2672,e
Statistik der Sterbefälle,Deutschland,Insgesamt,2023,Insgesamt,29.09.,2547,e
Statistik der Sterbefälle,Deutschland,Insgesamt,2023,Insgesamt,30.09.,2475,e
Statistik der Sterbefälle,Deutschland,Insgesamt,2023,Insgesamt,01.10.,2413,e
Statistik der Sterbefälle,Deutschland,Insgesamt,2023,Insgesamt,02.10.,2690,e
Statistik der Sterbefälle,Deutschland,Insgesamt,2023,Insgesamt,03.10.,2647,e
Statistik der Sterbefälle,Deutschland,Insgesamt,2023,Insgesamt,04.10.,2529,e
Statistik der Sterbefälle,Deutschland,Insgesamt,2023,Insgesamt,05.10.,2504,e
Statistik der Sterbefälle,Deutschland,Insgesamt,2023,Insgesamt,06.10.,2642,e
Statistik der Sterbefälle,Deutschland,Insgesamt,2023,Insgesamt,07.10.,2559,e
Statistik der Sterbefälle,Deutschland,Insgesamt,2023,Insgesamt,08.10.,2645,e
Statistik der Sterbefälle,Deutschland,Insgesamt,2023,Insgesamt,09.10.,2652,e
Statistik der Sterbefälle,Deutschland,Insgesamt,2023,Insgesamt,10.10.,2728,e
Statistik der Sterbefälle,Deutschland,Insgesamt,2023,Insgesamt,11.10.,2731,e
Statistik der Sterbefälle,Deutschland,Insgesamt,2023,Insgesamt,12.10.,2740,e
Statistik der Sterbefälle,Deutschland,Insgesamt,2023,Insgesamt,13.10.,2790,e
Statistik der Sterbefälle,Deutschland,Insgesamt,2023,Insgesamt,14.10.,2672,e
Statistik der Sterbefälle,Deutschland,Insgesamt,2023,Insgesamt,15.10.,2490,e
Statistik der Sterbefälle,Deutschland,Insgesamt,2023,Insgesamt,16.10.,2602,e
Statistik der Sterbefälle,Deutschland,Insgesamt,2023,Insgesamt,17.10.,2748,e
Statistik der Sterbefälle,Deutschland,Insgesamt,2023,Insgesamt,18.10.,2759,e
Statistik der Sterbefälle,Deutschland,Insgesamt,2023,Insgesamt,19.10.,2853,e
Statistik der Sterbefälle,Deutschland,Insgesamt,2023,Insgesamt,20.10.,2988,e
Statistik der Sterbefälle,Deutschland,Insgesamt,2023,Insgesamt,21.10.,2923,e
Statistik der Sterbefälle,Deutschland,Insgesamt,2023,Insgesamt,22.10.,2619,e
Statistik der Sterbefälle,Deutschland,Insgesamt,2023,Insgesamt,23.10.,2869,e
Statistik der Sterbefälle,Deutschland,Insgesamt,2023,Insgesamt,24.10.,2864,e
Statistik der Sterbefälle,Deutschland,Insgesamt,2023,Insgesamt,25.10.,2883,e
Statistik der Sterbefälle,Deutschland,Insgesamt,2023,Insgesamt,26.10.,2941,e
Statistik der Sterbefälle,Deutschland,Insgesamt,2023,Insgesamt,27.10.,2965,e
Statistik der Sterbefälle,Deutschland,Insgesamt,2023,Insgesamt,28.10.,2882,e
Statistik der Sterbefälle,Deutschland,Insgesamt,2023,Insgesamt,29.10.,2887,e
Statistik der Sterbefälle,Deutschland,Insgesamt,2023,Insgesamt,30.10.,2884,e
Statistik der Sterbefälle,Deutschland,Insgesamt,2023,Insgesamt,31.10.,2954,e
Statistik der Sterbefälle,Deutschland,Insgesamt,2023,Insgesamt,01.11.,2921,e
Statistik der Sterbefälle,Deutschland,Insgesamt,2023,Insgesamt,02.11.,3019,e
Statistik der Sterbefälle,Deutschland,Insgesamt,2023,Insgesamt,03.11.,2917,e
Statistik der Sterbefälle,Deutschland,Insgesamt,2023,Insgesamt,04.11.,2919,e
Statistik der Sterbefälle,Deutschland,Insgesamt,2023,Insgesamt,05.11.,2778,e
Statistik der Sterbefälle,Deutschland,Insgesamt,2023,Insgesamt,06.11.,2900,e
Statistik der Sterbefälle,Deutschland,Insgesamt,2023,Insgesamt,07.11.,3002,e
Statistik der Sterbefälle,Deutschland,Insgesamt,2023,Insgesamt,08.11.,2934,e
Statistik der Sterbefälle,Deutschland,Insgesamt,2023,Insgesamt,09.11.,3029,e
Statistik der Sterbefälle,Deutschland,Insgesamt,2023,Insgesamt,10.11.,3043,e
Statistik der Sterbefälle,Deutschland,Insgesamt,2023,Insgesamt,11.11.,2864,e
Statistik der Sterbefälle,Deutschland,Insgesamt,2023,Insgesamt,12.11.,2849,e
Statistik der Sterbefälle,Deutschland,Insgesamt,2023,Insgesamt,13.11.,3026,e
Statistik der Sterbefälle,Deutschland,Insgesamt,2023,Insgesamt,14.11.,2991,e
Statistik der Sterbefälle,Deutschland,Insgesamt,2023,Insgesamt,15.11.,3004,e
Statistik der Sterbefälle,Deutschland,Insgesamt,2023,Insgesamt,16.11.,3002,e
Statistik der Sterbefälle,Deutschland,Insgesamt,2023,Insgesamt,17.11.,2939,e
Statistik der Sterbefälle,Deutschland,Insgesamt,2023,Insgesamt,18.11.,2894,e
Statistik der Sterbefälle,Deutschland,Insgesamt,2023,Insgesamt,19.11.,2981,e
Statistik der Sterbefälle,Deutschland,Insgesamt,2023,Insgesamt,20.11.,3095,e
Statistik der Sterbefälle,Deutschland,Insgesamt,2023,Insgesamt,21.11.,2906,e
Statistik der Sterbefälle,Deutschland,Insgesamt,2023,Insgesamt,22.11.,2920,e
Statistik der Sterbefälle,Deutschland,Insgesamt,2023,Insgesamt,23.11.,3110,e
Statistik der Sterbefälle,Deutschland,Insgesamt,2023,Insgesamt,24.11.,3175,e
Statistik der Sterbefälle,Deutschland,Insgesamt,2023,Insgesamt,25.11.,3027,e
Statistik der Sterbefälle,Deutschland,Insgesamt,2023,Insgesamt,26.11.,2866,e
Statistik der Sterbefälle,Deutschland,Insgesamt,2023,Insgesamt,27.11.,3059,e
Statistik der Sterbefälle,Deutschland,Insgesamt,2023,Insgesamt,28.11.,3229,e
Statistik der Sterbefälle,Deutschland,Insgesamt,2023,Insgesamt,29.11.,3126,e
Statistik der Sterbefälle,Deutschland,Insgesamt,2023,Insgesamt,30.11.,3158,e
Statistik der Sterbefälle,Deutschland,Insgesamt,2023,Insgesamt,01.12.,3208,e
Statistik der Sterbefälle,Deutschland,Insgesamt,2023,Insgesamt,02.12.,3227,e
Statistik der Sterbefälle,Deutschland,Insgesamt,2023,Insgesamt,03.12.,3051,e
Statistik der Sterbefälle,Deutschland,Insgesamt,2023,Insgesamt,04.12.,3284,e
Statistik der Sterbefälle,Deutschland,Insgesamt,2023,Insgesamt,05.12.,3240,e
Statistik der Sterbefälle,Deutschland,Insgesamt,2023,Insgesamt,06.12.,3311,e
Statistik der Sterbefälle,Deutschland,Insgesamt,2023,Insgesamt,07.12.,3389,e
Statistik der Sterbefälle,Deutschland,Insgesamt,2023,Insgesamt,08.12.,3261,e
Statistik der Sterbefälle,Deutschland,Insgesamt,2023,Insgesamt,09.12.,3299,e
Statistik der Sterbefälle,Deutschland,Insgesamt,2023,Insgesamt,10.12.,3222,e
Statistik der Sterbefälle,Deutschland,Insgesamt,2023,Insgesamt,11.12.,3375,e
Statistik der Sterbefälle,Deutschland,Insgesamt,2023,Insgesamt,12.12.,3399,e
Statistik der Sterbefälle,Deutschland,Insgesamt,2023,Insgesamt,13.12.,3343,e
Statistik der Sterbefälle,Deutschland,Insgesamt,2023,Insgesamt,14.12.,3215,e
Statistik der Sterbefälle,Deutschland,Insgesamt,2023,Insgesamt,15.12.,3163,e
Statistik der Sterbefälle,Deutschland,Insgesamt,2023,Insgesamt,16.12.,3141,e
Statistik der Sterbefälle,Deutschland,Insgesamt,2023,Insgesamt,17.12.,3064,e
Statistik der Sterbefälle,Deutschland,Insgesamt,2023,Insgesamt,18.12.,3199,e
Statistik der Sterbefälle,Deutschland,Insgesamt,2023,Insgesamt,19.12.,3279,e
Statistik der Sterbefälle,Deutschland,Insgesamt,2023,Insgesamt,20.12.,3257,e
Statistik der Sterbefälle,Deutschland,Insgesamt,2023,Insgesamt,21.12.,3473,e
Statistik der Sterbefälle,Deutschland,Insgesamt,2023,Insgesamt,22.12.,3505,e
Statistik der Sterbefälle,Deutschland,Insgesamt,2023,Insgesamt,23.12.,3231,e
Statistik der Sterbefälle,Deutschland,Insgesamt,2023,Insgesamt,24.12.,3224,e
Statistik der Sterbefälle,Deutschland,Insgesamt,2023,Insgesamt,25.12.,3249,e
Statistik der Sterbefälle,Deutschland,Insgesamt,2023,Insgesamt,26.12.,3114,e
Statistik der Sterbefälle,Deutschland,Insgesamt,2023,Insgesamt,27.12.,3175,e
Statistik der Sterbefälle,Deutschland,Insgesamt,2023,Insgesamt,28.12.,3142,e
Statistik der Sterbefälle,Deutschland,Insgesamt,2023,Insgesamt,29.12.,3307,e
Statistik der Sterbefälle,Deutschland,Insgesamt,2023,Insgesamt,30.12.,3209,e
Statistik der Sterbefälle,Deutschland,Insgesamt,2023,Insgesamt,31.12.,2934,e
Statistik der Sterbefälle,Deutschland,Insgesamt,2024,Insgesamt,Insgesamt,1007758,e
Statistik der Sterbefälle,Deutschland,Insgesamt,2024,Insgesamt,01.01.,3053,e
Statistik der Sterbefälle,Deutschland,Insgesamt,2024,Insgesamt,02.01.,3186,e
Statistik der Sterbefälle,Deutschland,Insgesamt,2024,Insgesamt,03.01.,3263,e
Statistik der Sterbefälle,Deutschland,Insgesamt,2024,Insgesamt,04.01.,3158,e
Statistik der Sterbefälle,Deutschland,Insgesamt,2024,Insgesamt,05.01.,3192,e
Statistik der Sterbefälle,Deutschland,Insgesamt,2024,Insgesamt,06.01.,3035,e
Statistik der Sterbefälle,Deutschland,Insgesamt,2024,Insgesamt,07.01.,2964,e
Statistik der Sterbefälle,Deutschland,Insgesamt,2024,Insgesamt,08.01.,3104,e
Statistik der Sterbefälle,Deutschland,Insgesamt,2024,Insgesamt,09.01.,2998,e
Statistik der Sterbefälle,Deutschland,Insgesamt,2024,Insgesamt,10.01.,3056,e
Statistik der Sterbefälle,Deutschland,Insgesamt,2024,Insgesamt,11.01.,3008,e
Statistik der Sterbefälle,Deutschland,Insgesamt,2024,Insgesamt,12.01.,3201,e
Statistik der Sterbefälle,Deutschland,Insgesamt,2024,Insgesamt,13.01.,3085,e
Statistik der Sterbefälle,Deutschland,Insgesamt,2024,Insgesamt,14.01.,2986,e
Statistik der Sterbefälle,Deutschland,Insgesamt,2024,Insgesamt,15.01.,3225,e
Statistik der Sterbefälle,Deutschland,Insgesamt,2024,Insgesamt,16.01.,3262,e
Statistik der Sterbefälle,Deutschland,Insgesamt,2024,Insgesamt,17.01.,3190,e
Statistik der Sterbefälle,Deutschland,Insgesamt,2024,Insgesamt,18.01.,3214,e
Statistik der Sterbefälle,Deutschland,Insgesamt,2024,Insgesamt,19.01.,3067,e
Statistik der Sterbefälle,Deutschland,Insgesamt,2024,Insgesamt,20.01.,2983,e
Statistik der Sterbefälle,Deutschland,Insgesamt,2024,Insgesamt,21.01.,2874,e
Statistik der Sterbefälle,Deutschland,Insgesamt,2024,Insgesamt,22.01.,3304,e
Statistik der Sterbefälle,Deutschland,Insgesamt,2024,Insgesamt,23.01.,3209,e
Statistik der Sterbefälle,Deutschland,Insgesamt,2024,Insgesamt,24.01.,3255,e
Statistik der Sterbefälle,Deutschland,Insgesamt,2024,Insgesamt,25.01.,3247,e
Statistik der Sterbefälle,Deutschland,Insgesamt,2024,Insgesamt,26.01.,3288,e
Statistik der Sterbefälle,Deutschland,Insgesamt,2024,Insgesamt,27.01.,2969,e
Statistik der Sterbefälle,Deutschland,Insgesamt,2024,Insgesamt,28.01.,2859,e
Statistik der Sterbefälle,Deutschland,Insgesamt,2024,Insgesamt,29.01.,3096,e
Statistik der Sterbefälle,Deutschland,Insgesamt,2024,Insgesamt,30.01.,3162,e
Statistik der Sterbefälle,Deutschland,Insgesamt,2024,Insgesamt,31.01.,3076,e
Statistik der Sterbefälle,Deutschland,Insgesamt,2024,Insgesamt,01.02.,3204,e
Statistik der Sterbefälle,Deutschland,Insgesamt,2024,Insgesamt,02.02.,3242,e
Statistik der Sterbefälle,Deutschland,Insgesamt,2024,Insgesamt,03.02.,3146,e
Statistik der Sterbefälle,Deutschland,Insgesamt,2024,Insgesamt,04.02.,3008,e
Statistik der Sterbefälle,Deutschland,Insgesamt,2024,Insgesamt,05.02.,3211,e
Statistik der Sterbefälle,Deutschland,Insgesamt,2024,Insgesamt,06.02.,3130,e
Statistik der Sterbefälle,Deutschland,Insgesamt,2024,Insgesamt,07.02.,3184,e
Statistik der Sterbefälle,Deutschland,Insgesamt,2024,Insgesamt,08.02.,3262,e
Statistik der Sterbefälle,Deutschland,Insgesamt,2024,Insgesamt,09.02.,3282,e
Statistik der Sterbefälle,Deutschland,Insgesamt,2024,Insgesamt,10.02.,3227,e
Statistik der Sterbefälle,Deutschland,Insgesamt,2024,Insgesamt,11.02.,2954,e
Statistik der Sterbefälle,Deutschland,Insgesamt,2024,Insgesamt,12.02.,3091,e
Statistik der Sterbefälle,Deutschland,Insgesamt,2024,Insgesamt,13.02.,3084,e
Statistik der Sterbefälle,Deutschland,Insgesamt,2024,Insgesamt,14.02.,3028,e
Statistik der Sterbefälle,Deutschland,Insgesamt,2024,Insgesamt,15.02.,3161,e
Statistik der Sterbefälle,Deutschland,Insgesamt,2024,Insgesamt,16.02.,3076,e
Statistik der Sterbefälle,Deutschland,Insgesamt,2024,Insgesamt,17.02.,2908,e
Statistik der Sterbefälle,Deutschland,Insgesamt,2024,Insgesamt,18.02.,2864,e
Statistik der Sterbefälle,Deutschland,Insgesamt,2024,Insgesamt,19.02.,2969,e
Statistik der Sterbefälle,Deutschland,Insgesamt,2024,Insgesamt,20.02.,2926,e
Statistik der Sterbefälle,Deutschland,Insgesamt,2024,Insgesamt,21.02.,2882,e
Statistik der Sterbefälle,Deutschland,Insgesamt,2024,Insgesamt,22.02.,3009,e
Statistik der Sterbefälle,Deutschland,Insgesamt,2024,Insgesamt,23.02.,2856,e
Statistik der Sterbefälle,Deutschland,Insgesamt,2024,Insgesamt,24.02.,2862,e
Statistik der Sterbefälle,Deutschland,Insgesamt,2024,Insgesamt,25.02.,2721,e
Statistik der Sterbefälle,Deutschland,Insgesamt,2024,Insgesamt,26.02.,2842,e
Statistik der Sterbefälle,Deutschland,Insgesamt,2024,Insgesamt,27.02.,2904,e
Statistik der Sterbefälle,Deutschland,Insgesamt,2024,Insgesamt,28.02.,2882,e
Statistik der Sterbefälle,Deutschland,Insgesamt,2024,Insgesamt,29.02.,2801,e
Statistik der Sterbefälle,Deutschland,Insgesamt,2024,Insgesamt,01.03.,2919,e
Statistik der Sterbefälle,Deutschland,Insgesamt,2024,Insgesamt,02.03.,2820,e
Statistik der Sterbefälle,Deutschland,Insgesamt,2024,Insgesamt,03.03.,2750,e
Statistik der Sterbefälle,Deutschland,Insgesamt,2024,Insgesamt,04.03.,2774,e
Statistik der Sterbefälle,Deutschland,Insgesamt,2024,Insgesamt,05.03.,2716,e
Statistik der Sterbefälle,Deutschland,Insgesamt,2024,Insgesamt,06.03.,2826,e
Statistik der Sterbefälle,Deutschland,Insgesamt,2024,Insgesamt,07.03.,2711,e
Statistik der Sterbefälle,Deutschland,Insgesamt,2024,Insgesamt,08.03.,2770,e
Statistik der Sterbefälle,Deutschland,Insgesamt,2024,Insgesamt,09.03.,2748,e
Statistik der Sterbefälle,Deutschland,Insgesamt,2024,Insgesamt,10.03.,2788,e
Statistik der Sterbefälle,Deutschland,Insgesamt,2024,Insgesamt,11.03.,2861,e
Statistik der Sterbefälle,Deutschland,Insgesamt,2024,Insgesamt,12.03.,2822,e
Statistik der Sterbefälle,Deutschland,Insgesamt,2024,Insgesamt,13.03.,2818,e
Statistik der Sterbefälle,Deutschland,Insgesamt,2024,Insgesamt,14.03.,2900,e
Statistik der Sterbefälle,Deutschland,Insgesamt,2024,Insgesamt,15.03.,2815,e
Statistik der Sterbefälle,Deutschland,Insgesamt,2024,Insgesamt,16.03.,2675,e
Statistik der Sterbefälle,Deutschland,Insgesamt,2024,Insgesamt,17.03.,2521,e
Statistik der Sterbefälle,Deutschland,Insgesamt,2024,Insgesamt,18.03.,2681,e
Statistik der Sterbefälle,Deutschland,Insgesamt,2024,Insgesamt,19.03.,2735,e
Statistik der Sterbefälle,Deutschland,Insgesamt,2024,Insgesamt,20.03.,2702,e
Statistik der Sterbefälle,Deutschland,Insgesamt,2024,Insgesamt,21.03.,2736,e
Statistik der Sterbefälle,Deutschland,Insgesamt,2024,Insgesamt,22.03.,2777,e
Statistik der Sterbefälle,Deutschland,Insgesamt,2024,Insgesamt,23.03.,2603,e
Statistik der Sterbefälle,Deutschland,Insgesamt,2024,Insgesamt,24.03.,2519,e
Statistik der Sterbefälle,Deutschland,Insgesamt,2024,Insgesamt,25.03.,2590,e
Statistik der Sterbefälle,Deutschland,Insgesamt,2024,Insgesamt,26.03.,2690,e
Statistik der Sterbefälle,Deutschland,Insgesamt,2024,Insgesamt,27.03.,2848,e
Statistik der Sterbefälle,Deutschland,Insgesamt,2024,Insgesamt,28.03.,2924,e
Statistik der Sterbefälle,Deutschland,Insgesamt,2024,Insgesamt,29.03.,2656,e
Statistik der Sterbefälle,Deutschland,Insgesamt,2024,Insgesamt,30.03.,2601,e
Statistik der Sterbefälle,Deutschland,Insgesamt,2024,Insgesamt,31.03.,2533,e
Statistik der Sterbefälle,Deutschland,Insgesamt,2024,Insgesamt,01.04.,2646,e
Statistik der Sterbefälle,Deutschland,Insgesamt,2024,Insgesamt,02.04.,2643,e
Statistik der Sterbefälle,Deutschland,Insgesamt,2024,Insgesamt,03.04.,2713,e
Statistik der Sterbefälle,Deutschland,Insgesamt,2024,Insgesamt,04.04.,2705,e
Statistik der Sterbefälle,Deutschland,Insgesamt,2024,Insgesamt,05.04.,2838,e
Statistik der Sterbefälle,Deutschland,Insgesamt,2024,Insgesamt,06.04.,2802,e
Statistik der Sterbefälle,Deutschland,Insgesamt,2024,Insgesamt,07.04.,2736,e
Statistik der Sterbefälle,Deutschland,Insgesamt,2024,Insgesamt,08.04.,2886,e
Statistik der Sterbefälle,Deutschland,Insgesamt,2024,Insgesamt,09.04.,2729,e
Statistik der Sterbefälle,Deutschland,Insgesamt,2024,Insgesamt,10.04.,2471,e
Statistik der Sterbefälle,Deutschland,Insgesamt,2024,Insgesamt,11.04.,2582,e
Statistik der Sterbefälle,Deutschland,Insgesamt,2024,Insgesamt,12.04.,2601,e
Statistik der Sterbefälle,Deutschland,Insgesamt,2024,Insgesamt,13.04.,2613,e
Statistik der Sterbefälle,Deutschland,Insgesamt,2024,Insgesamt,14.04.,2534,e
Statistik der Sterbefälle,Deutschland,Insgesamt,2024,Insgesamt,15.04.,2573,e
Statistik der Sterbefälle,Deutschland,Insgesamt,2024,Insgesamt,16.04.,2600,e
Statistik der Sterbefälle,Deutschland,Insgesamt,2024,Insgesamt,17.04.,2595,e
Statistik der Sterbefälle,Deutschland,Insgesamt,2024,Insgesamt,18.04.,2563,e
Statistik der Sterbefälle,Deutschland,Insgesamt,2024,Insgesamt,19.04.,2792,e
Statistik der Sterbefälle,Deutschland,Insgesamt,2024,Insgesamt,20.04.,2577,e
Statistik der Sterbefälle,Deutschland,Insgesamt,2024,Insgesamt,21.04.,2461,e
Statistik der Sterbefälle,Deutschland,Insgesamt,2024,Insgesamt,22.04.,2651,e
Statistik der Sterbefälle,Deutschland,Insgesamt,2024,Insgesamt,23.04.,2624,e
Statistik der Sterbefälle,Deutschland,Insgesamt,2024,Insgesamt,24.04.,2681,e
Statistik der Sterbefälle,Deutschland,Insgesamt,2024,Insgesamt,25.04.,2692,e
Statistik der Sterbefälle,Deutschland,Insgesamt,2024,Insgesamt,26.04.,2688,e
Statistik der Sterbefälle,Deutschland,Insgesamt,2024,Insgesamt,27.04.,2707,e
Statistik der Sterbefälle,Deutschland,Insgesamt,2024,Insgesamt,28.04.,2642,e
Statistik der Sterbefälle,Deutschland,Insgesamt,2024,Insgesamt,29.04.,2781,e
Statistik der Sterbefälle,Deutschland,Insgesamt,2024,Insgesamt,30.04.,2730,e
Statistik der Sterbefälle,Deutschland,Insgesamt,2024,Insgesamt,01.05.,2757,e
Statistik der Sterbefälle,Deutschland,Insgesamt,2024,Insgesamt,02.05.,2887,e
Statistik der Sterbefälle,Deutschland,Insgesamt,2024,Insgesamt,03.05.,2794,e
Statistik der Sterbefälle,Deutschland,Insgesamt,2024,Insgesamt,04.05.,2552,e
Statistik der Sterbefälle,Deutschland,Insgesamt,2024,Insgesamt,05.05.,2475,e
Statistik der Sterbefälle,Deutschland,Insgesamt,2024,Insgesamt,06.05.,2631,e
Statistik der Sterbefälle,Deutschland,Insgesamt,2024,Insgesamt,07.05.,2680,e
Statistik der Sterbefälle,Deutschland,Insgesamt,2024,Insgesamt,08.05.,2599,e
Statistik der Sterbefälle,Deutschland,Insgesamt,2024,Insgesamt,09.05.,2545,e
Statistik der Sterbefälle,Deutschland,Insgesamt,2024,Insgesamt,10.05.,2611,e
Statistik der Sterbefälle,Deutschland,Insgesamt,2024,Insgesamt,11.05.,2561,e
Statistik der Sterbefälle,Deutschland,Insgesamt,2024,Insgesamt,12.05.,2531,e
Statistik der Sterbefälle,Deutschland,Insgesamt,2024,Insgesamt,13.05.,2697,e
Statistik der Sterbefälle,Deutschland,Insgesamt,2024,Insgesamt,14.05.,2677,e
Statistik der Sterbefälle,Deutschland,Insgesamt,2024,Insgesamt,15.05.,2745,e
Statistik der Sterbefälle,Deutschland,Insgesamt,2024,Insgesamt,16.05.,2778,e
Statistik der Sterbefälle,Deutschland,Insgesamt,2024,Insgesamt,17.05.,2742,e
Statistik der Sterbefälle,Deutschland,Insgesamt,2024,Insgesamt,18.05.,2594,e
Statistik der Sterbefälle,Deutschland,Insgesamt,2024,Insgesamt,19.05.,2509,e
Statistik der Sterbefälle,Deutschland,Insgesamt,2024,Insgesamt,20.05.,2401,e
Statistik der Sterbefälle,Deutschland,Insgesamt,2024,Insgesamt,21.05.,2589,e
Statistik der Sterbefälle,Deutschland,Insgesamt,2024,Insgesamt,22.05.,2534,e
Statistik der Sterbefälle,Deutschland,Insgesamt,2024,Insgesamt,23.05.,2523,e
Statistik der Sterbefälle,Deutschland,Insgesamt,2024,Insgesamt,24.05.,2576,e
Statistik der Sterbefälle,Deutschland,Insgesamt,2024,Insgesamt,25.05.,2555,e
Statistik der Sterbefälle,Deutschland,Insgesamt,2024,Insgesamt,26.05.,2434,e
Statistik der Sterbefälle,Deutschland,Insgesamt,2024,Insgesamt,27.05.,2571,e
Statistik der Sterbefälle,Deutschland,Insgesamt,2024,Insgesamt,28.05.,2562,e
Statistik der Sterbefälle,Deutschland,Insgesamt,2024,Insgesamt,29.05.,2605,e
Statistik der Sterbefälle,Deutschland,Insgesamt,2024,Insgesamt,30.05.,2501,e
Statistik der Sterbefälle,Deutschland,Insgesamt,2024,Insgesamt,31.05.,2487,e
Statistik der Sterbefälle,Deutschland,Insgesamt,2024,Insgesamt,01.06.,2438,e
Statistik der Sterbefälle,Deutschland,Insgesamt,2024,Insgesamt,02.06.,2379,e
Statistik der Sterbefälle,Deutschland,Insgesamt,2024,Insgesamt,03.06.,2420,e
Statistik der Sterbefälle,Deutschland,Insgesamt,2024,Insgesamt,04.06.,2496,e
Statistik der Sterbefälle,Deutschland,Insgesamt,2024,Insgesamt,05.06.,2551,e
Statistik der Sterbefälle,Deutschland,Insgesamt,2024,Insgesamt,06.06.,2564,e
Statistik der Sterbefälle,Deutschland,Insgesamt,2024,Insgesamt,07.06.,2544,e
Statistik der Sterbefälle,Deutschland,Insgesamt,2024,Insgesamt,08.06.,2545,e
Statistik der Sterbefälle,Deutschland,Insgesamt,2024,Insgesamt,09.06.,2351,e
Statistik der Sterbefälle,Deutschland,Insgesamt,2024,Insgesamt,10.06.,2530,e
Statistik der Sterbefälle,Deutschland,Insgesamt,2024,Insgesamt,11.06.,2493,e
Statistik der Sterbefälle,Deutschland,Insgesamt,2024,Insgesamt,12.06.,2536,e
Statistik der Sterbefälle,Deutschland,Insgesamt,2024,Insgesamt,13.06.,2461,e
Statistik der Sterbefälle,Deutschland,Insgesamt,2024,Insgesamt,14.06.,2654,e
Statistik der Sterbefälle,Deutschland,Insgesamt,2024,Insgesamt,15.06.,2585,e
Statistik der Sterbefälle,Deutschland,Insgesamt,2024,Insgesamt,16.06.,2568,e
Statistik der Sterbefälle,Deutschland,Insgesamt,2024,Insgesamt,17.06.,2624,e
Statistik der Sterbefälle,Deutschland,Insgesamt,2024,Insgesamt,18.06.,2705,e
Statistik der Sterbefälle,Deutschland,Insgesamt,2024,Insgesamt,19.06.,2637,e
Statistik der Sterbefälle,Deutschland,Insgesamt,2024,Insgesamt,20.06.,2606,e
Statistik der Sterbefälle,Deutschland,Insgesamt,2024,Insgesamt,21.06.,2848,e
Statistik der Sterbefälle,Deutschland,Insgesamt,2024,Insgesamt,22.06.,2443,e
Statistik der Sterbefälle,Deutschland,Insgesamt,2024,Insgesamt,23.06.,2368,e
Statistik der Sterbefälle,Deutschland,Insgesamt,2024,Insgesamt,24.06.,2646,e
Statistik der Sterbefälle,Deutschland,Insgesamt,2024,Insgesamt,25.06.,2722,e
Statistik der Sterbefälle,Deutschland,Insgesamt,2024,Insgesamt,26.06.,2858,e
Statistik der Sterbefälle,Deutschland,Insgesamt,2024,Insgesamt,27.06.,2945,e
Statistik der Sterbefälle,Deutschland,Insgesamt,2024,Insgesamt,28.06.,2865,e
Statistik der Sterbefälle,Deutschland,Insgesamt,2024,Insgesamt,29.06.,2624,e
Statistik der Sterbefälle,Deutschland,Insgesamt,2024,Insgesamt,30.06.,2514,e
Statistik der Sterbefälle,Deutschland,Insgesamt,2024,Insgesamt,01.07.,2453,e
Statistik der Sterbefälle,Deutschland,Insgesamt,2024,Insgesamt,02.07.,2401,e
Statistik der Sterbefälle,Deutschland,Insgesamt,2024,Insgesamt,03.07.,2449,e
Statistik der Sterbefälle,Deutschland,Insgesamt,2024,Insgesamt,04.07.,2481,e
Statistik der Sterbefälle,Deutschland,Insgesamt,2024,Insgesamt,05.07.,2492,e
Statistik der Sterbefälle,Deutschland,Insgesamt,2024,Insgesamt,06.07.,2553,e
Statistik der Sterbefälle,Deutschland,Insgesamt,2024,Insgesamt,07.07.,2364,e
Statistik der Sterbefälle,Deutschland,Insgesamt,2024,Insgesamt,08.07.,2379,e
Statistik der Sterbefälle,Deutschland,Insgesamt,2024,Insgesamt,09.07.,2745,e
Statistik der Sterbefälle,Deutschland,Insgesamt,2024,Insgesamt,10.07.,2741,e
Statistik der Sterbefälle,Deutschland,Insgesamt,2024,Insgesamt,11.07.,2661,e
Statistik der Sterbefälle,Deutschland,Insgesamt,2024,Insgesamt,12.07.,2662,e
Statistik der Sterbefälle,Deutschland,Insgesamt,2024,Insgesamt,13.07.,2550,e
Statistik der Sterbefälle,Deutschland,Insgesamt,2024,Insgesamt,14.07.,2386,e
Statistik der Sterbefälle,Deutschland,Insgesamt,2024,Insgesamt,15.07.,2494,e
Statistik der Sterbefälle,Deutschland,Insgesamt,2024,Insgesamt,16.07.,2589,e
Statistik der Sterbefälle,Deutschland,Insgesamt,2024,Insgesamt,17.07.,2440,e
Statistik der Sterbefälle,Deutschland,Insgesamt,2024,Insgesamt,18.07.,2550,e
Statistik der Sterbefälle,Deutschland,Insgesamt,2024,Insgesamt,19.07.,2700,e
Statistik der Sterbefälle,Deutschland,Insgesamt,2024,Insgesamt,20.07.,2722,e
Statistik der Sterbefälle,Deutschland,Insgesamt,2024,Insgesamt,21.07.,2602,e
Statistik der Sterbefälle,Deutschland,Insgesamt,2024,Insgesamt,22.07.,2546,e
Statistik der Sterbefälle,Deutschland,Insgesamt,2024,Insgesamt,23.07.,2484,e
Statistik der Sterbefälle,Deutschland,Insgesamt,2024,Insgesamt,24.07.,2511,e
Statistik der Sterbefälle,Deutschland,Insgesamt,2024,Insgesamt,25.07.,2428,e
Statistik der Sterbefälle,Deutschland,Insgesamt,2024,Insgesamt,26.07.,2479,e
Statistik der Sterbefälle,Deutschland,Insgesamt,2024,Insgesamt,27.07.,2447,e
Statistik der Sterbefälle,Deutschland,Insgesamt,2024,Insgesamt,28.07.,2279,e
Statistik der Sterbefälle,Deutschland,Insgesamt,2024,Insgesamt,29.07.,2407,e
Statistik der Sterbefälle,Deutschland,Insgesamt,2024,Insgesamt,30.07.,2446,e
Statistik der Sterbefälle,Deutschland,Insgesamt,2024,Insgesamt,31.07.,2713,e
Statistik der Sterbefälle,Deutschland,Insgesamt,2024,Insgesamt,01.08.,2685,e
Statistik der Sterbefälle,Deutschland,Insgesamt,2024,Insgesamt,02.08.,2557,e
Statistik der Sterbefälle,Deutschland,Insgesamt,2024,Insgesamt,03.08.,2498,e
Statistik der Sterbefälle,Deutschland,Insgesamt,2024,Insgesamt,04.08.,2453,e
Statistik der Sterbefälle,Deutschland,Insgesamt,2024,Insgesamt,05.08.,2452,e
Statistik der Sterbefälle,Deutschland,Insgesamt,2024,Insgesamt,06.08.,2472,e
Statistik der Sterbefälle,Deutschland,Insgesamt,2024,Insgesamt,07.08.,2601,e
Statistik der Sterbefälle,Deutschland,Insgesamt,2024,Insgesamt,08.08.,2569,e
Statistik der Sterbefälle,Deutschland,Insgesamt,2024,Insgesamt,09.08.,2530,e
Statistik der Sterbefälle,Deutschland,Insgesamt,2024,Insgesamt,10.08.,2467,e
Statistik der Sterbefälle,Deutschland,Insgesamt,2024,Insgesamt,11.08.,2365,e
Statistik der Sterbefälle,Deutschland,Insgesamt,2024,Insgesamt,12.08.,2615,e
Statistik der Sterbefälle,Deutschland,Insgesamt,2024,Insgesamt,13.08.,2749,e
Statistik der Sterbefälle,Deutschland,Insgesamt,2024,Insgesamt,14.08.,2724,e
Statistik der Sterbefälle,Deutschland,Insgesamt,2024,Insgesamt,15.08.,2696,e
Statistik der Sterbefälle,Deutschland,Insgesamt,2024,Insgesamt,16.08.,2619,e
Statistik der Sterbefälle,Deutschland,Insgesamt,2024,Insgesamt,17.08.,2583,e
Statistik der Sterbefälle,Deutschland,Insgesamt,2024,Insgesamt,18.08.,2443,e
Statistik der Sterbefälle,Deutschland,Insgesamt,2024,Insgesamt,19.08.,2430,e
Statistik der Sterbefälle,Deutschland,Insgesamt,2024,Insgesamt,20.08.,2452,e
Statistik der Sterbefälle,Deutschland,Insgesamt,2024,Insgesamt,21.08.,2478,e
Statistik der Sterbefälle,Deutschland,Insgesamt,2024,Insgesamt,22.08.,2434,e
Statistik der Sterbefälle,Deutschland,Insgesamt,2024,Insgesamt,23.08.,2512,e
Statistik der Sterbefälle,Deutschland,Insgesamt,2024,Insgesamt,24.08.,2640,e
Statistik der Sterbefälle,Deutschland,Insgesamt,2024,Insgesamt,25.08.,2328,e
Statistik der Sterbefälle,Deutschland,Insgesamt,2024,Insgesamt,26.08.,2339,e
Statistik der Sterbefälle,Deutschland,Insgesamt,2024,Insgesamt,27.08.,2475,e
Statistik der Sterbefälle,Deutschland,Insgesamt,2024,Insgesamt,28.08.,2596,e
Statistik der Sterbefälle,Deutschland,Insgesamt,2024,Insgesamt,29.08.,2793,e
Statistik der Sterbefälle,Deutschland,Insgesamt,2024,Insgesamt,30.08.,2693,e
Statistik der Sterbefälle,Deutschland,Insgesamt,2024,Insgesamt,31.08.,2495,e
Statistik der Sterbefälle,Deutschland,Insgesamt,2024,Insgesamt,01.09.,2580,e
Statistik der Sterbefälle,Deutschland,Insgesamt,2024,Insgesamt,02.09.,2724,e
Statistik der Sterbefälle,Deutschland,Insgesamt,2024,Insgesamt,03.09.,2601,e
Statistik der Sterbefälle,Deutschland,Insgesamt,2024,Insgesamt,04.09.,2667,e
Statistik der Sterbefälle,Deutschland,Insgesamt,2024,Insgesamt,05.09.,2740,e
Statistik der Sterbefälle,Deutschland,Insgesamt,2024,Insgesamt,06.09.,2761,e
Statistik der Sterbefälle,Deutschland,Insgesamt,2024,Insgesamt,07.09.,2514,e
Statistik der Sterbefälle,Deutschland,Insgesamt,2024,Insgesamt,08.09.,2519,e
Statistik der Sterbefälle,Deutschland,Insgesamt,2024,Insgesamt,09.09.,2560,e
Statistik der Sterbefälle,Deutschland,Insgesamt,2024,Insgesamt,10.09.,2443,e
Statistik der Sterbefälle,Deutschland,Insgesamt,2024,Insgesamt,11.09.,2409,e
Statistik der Sterbefälle,Deutschland,Insgesamt,2024,Insgesamt,12.09.,2550,e
Statistik der Sterbefälle,Deutschland,Insgesamt,2024,Insgesamt,13.09.,2513,e
Statistik der Sterbefälle,Deutschland,Insgesamt,2024,Insgesamt,14.09.,2555,e
Statistik der Sterbefälle,Deutschland,Insgesamt,2024,Insgesamt,15.09.,2458,e
Statistik der Sterbefälle,Deutschland,Insgesamt,2024,Insgesamt,16.09.,2620,e
Statistik der Sterbefälle,Deutschland,Insgesamt,2024,Insgesamt,17.09.,2761,e
Statistik der Sterbefälle,Deutschland,Insgesamt,2024,Insgesamt,18.09.,2716,e
Statistik der Sterbefälle,Deutschland,Insgesamt,2024,Insgesamt,19.09.,2660,e
Statistik der Sterbefälle,Deutschland,Insgesamt,2024,Insgesamt,20.09.,2726,e
Statistik der Sterbefälle,Deutschland,Insgesamt,2024,Insgesamt,21.09.,2607,e
Statistik der Sterbefälle,Deutschland,Insgesamt,2024,Insgesamt,22.09.,2702,e
Statistik der Sterbefälle,Deutschland,Insgesamt,2024,Insgesamt,23.09.,2739,e
Statistik der Sterbefälle,Deutschland,Insgesamt,2024,Insgesamt,24.09.,2702,e
Statistik der Sterbefälle,Deutschland,Insgesamt,2024,Insgesamt,25.09.,2644,e
Statistik der Sterbefälle,Deutschland,Insgesamt,2024,Insgesamt,26.09.,2755,e
Statistik der Sterbefälle,Deutschland,Insgesamt,2024,Insgesamt,27.09.,2877,e
Statistik der Sterbefälle,Deutschland,Insgesamt,2024,Insgesamt,28.09.,2554,e
Statistik der Sterbefälle,Deutschland,Insgesamt,2024,Insgesamt,29.09.,2550,e
Statistik der Sterbefälle,Deutschland,Insgesamt,2024,Insgesamt,30.09.,2700,e
Statistik der Sterbefälle,Deutschland,Insgesamt,2024,Insgesamt,01.10.,2739,e
Statistik der Sterbefälle,Deutschland,Insgesamt,2024,Insgesamt,02.10.,2857,e
Statistik der Sterbefälle,Deutschland,Insgesamt,2024,Insgesamt,03.10.,2538,e
Statistik der Sterbefälle,Deutschland,Insgesamt,2024,Insgesamt,04.10.,2731,e
Statistik der Sterbefälle,Deutschland,Insgesamt,2024,Insgesamt,05.10.,2648,e
Statistik der Sterbefälle,Deutschland,Insgesamt,2024,Insgesamt,06.10.,2618,e
Statistik der Sterbefälle,Deutschland,Insgesamt,2024,Insgesamt,07.10.,2833,e
Statistik der Sterbefälle,Deutschland,Insgesamt,2024,Insgesamt,08.10.,2842,e
Statistik der Sterbefälle,Deutschland,Insgesamt,2024,Insgesamt,09.10.,2972,e
Statistik der Sterbefälle,Deutschland,Insgesamt,2024,Insgesamt,10.10.,2920,e
Statistik der Sterbefälle,Deutschland,Insgesamt,2024,Insgesamt,11.10.,2804,e
Statistik der Sterbefälle,Deutschland,Insgesamt,2024,Insgesamt,12.10.,2768,e
Statistik der Sterbefälle,Deutschland,Insgesamt,2024,Insgesamt,13.10.,2651,e
Statistik der Sterbefälle,Deutschland,Insgesamt,2024,Insgesamt,14.10.,2837,e
Statistik der Sterbefälle,Deutschland,Insgesamt,2024,Insgesamt,15.10.,2900,e
Statistik der Sterbefälle,Deutschland,Insgesamt,2024,Insgesamt,16.10.,2926,e
Statistik der Sterbefälle,Deutschland,Insgesamt,2024,Insgesamt,17.10.,2995,e
Statistik der Sterbefälle,Deutschland,Insgesamt,2024,Insgesamt,18.10.,2951,e
Statistik der Sterbefälle,Deutschland,Insgesamt,2024,Insgesamt,19.10.,2781,e
Statistik der Sterbefälle,Deutschland,Insgesamt,2024,Insgesamt,20.10.,2673,e
Statistik der Sterbefälle,Deutschland,Insgesamt,2024,Insgesamt,21.10.,2777,e
Statistik der Sterbefälle,Deutschland,Insgesamt,2024,Insgesamt,22.10.,2904,e
Statistik der Sterbefälle,Deutschland,Insgesamt,2024,Insgesamt,23.10.,2766,e
Statistik der Sterbefälle,Deutschland,Insgesamt,2024,Insgesamt,24.10.,2806,e
Statistik der Sterbefälle,Deutschland,Insgesamt,2024,Insgesamt,25.10.,2859,e
Statistik der Sterbefälle,Deutschland,Insgesamt,2024,Insgesamt,26.10.,2845,e
Statistik der Sterbefälle,Deutschland,Insgesamt,2024,Insgesamt,27.10.,2662,e
Statistik der Sterbefälle,Deutschland,Insgesamt,2024,Insgesamt,28.10.,2768,e
Statistik der Sterbefälle,Deutschland,Insgesamt,2024,Insgesamt,29.10.,2863,e
Statistik der Sterbefälle,Deutschland,Insgesamt,2024,Insgesamt,30.10.,2821,e
Statistik der Sterbefälle,Deutschland,Insgesamt,2024,Insgesamt,31.10.,2830,e
Statistik der Sterbefälle,Deutschland,Insgesamt,2024,Insgesamt,01.11.,2754,e
Statistik der Sterbefälle,Deutschland,Insgesamt,2024,Insgesamt,02.11.,2702,e
Statistik der Sterbefälle,Deutschland,Insgesamt,2024,Insgesamt,03.11.,2548,e
Statistik der Sterbefälle,Deutschland,Insgesamt,2024,Insgesamt,04.11.,2764,e
Statistik der Sterbefälle,Deutschland,Insgesamt,2024,Insgesamt,05.11.,2759,e
Statistik der Sterbefälle,Deutschland,Insgesamt,2024,Insgesamt,06.11.,2688,e
Statistik der Sterbefälle,Deutschland,Insgesamt,2024,Insgesamt,07.11.,2847,e
Statistik der Sterbefälle,Deutschland,Insgesamt,2024,Insgesamt,08.11.,2866,e
Statistik der Sterbefälle,Deutschland,Insgesamt,2024,Insgesamt,09.11.,2804,e
Statistik der Sterbefälle,Deutschland,Insgesamt,2024,Insgesamt,10.11.,2759,e
Statistik der Sterbefälle,Deutschland,Insgesamt,2024,Insgesamt,11.11.,2893,e
Statistik der Sterbefälle,Deutschland,Insgesamt,2024,Insgesamt,12.11.,2886,e
Statistik der Sterbefälle,Deutschland,Insgesamt,2024,Insgesamt,13.11.,2925,e
Statistik der Sterbefälle,Deutschland,Insgesamt,2024,Insgesamt,14.11.,2873,e
Statistik der Sterbefälle,Deutschland,Insgesamt,2024,Insgesamt,15.11.,2985,e
Statistik der Sterbefälle,Deutschland,Insgesamt,2024,Insgesamt,16.11.,2883,e
Statistik der Sterbefälle,Deutschland,Insgesamt,2024,Insgesamt,17.11.,2815,e
Statistik der Sterbefälle,Deutschland,Insgesamt,2024,Insgesamt,18.11.,2859,e
Statistik der Sterbefälle,Deutschland,Insgesamt,2024,Insgesamt,19.11.,3033,e
Statistik der Sterbefälle,Deutschland,Insgesamt,2024,Insgesamt,20.11.,3001,e
Statistik der Sterbefälle,Deutschland,Insgesamt,2024,Insgesamt,21.11.,3040,e
Statistik der Sterbefälle,Deutschland,Insgesamt,2024,Insgesamt,22.11.,2972,e
Statistik der Sterbefälle,Deutschland,Insgesamt,2024,Insgesamt,23.11.,2877,e
Statistik der Sterbefälle,Deutschland,Insgesamt,2024,Insgesamt,24.11.,2863,e
Statistik der Sterbefälle,Deutschland,Insgesamt,2024,Insgesamt,25.11.,2969,e
Statistik der Sterbefälle,Deutschland,Insgesamt,2024,Insgesamt,26.11.,3096,e
Statistik der Sterbefälle,Deutschland,Insgesamt,2024,Insgesamt,27.11.,2999,e
Statistik der Sterbefälle,Deutschland,Insgesamt,2024,Insgesamt,28.11.,3052,e
Statistik der Sterbefälle,Deutschland,Insgesamt,2024,Insgesamt,29.11.,2955,e
Statistik der Sterbefälle,Deutschland,Insgesamt,2024,Insgesamt,30.11.,2792,e
Statistik der Sterbefälle,Deutschland,Insgesamt,2024,Insgesamt,01.12.,2871,e
Statistik der Sterbefälle,Deutschland,Insgesamt,2024,Insgesamt,02.12.,2867,e
Statistik der Sterbefälle,Deutschland,Insgesamt,2024,Insgesamt,03.12.,3027,e
Statistik der Sterbefälle,Deutschland,Insgesamt,2024,Insgesamt,04.12.,2935,e
Statistik der Sterbefälle,Deutschland,Insgesamt,2024,Insgesamt,05.12.,2978,e
Statistik der Sterbefälle,Deutschland,Insgesamt,2024,Insgesamt,06.12.,3105,e
Statistik der Sterbefälle,Deutschland,Insgesamt,2024,Insgesamt,07.12.,3047,e
Statistik der Sterbefälle,Deutschland,Insgesamt,2024,Insgesamt,08.12.,2862,e
Statistik der Sterbefälle,Deutschland,Insgesamt,2024,Insgesamt,09.12.,2866,e
Statistik der Sterbefälle,Deutschland,Insgesamt,2024,Insgesamt,10.12.,2907,e
Statistik der Sterbefälle,Deutschland,Insgesamt,2024,Insgesamt,11.12.,2934,e
Statistik der Sterbefälle,Deutschland,Insgesamt,2024,Insgesamt,12.12.,2986,e
Statistik der Sterbefälle,Deutschland,Insgesamt,2024,Insgesamt,13.12.,2926,e
Statistik der Sterbefälle,Deutschland,Insgesamt,2024,Insgesamt,14.12.,2950,e
Statistik der Sterbefälle,Deutschland,Insgesamt,2024,Insgesamt,15.12.,2933,e
Statistik der Sterbefälle,Deutschland,Insgesamt,2024,Insgesamt,16.12.,3096,e
Statistik der Sterbefälle,Deutschland,Insgesamt,2024,Insgesamt,17.12.,3077,e
Statistik der Sterbefälle,Deutschland,Insgesamt,2024,Insgesamt,18.12.,3043,e
Statistik der Sterbefälle,Deutschland,Insgesamt,2024,Insgesamt,19.12.,3153,e
Statistik der Sterbefälle,Deutschland,Insgesamt,2024,Insgesamt,20.12.,3042,e
Statistik der Sterbefälle,Deutschland,Insgesamt,2024,Insgesamt,21.12.,2889,e
Statistik der Sterbefälle,Deutschland,Insgesamt,2024,Insgesamt,22.12.,2890,e
Statistik der Sterbefälle,Deutschland,Insgesamt,2024,Insgesamt,23.12.,2879,e
Statistik der Sterbefälle,Deutschland,Insgesamt,2024,Insgesamt,24.12.,2913,e
Statistik der Sterbefälle,Deutschland,Insgesamt,2024,Insgesamt,25.12.,2820,e
Statistik der Sterbefälle,Deutschland,Insgesamt,2024,Insgesamt,26.12.,2756,e
Statistik der Sterbefälle,Deutschland,Insgesamt,2024,Insgesamt,27.12.,2973,e
Statistik der Sterbefälle,Deutschland,Insgesamt,2024,Insgesamt,28.12.,2979,e
Statistik der Sterbefälle,Deutschland,Insgesamt,2024,Insgesamt,29.12.,2903,e
Statistik der Sterbefälle,Deutschland,Insgesamt,2024,Insgesamt,30.12.,3044,e
Statistik der Sterbefälle,Deutschland,Insgesamt,2024,Insgesamt,31.12.,2966,e
Statistik der Sterbefälle,Deutschland,Insgesamt,2025,Insgesamt,Insgesamt,1006588,e
Statistik der Sterbefälle,Deutschland,Insgesamt,2025,Insgesamt,01.01.,3011,e
Statistik der Sterbefälle,Deutschland,Insgesamt,2025,Insgesamt,02.01.,3145,e
Statistik der Sterbefälle,Deutschland,Insgesamt,2025,Insgesamt,03.01.,3128,e
Statistik der Sterbefälle,Deutschland,Insgesamt,2025,Insgesamt,04.01.,3112,e
Statistik der Sterbefälle,Deutschland,Insgesamt,2025,Insgesamt,05.01.,3000,e
Statistik der Sterbefälle,Deutschland,Insgesamt,2025,Insgesamt,06.01.,3193,e
Statistik der Sterbefälle,Deutschland,Insgesamt,2025,Insgesamt,07.01.,3231,e
Statistik der Sterbefälle,Deutschland,Insgesamt,2025,Insgesamt,08.01.,3253,e
Statistik der Sterbefälle,Deutschland,Insgesamt,2025,Insgesamt,09.01.,3220,e
Statistik der Sterbefälle,Deutschland,Insgesamt,2025,Insgesamt,10.01.,3217,e
Statistik der Sterbefälle,Deutschland,Insgesamt,2025,Insgesamt,11.01.,3011,e
Statistik der Sterbefälle,Deutschland,Insgesamt,2025,Insgesamt,12.01.,2958,e
Statistik der Sterbefälle,Deutschland,Insgesamt,2025,Insgesamt,13.01.,3080,e
Statistik der Sterbefälle,Deutschland,Insgesamt,2025,Insgesamt,14.01.,3034,e
Statistik der Sterbefälle,Deutschland,Insgesamt,2025,Insgesamt,15.01.,3170,e
Statistik der Sterbefälle,Deutschland,Insgesamt,2025,Insgesamt,16.01.,3107,e
Statistik der Sterbefälle,Deutschland,Insgesamt,2025,Insgesamt,17.01.,3175,e
Statistik der Sterbefälle,Deutschland,Insgesamt,2025,Insgesamt,18.01.,3067,e
Statistik der Sterbefälle,Deutschland,Insgesamt,2025,Insgesamt,19.01.,3043,e
Statistik der Sterbefälle,Deutschland,Insgesamt,2025,Insgesamt,20.01.,3255,e
Statistik der Sterbefälle,Deutschland,Insgesamt,2025,Insgesamt,21.01.,3215,e
Statistik der Sterbefälle,Deutschland,Insgesamt,2025,Insgesamt,22.01.,3403,e
Statistik der Sterbefälle,Deutschland,Insgesamt,2025,Insgesamt,23.01.,3411,e
Statistik der Sterbefälle,Deutschland,Insgesamt,2025,Insgesamt,24.01.,3396,e
Statistik der Sterbefälle,Deutschland,Insgesamt,2025,Insgesamt,25.01.,3357,e
Statistik der Sterbefälle,Deutschland,Insgesamt,2025,Insgesamt,26.01.,3138,e
Statistik der Sterbefälle,Deutschland,Insgesamt,2025,Insgesamt,27.01.,3243,e
Statistik der Sterbefälle,Deutschland,Insgesamt,2025,Insgesamt,28.01.,3386,e
Statistik der Sterbefälle,Deutschland,Insgesamt,2025,Insgesamt,29.01.,3165,e
Statistik der Sterbefälle,Deutschland,Insgesamt,2025,Insgesamt,30.01.,3266,e
Statistik der Sterbefälle,Deutschland,Insgesamt,2025,Insgesamt,31.01.,3253,e
Statistik der Sterbefälle,Deutschland,Insgesamt,2025,Insgesamt,01.02.,3190,e
Statistik der Sterbefälle,Deutschland,Insgesamt,2025,Insgesamt,02.02.,3048,e
Statistik der Sterbefälle,Deutschland,Insgesamt,2025,Insgesamt,03.02.,3188,e
Statistik der Sterbefälle,Deutschland,Insgesamt,2025,Insgesamt,04.02.,3311,e
Statistik der Sterbefälle,Deutschland,Insgesamt,2025,Insgesamt,05.02.,3231,e
Statistik der Sterbefälle,Deutschland,Insgesamt,2025,Insgesamt,06.02.,3087,e
Statistik der Sterbefälle,Deutschland,Insgesamt,2025,Insgesamt,07.02.,3340,e
Statistik der Sterbefälle,Deutschland,Insgesamt,2025,Insgesamt,08.02.,3241,e
Statistik der Sterbefälle,Deutschland,Insgesamt,2025,Insgesamt,09.02.,3075,e
Statistik der Sterbefälle,Deutschland,Insgesamt,2025,Insgesamt,10.02.,3298,e
Statistik der Sterbefälle,Deutschland,Insgesamt,2025,Insgesamt,11.02.,3297,e
Statistik der Sterbefälle,Deutschland,Insgesamt,2025,Insgesamt,12.02.,3340,e
Statistik der Sterbefälle,Deutschland,Insgesamt,2025,Insgesamt,13.02.,3276,e
Statistik der Sterbefälle,Deutschland,Insgesamt,2025,Insgesamt,14.02.,3343,e
Statistik der Sterbefälle,Deutschland,Insgesamt,2025,Insgesamt,15.02.,3119,e
Statistik der Sterbefälle,Deutschland,Insgesamt,2025,Insgesamt,16.02.,3124,e
Statistik der Sterbefälle,Deutschland,Insgesamt,2025,Insgesamt,17.02.,3296,e
Statistik der Sterbefälle,Deutschland,Insgesamt,2025,Insgesamt,18.02.,3319,e
Statistik der Sterbefälle,Deutschland,Insgesamt,2025,Insgesamt,19.02.,3322,e
Statistik der Sterbefälle,Deutschland,Insgesamt,2025,Insgesamt,20.02.,3394,e
Statistik der Sterbefälle,Deutschland,Insgesamt,2025,Insgesamt,21.02.,3539,e
Statistik der Sterbefälle,Deutschland,Insgesamt,2025,Insgesamt,22.02.,3372,e
Statistik der Sterbefälle,Deutschland,Insgesamt,2025,Insgesamt,23.02.,3177,e
Statistik der Sterbefälle,Deutschland,Insgesamt,2025,Insgesamt,24.02.,3353,e
Statistik der Sterbefälle,Deutschland,Insgesamt,2025,Insgesamt,25.02.,3455,e
Statistik der Sterbefälle,Deutschland,Insgesamt,2025,Insgesamt,26.02.,3299,e
Statistik der Sterbefälle,Deutschland,Insgesamt,2025,Insgesamt,27.02.,3176,e
Statistik der Sterbefälle,Deutschland,Insgesamt,2025,Insgesamt,28.02.,3327,e
Statistik der Sterbefälle,Deutschland,Insgesamt,2025,Insgesamt,29.02.,X,e
Statistik der Sterbefälle,Deutschland,Insgesamt,2025,Insgesamt,01.03.,3127,e
Statistik der Sterbefälle,Deutschland,Insgesamt,2025,Insgesamt,02.03.,3036,e
Statistik der Sterbefälle,Deutschland,Insgesamt,2025,Insgesamt,03.03.,3187,e
Statistik der Sterbefälle,Deutschland,Insgesamt,2025,Insgesamt,04.03.,3134,e
Statistik der Sterbefälle,Deutschland,Insgesamt,2025,Insgesamt,05.03.,3165,e
Statistik der Sterbefälle,Deutschland,Insgesamt,2025,Insgesamt,06.03.,3254,e
Statistik der Sterbefälle,Deutschland,Insgesamt,2025,Insgesamt,07.03.,3265,e
Statistik der Sterbefälle,Deutschland,Insgesamt,2025,Insgesamt,08.03.,3068,e
Statistik der Sterbefälle,Deutschland,Insgesamt,2025,Insgesamt,09.03.,3013,e
Statistik der Sterbefälle,Deutschland,Insgesamt,2025,Insgesamt,10.03.,3200,e
Statistik der Sterbefälle,Deutschland,Insgesamt,2025,Insgesamt,11.03.,3246,e
Statistik der Sterbefälle,Deutschland,Insgesamt,2025,Insgesamt,12.03.,3152,e
Statistik der Sterbefälle,Deutschland,Insgesamt,2025,Insgesamt,13.03.,3117,e
Statistik der Sterbefälle,Deutschland,Insgesamt,2025,Insgesamt,14.03.,3203,e
Statistik der Sterbefälle,Deutschland,Insgesamt,2025,Insgesamt,15.03.,2904,e
Statistik der Sterbefälle,Deutschland,Insgesamt,2025,Insgesamt,16.03.,2887,e
Statistik der Sterbefälle,Deutschland,Insgesamt,2025,Insgesamt,17.03.,2989,e
Statistik der Sterbefälle,Deutschland,Insgesamt,2025,Insgesamt,18.03.,3037,e
Statistik der Sterbefälle,Deutschland,Insgesamt,2025,Insgesamt,19.03.,2978,e
Statistik der Sterbefälle,Deutschland,Insgesamt,2025,Insgesamt,20.03.,3061,e
Statistik der Sterbefälle,Deutschland,Insgesamt,2025,Insgesamt,21.03.,3169,e
Statistik der Sterbefälle,Deutschland,Insgesamt,2025,Insgesamt,22.03.,3151,e
Statistik der Sterbefälle,Deutschland,Insgesamt,2025,Insgesamt,23.03.,2912,e
Statistik der Sterbefälle,Deutschland,Insgesamt,2025,Insgesamt,24.03.,3057,e
Statistik der Sterbefälle,Deutschland,Insgesamt,2025,Insgesamt,25.03.,3018,e
Statistik der Sterbefälle,Deutschland,Insgesamt,2025,Insgesamt,26.03.,2862,e
Statistik der Sterbefälle,Deutschland,Insgesamt,2025,Insgesamt,27.03.,2914,e
Statistik der Sterbefälle,Deutschland,Insgesamt,2025,Insgesamt,28.03.,3078,e
Statistik der Sterbefälle,Deutschland,Insgesamt,2025,Insgesamt,29.03.,2933,e
Statistik der Sterbefälle,Deutschland,Insgesamt,2025,Insgesamt,30.03.,2623,e
Statistik der Sterbefälle,Deutschland,Insgesamt,2025,Insgesamt,31.03.,2850,e
Statistik der Sterbefälle,Deutschland,Insgesamt,2025,Insgesamt,01.04.,2778,e
Statistik der Sterbefälle,Deutschland,Insgesamt,2025,Insgesamt,02.04.,2872,e
Statistik der Sterbefälle,Deutschland,Insgesamt,2025,Insgesamt,03.04.,3046,e
Statistik der Sterbefälle,Deutschland,Insgesamt,2025,Insgesamt,04.04.,2861,e
Statistik der Sterbefälle,Deutschland,Insgesamt,2025,Insgesamt,05.04.,2884,e
Statistik der Sterbefälle,Deutschland,Insgesamt,2025,Insgesamt,06.04.,2582,e
Statistik der Sterbefälle,Deutschland,Insgesamt,2025,Insgesamt,07.04.,2798,e
Statistik der Sterbefälle,Deutschland,Insgesamt,2025,Insgesamt,08.04.,2811,e
Statistik der Sterbefälle,Deutschland,Insgesamt,2025,Insgesamt,09.04.,2856,e
Statistik der Sterbefälle,Deutschland,Insgesamt,2025,Insgesamt,10.04.,2829,e
Statistik der Sterbefälle,Deutschland,Insgesamt,2025,Insgesamt,11.04.,2860,e
Statistik der Sterbefälle,Deutschland,Insgesamt,2025,Insgesamt,12.04.,2772,e
Statistik der Sterbefälle,Deutschland,Insgesamt,2025,Insgesamt,13.04.,2813,e
Statistik der Sterbefälle,Deutschland,Insgesamt,2025,Insgesamt,14.04.,2792,e
Statistik der Sterbefälle,Deutschland,Insgesamt,2025,Insgesamt,15.04.,2867,e
Statistik der Sterbefälle,Deutschland,Insgesamt,2025,Insgesamt,16.04.,2950,e
Statistik der Sterbefälle,Deutschland,Insgesamt,2025,Insgesamt,17.04.,2792,e
Statistik der Sterbefälle,Deutschland,Insgesamt,2025,Insgesamt,18.04.,2562,e
Statistik der Sterbefälle,Deutschland,Insgesamt,2025,Insgesamt,19.04.,2750,e
Statistik der Sterbefälle,Deutschland,Insgesamt,2025,Insgesamt,20.04.,2634,e
Statistik der Sterbefälle,Deutschland,Insgesamt,2025,Insgesamt,21.04.,2458,e
Statistik der Sterbefälle,Deutschland,Insgesamt,2025,Insgesamt,22.04.,2637,e
Statistik der Sterbefälle,Deutschland,Insgesamt,2025,Insgesamt,23.04.,2597,e
Statistik der Sterbefälle,Deutschland,Insgesamt,2025,Insgesamt,24.04.,2603,e
Statistik der Sterbefälle,Deutschland,Insgesamt,2025,Insgesamt,25.04.,2681,e
Statistik der Sterbefälle,Deutschland,Insgesamt,2025,Insgesamt,26.04.,2572,e
Statistik der Sterbefälle,Deutschland,Insgesamt,2025,Insgesamt,27.04.,2491,e
Statistik der Sterbefälle,Deutschland,Insgesamt,2025,Insgesamt,28.04.,2711,e
Statistik der Sterbefälle,Deutschland,Insgesamt,2025,Insgesamt,29.04.,2719,e
Statistik der Sterbefälle,Deutschland,Insgesamt,2025,Insgesamt,30.04.,2769,e
Statistik der Sterbefälle,Deutschland,Insgesamt,2025,Insgesamt,01.05.,2692,e
Statistik der Sterbefälle,Deutschland,Insgesamt,2025,Insgesamt,02.05.,2738,e
Statistik der Sterbefälle,Deutschland,Insgesamt,2025,Insgesamt,03.05.,2729,e
Statistik der Sterbefälle,Deutschland,Insgesamt,2025,Insgesamt,04.05.,2469,e
Statistik der Sterbefälle,Deutschland,Insgesamt,2025,Insgesamt,05.05.,2498,e
Statistik der Sterbefälle,Deutschland,Insgesamt,2025,Insgesamt,06.05.,2534,e
Statistik der Sterbefälle,Deutschland,Insgesamt,2025,Insgesamt,07.05.,2511,e
Statistik der Sterbefälle,Deutschland,Insgesamt,2025,Insgesamt,08.05.,2524,e
Statistik der Sterbefälle,Deutschland,Insgesamt,2025,Insgesamt,09.05.,2584,e
Statistik der Sterbefälle,Deutschland,Insgesamt,2025,Insgesamt,10.05.,2451,e
Statistik der Sterbefälle,Deutschland,Insgesamt,2025,Insgesamt,11.05.,2563,e
Statistik der Sterbefälle,Deutschland,Insgesamt,2025,Insgesamt,12.05.,2671,e
Statistik der Sterbefälle,Deutschland,Insgesamt,2025,Insgesamt,13.05.,2645,e
Statistik der Sterbefälle,Deutschland,Insgesamt,2025,Insgesamt,14.05.,2510,e
Statistik der Sterbefälle,Deutschland,Insgesamt,2025,Insgesamt,15.05.,2603,e
Statistik der Sterbefälle,Deutschland,Insgesamt,2025,Insgesamt,16.05.,2586,e
Statistik der Sterbefälle,Deutschland,Insgesamt,2025,Insgesamt,17.05.,2553,e
Statistik der Sterbefälle,Deutschland,Insgesamt,2025,Insgesamt,18.05.,2438,e
Statistik der Sterbefälle,Deutschland,Insgesamt,2025,Insgesamt,19.05.,2497,e
Statistik der Sterbefälle,Deutschland,Insgesamt,2025,Insgesamt,20.05.,2610,e
Statistik der Sterbefälle,Deutschland,Insgesamt,2025,Insgesamt,21.05.,2569,e
Statistik der Sterbefälle,Deutschland,Insgesamt,2025,Insgesamt,22.05.,2483,e
Statistik der Sterbefälle,Deutschland,Insgesamt,2025,Insgesamt,23.05.,2516,e
Statistik der Sterbefälle,Deutschland,Insgesamt,2025,Insgesamt,24.05.,2430,e
Statistik der Sterbefälle,Deutschland,Insgesamt,2025,Insgesamt,25.05.,2478,e
Statistik der Sterbefälle,Deutschland,Insgesamt,2025,Insgesamt,26.05.,2570,e
Statistik der Sterbefälle,Deutschland,Insgesamt,2025,Insgesamt,27.05.,2565,e
Statistik der Sterbefälle,Deutschland,Insgesamt,2025,Insgesamt,28.05.,2715,e
Statistik der Sterbefälle,Deutschland,Insgesamt,2025,Insgesamt,29.05.,2519,e
Statistik der Sterbefälle,Deutschland,Insgesamt,2025,Insgesamt,30.05.,2753,e
Statistik der Sterbefälle,Deutschland,Insgesamt,2025,Insgesamt,31.05.,2612,e
Statistik der Sterbefälle,Deutschland,Insgesamt,2025,Insgesamt,01.06.,2584,e
Statistik der Sterbefälle,Deutschland,Insgesamt,2025,Insgesamt,02.06.,2561,e
Statistik der Sterbefälle,Deutschland,Insgesamt,2025,Insgesamt,03.06.,2557,e
Statistik der Sterbefälle,Deutschland,Insgesamt,2025,Insgesamt,04.06.,2578,e
Statistik der Sterbefälle,Deutschland,Insgesamt,2025,Insgesamt,05.06.,2621,e
Statistik der Sterbefälle,Deutschland,Insgesamt,2025,Insgesamt,06.06.,2655,e
Statistik der Sterbefälle,Deutschland,Insgesamt,2025,Insgesamt,07.06.,2458,e
Statistik der Sterbefälle,Deutschland,Insgesamt,2025,Insgesamt,08.06.,2323,e
Statistik der Sterbefälle,Deutschland,Insgesamt,2025,Insgesamt,09.06.,2261,e
Statistik der Sterbefälle,Deutschland,Insgesamt,2025,Insgesamt,10.06.,2416,e
Statistik der Sterbefälle,Deutschland,Insgesamt,2025,Insgesamt,11.06.,2535,e
Statistik der Sterbefälle,Deutschland,Insgesamt,2025,Insgesamt,12.06.,2486,e
Statistik der Sterbefälle,Deutschland,Insgesamt,2025,Insgesamt,13.06.,2576,e
Statistik der Sterbefälle,Deutschland,Insgesamt,2025,Insgesamt,14.06.,2575,e
Statistik der Sterbefälle,Deutschland,Insgesamt,2025,Insgesamt,15.06.,2566,e
Statistik der Sterbefälle,Deutschland,Insgesamt,2025,Insgesamt,16.06.,2480,e
Statistik der Sterbefälle,Deutschland,Insgesamt,2025,Insgesamt,17.06.,2524,e
Statistik der Sterbefälle,Deutschland,Insgesamt,2025,Insgesamt,18.06.,2563,e
Statistik der Sterbefälle,Deutschland,Insgesamt,2025,Insgesamt,19.06.,2460,e
Statistik der Sterbefälle,Deutschland,Insgesamt,2025,Insgesamt,20.06.,2460,e
Statistik der Sterbefälle,Deutschland,Insgesamt,2025,Insgesamt,21.06.,2410,e
Statistik der Sterbefälle,Deutschland,Insgesamt,2025,Insgesamt,22.06.,2497,e
Statistik der Sterbefälle,Deutschland,Insgesamt,2025,Insgesamt,23.06.,2570,e
Statistik der Sterbefälle,Deutschland,Insgesamt,2025,Insgesamt,24.06.,2445,e
Statistik der Sterbefälle,Deutschland,Insgesamt,2025,Insgesamt,25.06.,2589,e
Statistik der Sterbefälle,Deutschland,Insgesamt,2025,Insgesamt,26.06.,2701,e
Statistik der Sterbefälle,Deutschland,Insgesamt,2025,Insgesamt,27.06.,2516,e
Statistik der Sterbefälle,Deutschland,Insgesamt,2025,Insgesamt,28.06.,2482,e
Statistik der Sterbefälle,Deutschland,Insgesamt,2025,Insgesamt,29.06.,2497,e
Statistik der Sterbefälle,Deutschland,Insgesamt,2025,Insgesamt,30.06.,2514,e
Statistik der Sterbefälle,Deutschland,Insgesamt,2025,Insgesamt,01.07.,2619,e
Statistik der Sterbefälle,Deutschland,Insgesamt,2025,Insgesamt,02.07.,2839,e
Statistik der Sterbefälle,Deutschland,Insgesamt,2025,Insgesamt,03.07.,2801,e
Statistik der Sterbefälle,Deutschland,Insgesamt,2025,Insgesamt,04.07.,2476,e
Statistik der Sterbefälle,Deutschland,Insgesamt,2025,Insgesamt,05.07.,2455,e
Statistik der Sterbefälle,Deutschland,Insgesamt,2025,Insgesamt,06.07.,2402,e
Statistik der Sterbefälle,Deutschland,Insgesamt,2025,Insgesamt,07.07.,2552,e
Statistik der Sterbefälle,Deutschland,Insgesamt,2025,Insgesamt,08.07.,2368,e
Statistik der Sterbefälle,Deutschland,Insgesamt,2025,Insgesamt,09.07.,2358,e
Statistik der Sterbefälle,Deutschland,Insgesamt,2025,Insgesamt,10.07.,2359,e
Statistik der Sterbefälle,Deutschland,Insgesamt,2025,Insgesamt,11.07.,2506,e
Statistik der Sterbefälle,Deutschland,Insgesamt,2025,Insgesamt,12.07.,2439,e
Statistik der Sterbefälle,Deutschland,Insgesamt,2025,Insgesamt,13.07.,2432,e
Statistik der Sterbefälle,Deutschland,Insgesamt,2025,Insgesamt,14.07.,2526,e
Statistik der Sterbefälle,Deutschland,Insgesamt,2025,Insgesamt,15.07.,2519,e
Statistik der Sterbefälle,Deutschland,Insgesamt,2025,Insgesamt,16.07.,2332,e
Statistik der Sterbefälle,Deutschland,Insgesamt,2025,Insgesamt,17.07.,2483,e
Statistik der Sterbefälle,Deutschland,Insgesamt,2025,Insgesamt,18.07.,2606,e
Statistik der Sterbefälle,Deutschland,Insgesamt,2025,Insgesamt,19.07.,2551,e
Statistik der Sterbefälle,Deutschland,Insgesamt,2025,Insgesamt,20.07.,2584,e
Statistik der Sterbefälle,Deutschland,Insgesamt,2025,Insgesamt,21.07.,2547,e
Statistik der Sterbefälle,Deutschland,Insgesamt,2025,Insgesamt,22.07.,2356,e
Statistik der Sterbefälle,Deutschland,Insgesamt,2025,Insgesamt,23.07.,2504,e
Statistik der Sterbefälle,Deutschland,Insgesamt,2025,Insgesamt,24.07.,2510,e
Statistik der Sterbefälle,Deutschland,Insgesamt,2025,Insgesamt,25.07.,2528,e
Statistik der Sterbefälle,Deutschland,Insgesamt,2025,Insgesamt,26.07.,2355,e
Statistik der Sterbefälle,Deutschland,Insgesamt,2025,Insgesamt,27.07.,2369,e
Statistik der Sterbefälle,Deutschland,Insgesamt,2025,Insgesamt,28.07.,2344,e
Statistik der Sterbefälle,Deutschland,Insgesamt,2025,Insgesamt,29.07.,2395,e
Statistik der Sterbefälle,Deutschland,Insgesamt,2025,Insgesamt,30.07.,2426,e
Statistik der Sterbefälle,Deutschland,Insgesamt,2025,Insgesamt,31.07.,2458,e
Statistik der Sterbefälle,Deutschland,Insgesamt,2025,Insgesamt,01.08.,2455,e
Statistik der Sterbefälle,Deutschland,Insgesamt,2025,Insgesamt,02.08.,2380,e
Statistik der Sterbefälle,Deutschland,Insgesamt,2025,Insgesamt,03.08.,2177,e
Statistik der Sterbefälle,Deutschland,Insgesamt,2025,Insgesamt,04.08.,2397,e
Statistik der Sterbefälle,Deutschland,Insgesamt,2025,Insgesamt,05.08.,2539,e
Statistik der Sterbefälle,Deutschland,Insgesamt,2025,Insgesamt,06.08.,2421,e
Statistik der Sterbefälle,Deutschland,Insgesamt,2025,Insgesamt,07.08.,2468,e
Statistik der Sterbefälle,Deutschland,Insgesamt,2025,Insgesamt,08.08.,2549,e
Statistik der Sterbefälle,Deutschland,Insgesamt,2025,Insgesamt,09.08.,2595,e
Statistik der Sterbefälle,Deutschland,Insgesamt,2025,Insgesamt,10.08.,2447,e
Statistik der Sterbefälle,Deutschland,Insgesamt,2025,Insgesamt,11.08.,2525,e
Statistik der Sterbefälle,Deutschland,Insgesamt,2025,Insgesamt,12.08.,2533,e
Statistik der Sterbefälle,Deutschland,Insgesamt,2025,Insgesamt,13.08.,2627,e
Statistik der Sterbefälle,Deutschland,Insgesamt,2025,Insgesamt,14.08.,2859,e
Statistik der Sterbefälle,Deutschland,Insgesamt,2025,Insgesamt,15.08.,2936,e
Statistik der Sterbefälle,Deutschland,Insgesamt,2025,Insgesamt,16.08.,2667,e
Statistik der Sterbefälle,Deutschland,Insgesamt,2025,Insgesamt,17.08.,2248,e
Statistik der Sterbefälle,Deutschland,Insgesamt,2025,Insgesamt,18.08.,2470,e
Statistik der Sterbefälle,Deutschland,Insgesamt,2025,Insgesamt,19.08.,2521,e
Statistik der Sterbefälle,Deutschland,Insgesamt,2025,Insgesamt,20.08.,2541,e
Statistik der Sterbefälle,Deutschland,Insgesamt,2025,Insgesamt,21.08.,2433,e
Statistik der Sterbefälle,Deutschland,Insgesamt,2025,Insgesamt,22.08.,2431,e
Statistik der Sterbefälle,Deutschland,Insgesamt,2025,Insgesamt,23.08.,2286,e
Statistik der Sterbefälle,Deutschland,Insgesamt,2025,Insgesamt,24.08.,2249,e
Statistik der Sterbefälle,Deutschland,Insgesamt,2025,Insgesamt,25.08.,2430,e
Statistik der Sterbefälle,Deutschland,Insgesamt,2025,Insgesamt,26.08.,2487,e
Statistik der Sterbefälle,Deutschland,Insgesamt,2025,Insgesamt,27.08.,2578,e
Statistik der Sterbefälle,Deutschland,Insgesamt,2025,Insgesamt,28.08.,2630,e
Statistik der Sterbefälle,Deutschland,Insgesamt,2025,Insgesamt,29.08.,2499,e
Statistik der Sterbefälle,Deutschland,Insgesamt,2025,Insgesamt,30.08.,2392,e
Statistik der Sterbefälle,Deutschland,Insgesamt,2025,Insgesamt,31.08.,2417,e
Statistik der Sterbefälle,Deutschland,Insgesamt,2025,Insgesamt,01.09.,2518,e
Statistik der Sterbefälle,Deutschland,Insgesamt,2025,Insgesamt,02.09.,2480,e
Statistik der Sterbefälle,Deutschland,Insgesamt,2025,Insgesamt,03.09.,2513,e
Statistik der Sterbefälle,Deutschland,Insgesamt,2025,Insgesamt,04.09.,2515,e
Statistik der Sterbefälle,Deutschland,Insgesamt,2025,Insgesamt,05.09.,2513,e
Statistik der Sterbefälle,Deutschland,Insgesamt,2025,Insgesamt,06.09.,2377,e
Statistik der Sterbefälle,Deutschland,Insgesamt,2025,Insgesamt,07.09.,2265,e
Statistik der Sterbefälle,Deutschland,Insgesamt,2025,Insgesamt,08.09.,2452,e
Statistik der Sterbefälle,Deutschland,Insgesamt,2025,Insgesamt,09.09.,2468,e
Statistik der Sterbefälle,Deutschland,Insgesamt,2025,Insgesamt,10.09.,2439,e
Statistik der Sterbefälle,Deutschland,Insgesamt,2025,Insgesamt,11.09.,2412,e
Statistik der Sterbefälle,Deutschland,Insgesamt,2025,Insgesamt,12.09.,2366,e
Statistik der Sterbefälle,Deutschland,Insgesamt,2025,Insgesamt,13.09.,2405,e
Statistik der Sterbefälle,Deutschland,Insgesamt,2025,Insgesamt,14.09.,2377,e
Statistik der Sterbefälle,Deutschland,Insgesamt,2025,Insgesamt,15.09.,2465,e
Statistik der Sterbefälle,Deutschland,Insgesamt,2025,Insgesamt,16.09.,2559,e
Statistik der Sterbefälle,Deutschland,Insgesamt,2025,Insgesamt,17.09.,2486,e
Statistik der Sterbefälle,Deutschland,Insgesamt,2025,Insgesamt,18.09.,2622,e
Statistik der Sterbefälle,Deutschland,Insgesamt,2025,Insgesamt,19.09.,2604,e
Statistik der Sterbefälle,Deutschland,Insgesamt,2025,Insgesamt,20.09.,2706,e
Statistik der Sterbefälle,Deutschland,Insgesamt,2025,Insgesamt,21.09.,2447,e
Statistik der Sterbefälle,Deutschland,Insgesamt,2025,Insgesamt,22.09.,2460,e
Statistik der Sterbefälle,Deutschland,Insgesamt,2025,Insgesamt,23.09.,2412,e
Statistik der Sterbefälle,Deutschland,Insgesamt,2025,Insgesamt,24.09.,2442,e
Statistik der Sterbefälle,Deutschland,Insgesamt,2025,Insgesamt,25.09.,2529,e
Statistik der Sterbefälle,Deutschland,Insgesamt,2025,Insgesamt,26.09.,2570,e
Statistik der Sterbefälle,Deutschland,Insgesamt,2025,Insgesamt,27.09.,2556,e
Statistik der Sterbefälle,Deutschland,Insgesamt,2025,Insgesamt,28.09.,2509,e
Statistik der Sterbefälle,Deutschland,Insgesamt,2025,Insgesamt,29.09.,2522,e
Statistik der Sterbefälle,Deutschland,Insgesamt,2025,Insgesamt,30.09.,2595,e
Statistik der Sterbefälle,Deutschland,Insgesamt,2025,Insgesamt,01.10.,2549,e
Statistik der Sterbefälle,Deutschland,Insgesamt,2025,Insgesamt,02.10.,2643,e
Statistik der Sterbefälle,Deutschland,Insgesamt,2025,Insgesamt,03.10.,2658,e
Statistik der Sterbefälle,Deutschland,Insgesamt,2025,Insgesamt,04.10.,2655,e
Statistik der Sterbefälle,Deutschland,Insgesamt,2025,Insgesamt,05.10.,2519,e
Statistik der Sterbefälle,Deutschland,Insgesamt,2025,Insgesamt,06.10.,2582,e
Statistik der Sterbefälle,Deutschland,Insgesamt,2025,Insgesamt,07.10.,2724,e
Statistik der Sterbefälle,Deutschland,Insgesamt,2025,Insgesamt,08.10.,2834,e
Statistik der Sterbefälle,Deutschland,Insgesamt,2025,Insgesamt,09.10.,2752,e
Statistik der Sterbefälle,Deutschland,Insgesamt,2025,Insgesamt,10.10.,2706,e
Statistik der Sterbefälle,Deutschland,Insgesamt,2025,Insgesamt,11.10.,2606,e
Statistik der Sterbefälle,Deutschland,Insgesamt,2025,Insgesamt,12.10.,2557,e
Statistik der Sterbefälle,Deutschland,Insgesamt,2025,Insgesamt,13.10.,2630,e
Statistik der Sterbefälle,Deutschland,Insgesamt,2025,Insgesamt,14.10.,2605,e
Statistik der Sterbefälle,Deutschland,Insgesamt,2025,Insgesamt,15.10.,2638,e
Statistik der Sterbefälle,Deutschland,Insgesamt,2025,Insgesamt,16.10.,2749,e
Statistik der Sterbefälle,Deutschland,Insgesamt,2025,Insgesamt,17.10.,2670,e
Statistik der Sterbefälle,Deutschland,Insgesamt,2025,Insgesamt,18.10.,2627,e
Statistik der Sterbefälle,Deutschland,Insgesamt,2025,Insgesamt,19.10.,2480,e
Statistik der Sterbefälle,Deutschland,Insgesamt,2025,Insgesamt,20.10.,2812,e
Statistik der Sterbefälle,Deutschland,Insgesamt,2025,Insgesamt,21.10.,2860,e
Statistik der Sterbefälle,Deutschland,Insgesamt,2025,Insgesamt,22.10.,2833,e
Statistik der Sterbefälle,Deutschland,Insgesamt,2025,Insgesamt,23.10.,2864,e
Statistik der Sterbefälle,Deutschland,Insgesamt,2025,Insgesamt,24.10.,2755,e
Statistik der Sterbefälle,Deutschland,Insgesamt,2025,Insgesamt,25.10.,2702,e
Statistik der Sterbefälle,Deutschland,Insgesamt,2025,Insgesamt,26.10.,2683,e
Statistik der Sterbefälle,Deutschland,Insgesamt,2025,Insgesamt,27.10.,2732,e
Statistik der Sterbefälle,Deutschland,Insgesamt,2025,Insgesamt,28.10.,2694,e
Statistik der Sterbefälle,Deutschland,Insgesamt,2025,Insgesamt,29.10.,2744,e
Statistik der Sterbefälle,Deutschland,Insgesamt,2025,Insgesamt,30.10.,2725,e
Statistik der Sterbefälle,Deutschland,Insgesamt,2025,Insgesamt,31.10.,2715,e
Statistik der Sterbefälle,Deutschland,Insgesamt,2025,Insgesamt,01.11.,2696,e
Statistik der Sterbefälle,Deutschland,Insgesamt,2025,Insgesamt,02.11.,2672,e
Statistik der Sterbefälle,Deutschland,Insgesamt,2025,Insgesamt,03.11.,2726,e
Statistik der Sterbefälle,Deutschland,Insgesamt,2025,Insgesamt,04.11.,2723,e
Statistik der Sterbefälle,Deutschland,Insgesamt,2025,Insgesamt,05.11.,2795,e
Statistik der Sterbefälle,Deutschland,Insgesamt,2025,Insgesamt,06.11.,2790,e
Statistik der Sterbefälle,Deutschland,Insgesamt,2025,Insgesamt,07.11.,2743,e
Statistik der Sterbefälle,Deutschland,Insgesamt,2025,Insgesamt,08.11.,2623,e
Statistik der Sterbefälle,Deutschland,Insgesamt,2025,Insgesamt,09.11.,2583,e
Statistik der Sterbefälle,Deutschland,Insgesamt,2025,Insgesamt,10.11.,2664,e
Statistik der Sterbefälle,Deutschland,Insgesamt,2025,Insgesamt,11.11.,2696,e
Statistik der Sterbefälle,Deutschland,Insgesamt,2025,Insgesamt,12.11.,2760,e
Statistik der Sterbefälle,Deutschland,Insgesamt,2025,Insgesamt,13.11.,2825,e
Statistik der Sterbefälle,Deutschland,Insgesamt,2025,Insgesamt,14.11.,2830,e
Statistik der Sterbefälle,Deutschland,Insgesamt,2025,Insgesamt,15.11.,2747,e
Statistik der Sterbefälle,Deutschland,Insgesamt,2025,Insgesamt,16.11.,2601,e
Statistik der Sterbefälle,Deutschland,Insgesamt,2025,Insgesamt,17.11.,2680,e
Statistik der Sterbefälle,Deutschland,Insgesamt,2025,Insgesamt,18.11.,2749,e
Statistik der Sterbefälle,Deutschland,Insgesamt,2025,Insgesamt,19.11.,2705,e
Statistik der Sterbefälle,Deutschland,Insgesamt,2025,Insgesamt,20.11.,2793,e
Statistik der Sterbefälle,Deutschland,Insgesamt,2025,Insgesamt,21.11.,2774,e
Statistik der Sterbefälle,Deutschland,Insgesamt,2025,Insgesamt,22.11.,2735,e
Statistik der Sterbefälle,Deutschland,Insgesamt,2025,Insgesamt,23.11.,2701,e
Statistik der Sterbefälle,Deutschland,Insgesamt,2025,Insgesamt,24.11.,2942,e
Statistik der Sterbefälle,Deutschland,Insgesamt,2025,Insgesamt,25.11.,2888,e
Statistik der Sterbefälle,Deutschland,Insgesamt,2025,Insgesamt,26.11.,2824,e
Statistik der Sterbefälle,Deutschland,Insgesamt,2025,Insgesamt,27.11.,2862,e
Statistik der Sterbefälle,Deutschland,Insgesamt,2025,Insgesamt,28.11.,2893,e
Statistik der Sterbefälle,Deutschland,Insgesamt,2025,Insgesamt,29.11.,2964,e
Statistik der Sterbefälle,Deutschland,Insgesamt,2025,Insgesamt,30.11.,2762,e
Statistik der Sterbefälle,Deutschland,Insgesamt,2025,Insgesamt,01.12.,2864,e
Statistik der Sterbefälle,Deutschland,Insgesamt,2025,Insgesamt,02.12.,2879,e
Statistik der Sterbefälle,Deutschland,Insgesamt,2025,Insgesamt,03.12.,2914,e
Statistik der Sterbefälle,Deutschland,Insgesamt,2025,Insgesamt,04.12.,2905,e
Statistik der Sterbefälle,Deutschland,Insgesamt,2025,Insgesamt,05.12.,2956,e
Statistik der Sterbefälle,Deutschland,Insgesamt,2025,Insgesamt,06.12.,2904,e
Statistik der Sterbefälle,Deutschland,Insgesamt,2025,Insgesamt,07.12.,2687,e
Statistik der Sterbefälle,Deutschland,Insgesamt,2025,Insgesamt,08.12.,2984,e
Statistik der Sterbefälle,Deutschland,Insgesamt,2025,Insgesamt,09.12.,2938,e
Statistik der Sterbefälle,Deutschland,Insgesamt,2025,Insgesamt,10.12.,2998,e
Statistik der Sterbefälle,Deutschland,Insgesamt,2025,Insgesamt,11.12.,2887,e
Statistik der Sterbefälle,Deutschland,Insgesamt,2025,Insgesamt,12.12.,2881,e
Statistik der Sterbefälle,Deutschland,Insgesamt,2025,Insgesamt,13.12.,2755,e
Statistik der Sterbefälle,Deutschland,Insgesamt,2025,Insgesamt,14.12.,2650,e
Statistik der Sterbefälle,Deutschland,Insgesamt,2025,Insgesamt,15.12.,2877,e
Statistik der Sterbefälle,Deutschland,Insgesamt,2025,Insgesamt,16.12.,2778,e
Statistik der Sterbefälle,Deutschland,Insgesamt,2025,Insgesamt,17.12.,2916,e
Statistik der Sterbefälle,Deutschland,Insgesamt,2025,Insgesamt,18.12.,2942,e
Statistik der Sterbefälle,Deutschland,Insgesamt,2025,Insgesamt,19.12.,2932,e
Statistik der Sterbefälle,Deutschland,Insgesamt,2025,Insgesamt,20.12.,2882,e
Statistik der Sterbefälle,Deutschland,Insgesamt,2025,Insgesamt,21.12.,2829,e
Statistik der Sterbefälle,Deutschland,Insgesamt,2025,Insgesamt,22.12.,2901,e
Statistik der Sterbefälle,Deutschland,Insgesamt,2025,Insgesamt,23.12.,2928,e
Statistik der Sterbefälle,Deutschland,Insgesamt,2025,Insgesamt,24.12.,2776,e
Statistik der Sterbefälle,Deutschland,Insgesamt,2025,Insgesamt,25.12.,2743,e
Statistik der Sterbefälle,Deutschland,Insgesamt,2025,Insgesamt,26.12.,2793,e
Statistik der Sterbefälle,Deutschland,Insgesamt,2025,Insgesamt,27.12.,2892,e
Statistik der Sterbefälle,Deutschland,Insgesamt,2025,Insgesamt,28.12.,2897,e
Statistik der Sterbefälle,Deutschland,Insgesamt,2025,Insgesamt,29.12.,3046,e
Statistik der Sterbefälle,Deutschland,Insgesamt,2025,Insgesamt,30.12.,3135,e
Statistik der Sterbefälle,Deutschland,Insgesamt,2025,Insgesamt,31.12.,3120,e
Statistik der Sterbefälle,Deutschland,Insgesamt,2026,Insgesamt,Insgesamt,...,p
Statistik der Sterbefälle,Deutschland,Insgesamt,2026,Insgesamt,01.01.,3054,p
Statistik der Sterbefälle,Deutschland,Insgesamt,2026,Insgesamt,02.01.,3311,p
Statistik der Sterbefälle,Deutschland,Insgesamt,2026,Insgesamt,03.01.,3237,p
Statistik der Sterbefälle,Deutschland,Insgesamt,2026,Insgesamt,04.01.,3140,p
Statistik der Sterbefälle,Deutschland,Insgesamt,2026,Insgesamt,05.01.,3277,p
Statistik der Sterbefälle,Deutschland,Insgesamt,2026,Insgesamt,06.01.,3215,p
Statistik der Sterbefälle,Deutschland,Insgesamt,2026,Insgesamt,07.01.,3477,p
Statistik der Sterbefälle,Deutschland,Insgesamt,2026,Insgesamt,08.01.,3338,p
Statistik der Sterbefälle,Deutschland,Insgesamt,2026,Insgesamt,09.01.,3617,p
Statistik der Sterbefälle,Deutschland,Insgesamt,2026,Insgesamt,10.01.,3307,p
Statistik der Sterbefälle,Deutschland,Insgesamt,2026,Insgesamt,11.01.,3126,p
Statistik der Sterbefälle,Deutschland,Insgesamt,2026,Insgesamt,12.01.,3342,p
Statistik der Sterbefälle,Deutschland,Insgesamt,2026,Insgesamt,13.01.,3430,p
Statistik der Sterbefälle,Deutschland,Insgesamt,2026,Insgesamt,14.01.,3476,p
Statistik der Sterbefälle,Deutschland,Insgesamt,2026,Insgesamt,15.01.,3426,p
Statistik der Sterbefälle,Deutschland,Insgesamt,2026,Insgesamt,16.01.,3383,p
Statistik der Sterbefälle,Deutschland,Insgesamt,2026,Insgesamt,17.01.,3057,p
Statistik der Sterbefälle,Deutschland,Insgesamt,2026,Insgesamt,18.01.,3100,p
Statistik der Sterbefälle,Deutschland,Insgesamt,2026,Insgesamt,19.01.,3097,p
Statistik der Sterbefälle,Deutschland,Insgesamt,2026,Insgesamt,20.01.,3133,p
Statistik der Sterbefälle,Deutschland,Insgesamt,2026,Insgesamt,21.01.,3210,p
Statistik der Sterbefälle,Deutschland,Insgesamt,2026,Insgesamt,22.01.,3321,p
Statistik der Sterbefälle,Deutschland,Insgesamt,2026,Insgesamt,23.01.,3188,p
Statistik der Sterbefälle,Deutschland,Insgesamt,2026,Insgesamt,24.01.,3132,p
Statistik der Sterbefälle,Deutschland,Insgesamt,2026,Insgesamt,25.01.,2955,p
Statistik der Sterbefälle,Deutschland,Insgesamt,2026,Insgesamt,26.01.,3283,p
Statistik der Sterbefälle,Deutschland,Insgesamt,2026,Insgesamt,27.01.,3204,p
Statistik der Sterbefälle,Deutschland,Insgesamt,2026,Insgesamt,28.01.,3226,p
Statistik der Sterbefälle,Deutschland,Insgesamt,2026,Insgesamt,29.01.,3139,p
Statistik der Sterbefälle,Deutschland,Insgesamt,2026,Insgesamt,30.01.,3232,p
Statistik der Sterbefälle,Deutschland,Insgesamt,2026,Insgesamt,31.01.,3123,p
Statistik der Sterbefälle,Deutschland,Insgesamt,2026,Insgesamt,01.02.,2976,p
Statistik der Sterbefälle,Deutschland,Insgesamt,2026,Insgesamt,02.02.,3128,p
Statistik der Sterbefälle,Deutschland,Insgesamt,2026,Insgesamt,03.02.,3144,p
Statistik der Sterbefälle,Deutschland,Insgesamt,2026,Insgesamt,04.02.,3287,p
Statistik der Sterbefälle,Deutschland,Insgesamt,2026,Insgesamt,05.02.,3310,p
Statistik der Sterbefälle,Deutschland,Insgesamt,2026,Insgesamt,06.02.,3223,p
Statistik der Sterbefälle,Deutschland,Insgesamt,2026,Insgesamt,07.02.,3057,p
Statistik der Sterbefälle,Deutschland,Insgesamt,2026,Insgesamt,08.02.,3014,p
Statistik der Sterbefälle,Deutschland,Insgesamt,2026,Insgesamt,09.02.,3044,p
Statistik der Sterbefälle,Deutschland,Insgesamt,2026,Insgesamt,10.02.,3263,p
Statistik der Sterbefälle,Deutschland,Insgesamt,2026,Insgesamt,11.02.,3220,p
Statistik der Sterbefälle,Deutschland,Insgesamt,2026,Insgesamt,12.02.,3300,p
Statistik der Sterbefälle,Deutschland,Insgesamt,2026,Insgesamt,13.02.,3249,p
Statistik der Sterbefälle,Deutschland,Insgesamt,2026,Insgesamt,14.02.,2975,p
Statistik der Sterbefälle,Deutschland,Insgesamt,2026,Insgesamt,15.02.,2939,p
Statistik der Sterbefälle,Deutschland,Insgesamt,2026,Insgesamt,16.02.,3104,p
Statistik der Sterbefälle,Deutschland,Insgesamt,2026,Insgesamt,17.02.,3110,p
Statistik der Sterbefälle,Deutschland,Insgesamt,2026,Insgesamt,18.02.,3091,p
Statistik der Sterbefälle,Deutschland,Insgesamt,2026,Insgesamt,19.02.,3012,p
Statistik der Sterbefälle,Deutschland,Insgesamt,2026,Insgesamt,20.02.,3196,p
Statistik der Sterbefälle,Deutschland,Insgesamt,2026,Insgesamt,21.02.,3012,p
Statistik der Sterbefälle,Deutschland,Insgesamt,2026,Insgesamt,22.02.,2934,p
Statistik der Sterbefälle,Deutschland,Insgesamt,2026,Insgesamt,23.02.,3092,p
Statistik der Sterbefälle,Deutschland,Insgesamt,2026,Insgesamt,24.02.,3191,p
Statistik der Sterbefälle,Deutschland,Insgesamt,2026,Insgesamt,25.02.,3032,p
Statistik der Sterbefälle,Deutschland,Insgesamt,2026,Insgesamt,26.02.,3045,p
Statistik der Sterbefälle,Deutschland,Insgesamt,2026,Insgesamt,27.02.,3074,p
Statistik der Sterbefälle,Deutschland,Insgesamt,2026,Insgesamt,28.02.,2861,p
Statistik der Sterbefälle,Deutschland,Insgesamt,2026,Insgesamt,29.02.,X,p
Statistik der Sterbefälle,Deutschland,Insgesamt,2026,Insgesamt,01.03.,2769,p
Statistik der Sterbefälle,Deutschland,Insgesamt,2026,Insgesamt,02.03.,2843,p
Statistik der Sterbefälle,Deutschland,Insgesamt,2026,Insgesamt,03.03.,2864,p
Statistik der Sterbefälle,Deutschland,Insgesamt,2026,Insgesamt,04.03.,2857,p
Statistik der Sterbefälle,Deutschland,Insgesamt,2026,Insgesamt,05.03.,2874,p
Statistik der Sterbefälle,Deutschland,Insgesamt,2026,Insgesamt,06.03.,2838,p
Statistik der Sterbefälle,Deutschland,Insgesamt,2026,Insgesamt,07.03.,2837,p
Statistik der Sterbefälle,Deutschland,Insgesamt,2026,Insgesamt,08.03.,2651,p
Statistik der Sterbefälle,Deutschland,Insgesamt,2026,Insgesamt,09.03.,2766,p
Statistik der Sterbefälle,Deutschland,Insgesamt,2026,Insgesamt,10.03.,2796,p
Statistik der Sterbefälle,Deutschland,Insgesamt,2026,Insgesamt,11.03.,2759,p
Statistik der Sterbefälle,Deutschland,Insgesamt,2026,Insgesamt,12.03.,2766,p
Statistik der Sterbefälle,Deutschland,Insgesamt,2026,Insgesamt,13.03.,2886,p
Statistik der Sterbefälle,Deutschland,Insgesamt,2026,Insgesamt,14.03.,2613,p
Statistik der Sterbefälle,Deutschland,Insgesamt,2026,Insgesamt,15.03.,2526,p
Statistik der Sterbefälle,Deutschland,Insgesamt,2026,Insgesamt,16.03.,2631,p
Statistik der Sterbefälle,Deutschland,Insgesamt,2026,Insgesamt,17.03.,2757,p
Statistik der Sterbefälle,Deutschland,Insgesamt,2026,Insgesamt,18.03.,2617,p
Statistik der Sterbefälle,Deutschland,Insgesamt,2026,Insgesamt,19.03.,2738,p
Statistik der Sterbefälle,Deutschland,Insgesamt,2026,Insgesamt,20.03.,2704,p
Statistik der Sterbefälle,Deutschland,Insgesamt,2026,Insgesamt,21.03.,2720,p
Statistik der Sterbefälle,Deutschland,Insgesamt,2026,Insgesamt,22.03.,2575,p
Statistik der Sterbefälle,Deutschland,Insgesamt,2026,Insgesamt,23.03.,2643,p
Statistik der Sterbefälle,Deutschland,Insgesamt,2026,Insgesamt,24.03.,2776,p
Statistik der Sterbefälle,Deutschland,Insgesamt,2026,Insgesamt,25.03.,2692,p
Statistik der Sterbefälle,Deutschland,Insgesamt,2026,Insgesamt,26.03.,2634,p
Statistik der Sterbefälle,Deutschland,Insgesamt,2026,Insgesamt,27.03.,2761,p
Statistik der Sterbefälle,Deutschland,Insgesamt,2026,Insgesamt,28.03.,2607,p
Statistik der Sterbefälle,Deutschland,Insgesamt,2026,Insgesamt,29.03.,2482,p
Statistik der Sterbefälle,Deutschland,Insgesamt,2026,Insgesamt,30.03.,2738,p
Statistik der Sterbefälle,Deutschland,Insgesamt,2026,Insgesamt,31.03.,2648,p
Statistik der Sterbefälle,Deutschland,Insgesamt,2026,Insgesamt,01.04.,2702,p
Statistik der Sterbefälle,Deutschland,Insgesamt,2026,Insgesamt,02.04.,2748,p
Statistik der Sterbefälle,Deutschland,Insgesamt,2026,Insgesamt,03.04.,2624,p
Statistik der Sterbefälle,Deutschland,Insgesamt,2026,Insgesamt,04.04.,2710,p
Statistik der Sterbefälle,Deutschland,Insgesamt,2026,Insgesamt,05.04.,2628,p
Statistik der Sterbefälle,Deutschland,Insgesamt,2026,Insgesamt,06.04.,2498,p
Statistik der Sterbefälle,Deutschland,Insgesamt,2026,Insgesamt,07.04.,2690,p
Statistik der Sterbefälle,Deutschland,Insgesamt,2026,Insgesamt,08.04.,2716,p
Statistik der Sterbefälle,Deutschland,Insgesamt,2026,Insgesamt,09.04.,2736,p
Statistik der Sterbefälle,Deutschland,Insgesamt,2026,Insgesamt,10.04.,2739,p
Statistik der Sterbefälle,Deutschland,Insgesamt,2026,Insgesamt,11.04.,2700,p
Statistik der Sterbefälle,Deutschland,Insgesamt,2026,Insgesamt,12.04.,2590,p
Statistik der Sterbefälle,Deutschland,Insgesamt,2026,Insgesamt,13.04.,2721,p
Statistik der Sterbefälle,Deutschland,Insgesamt,2026,Insgesamt,14.04.,2779,p
Statistik der Sterbefälle,Deutschland,Insgesamt,2026,Insgesamt,15.04.,2675,p
Statistik der Sterbefälle,Deutschland,Insgesamt,2026,Insgesamt,16.04.,2752,p
Statistik der Sterbefälle,Deutschland,Insgesamt,2026,Insgesamt,17.04.,2780,p
Statistik der Sterbefälle,Deutschland,Insgesamt,2026,Insgesamt,18.04.,2678,p
Statistik der Sterbefälle,Deutschland,Insgesamt,2026,Insgesamt,19.04.,2495,p
Statistik der Sterbefälle,Deutschland,Insgesamt,2026,Insgesamt,20.04.,2539,p
Statistik der Sterbefälle,Deutschland,Insgesamt,2026,Insgesamt,21.04.,2597,p
Statistik der Sterbefälle,Deutschland,Insgesamt,2026,Insgesamt,22.04.,2546,p
Statistik der Sterbefälle,Deutschland,Insgesamt,2026,Insgesamt,23.04.,2594,p
Statistik der Sterbefälle,Deutschland,Insgesamt,2026,Insgesamt,24.04.,2682,p
Statistik der Sterbefälle,Deutschland,Insgesamt,2026,Insgesamt,25.04.,2551,p
Statistik der Sterbefälle,Deutschland,Insgesamt,2026,Insgesamt,26.04.,2505,p
Statistik der Sterbefälle,Deutschland,Insgesamt,2026,Insgesamt,27.04.,2577,p
Statistik der Sterbefälle,Deutschland,Insgesamt,2026,Insgesamt,28.04.,2593,p
Statistik der Sterbefälle,Deutschland,Insgesamt,2026,Insgesamt,29.04.,2654,p
Statistik der Sterbefälle,Deutschland,Insgesamt,2026,Insgesamt,30.04.,2603,p
Statistik der Sterbefälle,Deutschland,Insgesamt,2026,Insgesamt,01.05.,2656,p
Statistik der Sterbefälle,Deutschland,Insgesamt,2026,Insgesamt,02.05.,2695,p
Statistik der Sterbefälle,Deutschland,Insgesamt,2026,Insgesamt,03.05.,2609,p
Statistik der Sterbefälle,Deutschland,Insgesamt,2026,Insgesamt,04.05.,2738,p
Statistik der Sterbefälle,Deutschland,Insgesamt,2026,Insgesamt,05.05.,2762,p
Statistik der Sterbefälle,Deutschland,Insgesamt,2026,Insgesamt,06.05.,2664,p
Statistik der Sterbefälle,Deutschland,Insgesamt,2026,Insgesamt,07.05.,2667,p
Statistik der Sterbefälle,Deutschland,Insgesamt,2026,Insgesamt,08.05.,2580,p
Statistik der Sterbefälle,Deutschland,Insgesamt,2026,Insgesamt,09.05.,2490,p
Statistik der Sterbefälle,Deutschland,Insgesamt,2026,Insgesamt,10.05.,2422,p
Statistik der Sterbefälle,Deutschland,Insgesamt,2026,Insgesamt,11.05.,2652,p
Statistik der Sterbefälle,Deutschland,Insgesamt,2026,Insgesamt,12.05.,2427,p
Statistik der Sterbefälle,Deutschland,Insgesamt,2026,Insgesamt,13.05.,2562,p
Statistik der Sterbefälle,Deutschland,Insgesamt,2026,Insgesamt,14.05.,2514,p
Statistik der Sterbefälle,Deutschland,Insgesamt,2026,Insgesamt,15.05.,2507,p
Statistik der Sterbefälle,Deutschland,Insgesamt,2026,Insgesamt,16.05.,2502,p
Statistik der Sterbefälle,Deutschland,Insgesamt,2026,Insgesamt,17.05.,2491,p
Statistik der Sterbefälle,Deutschland,Insgesamt,2026,Insgesamt,18.05.,2554,p
Statistik der Sterbefälle,Deutschland,Insgesamt,2026,Insgesamt,19.05.,2533,p
Statistik der Sterbefälle,Deutschland,Insgesamt,2026,Insgesamt,20.05.,2577,p
Statistik der Sterbefälle,Deutschland,Insgesamt,2026,Insgesamt,21.05.,2710,p
Statistik der Sterbefälle,Deutschland,Insgesamt,2026,Insgesamt,22.05.,2626,p
Statistik der Sterbefälle,Deutschland,Insgesamt,2026,Insgesamt,23.05.,2599,p
Statistik der Sterbefälle,Deutschland,Insgesamt,2026,Insgesamt,24.05.,2512,p
Statistik der Sterbefälle,Deutschland,Insgesamt,2026,Insgesamt,25.05.,2450,p
Statistik der Sterbefälle,Deutschland,Insgesamt,2026,Insgesamt,26.05.,2619,p
Statistik der Sterbefälle,Deutschland,Insgesamt,2026,Insgesamt,27.05.,2546,p
Statistik der Sterbefälle,Deutschland,Insgesamt,2026,Insgesamt,28.05.,2459,p
Statistik der Sterbefälle,Deutschland,Insgesamt,2026,Insgesamt,29.05.,2625,p
Statistik der Sterbefälle,Deutschland,Insgesamt,2026,Insgesamt,30.05.,2665,p
Statistik der Sterbefälle,Deutschland,Insgesamt,2026,Insgesamt,31.05.,2511,p
Statistik der Sterbefälle,Deutschland,Insgesamt,2026,Insgesamt,01.06.,2489,p
Statistik der Sterbefälle,Deutschland,Insgesamt,2026,Insgesamt,02.06.,2538,p
Statistik der Sterbefälle,Deutschland,Insgesamt,2026,Insgesamt,03.06.,2458,p
Statistik der Sterbefälle,Deutschland,Insgesamt,2026,Insgesamt,04.06.,2444,p
Statistik der Sterbefälle,Deutschland,Insgesamt,2026,Insgesamt,05.06.,2373,p
Statistik der Sterbefälle,Deutschland,Insgesamt,2026,Insgesamt,06.06.,2380,p
Statistik der Sterbefälle,Deutschland,Insgesamt,2026,Insgesamt,07.06.,2265,p
Statistik der Sterbefälle,Deutschland,Insgesamt,2026,Insgesamt,08.06.,2501,p
Statistik der Sterbefälle,Deutschland,Insgesamt,2026,Insgesamt,09.06.,2418,p
Statistik der Sterbefälle,Deutschland,Insgesamt,2026,Insgesamt,10.06.,2282,p
Statistik der Sterbefälle,Deutschland,Insgesamt,2026,Insgesamt,11.06.,2411,p
Statistik der Sterbefälle,Deutschland,Insgesamt,2026,Insgesamt,12.06.,2483,p
Statistik der Sterbefälle,Deutschland,Insgesamt,2026,Insgesamt,13.06.,2461,p
Statistik der Sterbefälle,Deutschland,Insgesamt,2026,Insgesamt,14.06.,2255,p
Statistik der Sterbefälle,Deutschland,Insgesamt,2026,Insgesamt,15.06.,2468,p
Statistik der Sterbefälle,Deutschland,Insgesamt,2026,Insgesamt,16.06.,2419,p
Statistik der Sterbefälle,Deutschland,Insgesamt,2026,Insgesamt,17.06.,2528,p
Statistik der Sterbefälle,Deutschland,Insgesamt,2026,Insgesamt,18.06.,2609,p
Statistik der Sterbefälle,Deutschland,Insgesamt,2026,Insgesamt,19.06.,2793,p
Statistik der Sterbefälle,Deutschland,Insgesamt,2026,Insgesamt,20.06.,2753,p
Statistik der Sterbefälle,Deutschland,Insgesamt,2026,Insgesamt,21.06.,2711,p
Statistik der Sterbefälle,Deutschland,Insgesamt,2026,Insgesamt,22.06.,2754,p
Statistik der Sterbefälle,Deutschland,Insgesamt,2026,Insgesamt,23.06.,2683,p
Statistik der Sterbefälle,Deutschland,Insgesamt,2026,Insgesamt,24.06.,2857,p
Statistik der Sterbefälle,Deutschland,Insgesamt,2026,Insgesamt,25.06.,3145,p
Statistik der Sterbefälle,Deutschland,Insgesamt,2026,Insgesamt,26.06.,3458,p
Statistik der Sterbefälle,Deutschland,Insgesamt,2026,Insgesamt,27.06.,4311,p
Statistik der Sterbefälle,Deutschland,Insgesamt,2026,Insgesamt,28.06.,4724,p
Statistik der Sterbefälle,Deutschland,Insgesamt,2026,Insgesamt,29.06.,4832,p
Statistik der Sterbefälle,Deutschland,Insgesamt,2026,Insgesamt,30.06.,3521,p
Statistik der Sterbefälle,Deutschland,Insgesamt,2026,Insgesamt,01.07.,3116,p
Statistik der Sterbefälle,Deutschland,Insgesamt,2026,Insgesamt,02.07.,2842,p
Statistik der Sterbefälle,Deutschland,Insgesamt,2026,Insgesamt,03.07.,2773,p
Statistik der Sterbefälle,Deutschland,Insgesamt,2026,Insgesamt,04.07.,2622,p
Statistik der Sterbefälle,Deutschland,Insgesamt,2026,Insgesamt,05.07.,2488,p
Statistik der Sterbefälle,Deutschland,Insgesamt,2026,Insgesamt,06.07.,...,p
Statistik der Sterbefälle,Deutschland,Insgesamt,2026,Insgesamt,07.07.,...,p
Statistik der Sterbefälle,Deutschland,Insgesamt,2026,Insgesamt,08.07.,...,p
Statistik der Sterbefälle,Deutschland,Insgesamt,2026,Insgesamt,09.07.,...,p
Statistik der Sterbefälle,Deutschland,Insgesamt,2026,Insgesamt,10.07.,...,p
Statistik der Sterbefälle,Deutschland,Insgesamt,2026,Insgesamt,11.07.,...,p
Statistik der Sterbefälle,Deutschland,Insgesamt,2026,Insgesamt,12.07.,...,p
Statistik der Sterbefälle,Deutschland,Insgesamt,2026,Insgesamt,13.07.,...,p
Statistik der Sterbefälle,Deutschland,Insgesamt,2026,Insgesamt,14.07.,...,p
Statistik der Sterbefälle,Deutschland,Insgesamt,2026,Insgesamt,15.07.,...,p
Statistik der Sterbefälle,Deutschland,Insgesamt,2026,Insgesamt,16.07.,...,p
Statistik der Sterbefälle,Deutschland,Insgesamt,2026,Insgesamt,17.07.,...,p
Statistik der Sterbefälle,Deutschland,Insgesamt,2026,Insgesamt,18.07.,...,p
Statistik der Sterbefälle,Deutschland,Insgesamt,2026,Insgesamt,19.07.,...,p
Statistik der Sterbefälle,Deutschland,Insgesamt,2026,Insgesamt,20.07.,...,p
Statistik der Sterbefälle,Deutschland,Insgesamt,2026,Insgesamt,21.07.,...,p
Statistik der Sterbefälle,Deutschland,Insgesamt,2026,Insgesamt,22.07.,...,p
Statistik der Sterbefälle,Deutschland,Insgesamt,2026,Insgesamt,23.07.,...,p
Statistik der Sterbefälle,Deutschland,Insgesamt,2026,Insgesamt,24.07.,...,p
Statistik der Sterbefälle,Deutschland,Insgesamt,2026,Insgesamt,25.07.,...,p
Statistik der Sterbefälle,Deutschland,Insgesamt,2026,Insgesamt,26.07.,...,p
Statistik der Sterbefälle,Deutschland,Insgesamt,2026,Insgesamt,27.07.,...,p
Statistik der Sterbefälle,Deutschland,Insgesamt,2026,Insgesamt,28.07.,...,p
Statistik der Sterbefälle,Deutschland,Insgesamt,2026,Insgesamt,29.07.,...,p
Statistik der Sterbefälle,Deutschland,Insgesamt,2026,Insgesamt,30.07.,...,p
Statistik der Sterbefälle,Deutschland,Insgesamt,2026,Insgesamt,31.07.,...,p
Statistik der Sterbefälle,Deutschland,Insgesamt,2026,Insgesamt,01.08.,...,p
Statistik der Sterbefälle,Deutschland,Insgesamt,2026,Insgesamt,02.08.,...,p
Statistik der Sterbefälle,Deutschland,Insgesamt,2026,Insgesamt,03.08.,...,p
Statistik der Sterbefälle,Deutschland,Insgesamt,2026,Insgesamt,04.08.,...,p
Statistik der Sterbefälle,Deutschland,Insgesamt,2026,Insgesamt,05.08.,...,p
Statistik der Sterbefälle,Deutschland,Insgesamt,2026,Insgesamt,06.08.,...,p
Statistik der Sterbefälle,Deutschland,Insgesamt,2026,Insgesamt,07.08.,...,p
Statistik der Sterbefälle,Deutschland,Insgesamt,2026,Insgesamt,08.08.,...,p
Statistik der Sterbefälle,Deutschland,Insgesamt,2026,Insgesamt,09.08.,...,p
Statistik der Sterbefälle,Deutschland,Insgesamt,2026,Insgesamt,10.08.,...,p
Statistik der Sterbefälle,Deutschland,Insgesamt,2026,Insgesamt,11.08.,...,p
Statistik der Sterbefälle,Deutschland,Insgesamt,2026,Insgesamt,12.08.,...,p
Statistik der Sterbefälle,Deutschland,Insgesamt,2026,Insgesamt,13.08.,...,p
Statistik der Sterbefälle,Deutschland,Insgesamt,2026,Insgesamt,14.08.,...,p
Statistik der Sterbefälle,Deutschland,Insgesamt,2026,Insgesamt,15.08.,...,p
Statistik der Sterbefälle,Deutschland,Insgesamt,2026,Insgesamt,16.08.,...,p
Statistik der Sterbefälle,Deutschland,Insgesamt,2026,Insgesamt,17.08.,...,p
Statistik der Sterbefälle,Deutschland,Insgesamt,2026,Insgesamt,18.08.,...,p
Statistik der Sterbefälle,Deutschland,Insgesamt,2026,Insgesamt,19.08.,...,p
Statistik der Sterbefälle,Deutschland,Insgesamt,2026,Insgesamt,20.08.,...,p
Statistik der Sterbefälle,Deutschland,Insgesamt,2026,Insgesamt,21.08.,...,p
Statistik der Sterbefälle,Deutschland,Insgesamt,2026,Insgesamt,22.08.,...,p
Statistik der Sterbefälle,Deutschland,Insgesamt,2026,Insgesamt,23.08.,...,p
Statistik der Sterbefälle,Deutschland,Insgesamt,2026,Insgesamt,24.08.,...,p
Statistik der Sterbefälle,Deutschland,Insgesamt,2026,Insgesamt,25.08.,...,p
Statistik der Sterbefälle,Deutschland,Insgesamt,2026,Insgesamt,26.08.,...,p
Statistik der Sterbefälle,Deutschland,Insgesamt,2026,Insgesamt,27.08.,...,p
Statistik der Sterbefälle,Deutschland,Insgesamt,2026,Insgesamt,28.08.,...,p
Statistik der Sterbefälle,Deutschland,Insgesamt,2026,Insgesamt,29.08.,...,p
Statistik der Sterbefälle,Deutschland,Insgesamt,2026,Insgesamt,30.08.,...,p
Statistik der Sterbefälle,Deutschland,Insgesamt,2026,Insgesamt,31.08.,...,p
Statistik der Sterbefälle,Deutschland,Insgesamt,2026,Insgesamt,01.09.,...,p
Statistik der Sterbefälle,Deutschland,Insgesamt,2026,Insgesamt,02.09.,...,p
Statistik der Sterbefälle,Deutschland,Insgesamt,2026,Insgesamt,03.09.,...,p
Statistik der Sterbefälle,Deutschland,Insgesamt,2026,Insgesamt,04.09.,...,p
Statistik der Sterbefälle,Deutschland,Insgesamt,2026,Insgesamt,05.09.,...,p
Statistik der Sterbefälle,Deutschland,Insgesamt,2026,Insgesamt,06.09.,...,p
Statistik der Sterbefälle,Deutschland,Insgesamt,2026,Insgesamt,07.09.,...,p
Statistik der Sterbefälle,Deutschland,Insgesamt,2026,Insgesamt,08.09.,...,p
Statistik der Sterbefälle,Deutschland,Insgesamt,2026,Insgesamt,09.09.,...,p
Statistik der Sterbefälle,Deutschland,Insgesamt,2026,Insgesamt,10.09.,...,p
Statistik der Sterbefälle,Deutschland,Insgesamt,2026,Insgesamt,11.09.,...,p
Statistik der Sterbefälle,Deutschland,Insgesamt,2026,Insgesamt,12.09.,...,p
Statistik der Sterbefälle,Deutschland,Insgesamt,2026,Insgesamt,13.09.,...,p
Statistik der Sterbefälle,Deutschland,Insgesamt,2026,Insgesamt,14.09.,...,p
Statistik der Sterbefälle,Deutschland,Insgesamt,2026,Insgesamt,15.09.,...,p
Statistik der Sterbefälle,Deutschland,Insgesamt,2026,Insgesamt,16.09.,...,p
Statistik der Sterbefälle,Deutschland,Insgesamt,2026,Insgesamt,17.09.,...,p
Statistik der Sterbefälle,Deutschland,Insgesamt,2026,Insgesamt,18.09.,...,p
Statistik der Sterbefälle,Deutschland,Insgesamt,2026,Insgesamt,19.09.,...,p
Statistik der Sterbefälle,Deutschland,Insgesamt,2026,Insgesamt,20.09.,...,p
Statistik der Sterbefälle,Deutschland,Insgesamt,2026,Insgesamt,21.09.,...,p
Statistik der Sterbefälle,Deutschland,Insgesamt,2026,Insgesamt,22.09.,...,p
Statistik der Sterbefälle,Deutschland,Insgesamt,2026,Insgesamt,23.09.,...,p
Statistik der Sterbefälle,Deutschland,Insgesamt,2026,Insgesamt,24.09.,...,p
Statistik der Sterbefälle,Deutschland,Insgesamt,2026,Insgesamt,25.09.,...,p
Statistik der Sterbefälle,Deutschland,Insgesamt,2026,Insgesamt,26.09.,...,p
Statistik der Sterbefälle,Deutschland,Insgesamt,2026,Insgesamt,27.09.,...,p
Statistik der Sterbefälle,Deutschland,Insgesamt,2026,Insgesamt,28.09.,...,p
Statistik der Sterbefälle,Deutschland,Insgesamt,2026,Insgesamt,29.09.,...,p
Statistik der Sterbefälle,Deutschland,Insgesamt,2026,Insgesamt,30.09.,...,p
Statistik der Sterbefälle,Deutschland,Insgesamt,2026,Insgesamt,01.10.,...,p
Statistik der Sterbefälle,Deutschland,Insgesamt,2026,Insgesamt,02.10.,...,p
Statistik der Sterbefälle,Deutschland,Insgesamt,2026,Insgesamt,03.10.,...,p
Statistik der Sterbefälle,Deutschland,Insgesamt,2026,Insgesamt,04.10.,...,p
Statistik der Sterbefälle,Deutschland,Insgesamt,2026,Insgesamt,05.10.,...,p
Statistik der Sterbefälle,Deutschland,Insgesamt,2026,Insgesamt,06.10.,...,p
Statistik der Sterbefälle,Deutschland,Insgesamt,2026,Insgesamt,07.10.,...,p
Statistik der Sterbefälle,Deutschland,Insgesamt,2026,Insgesamt,08.10.,...,p
Statistik der Sterbefälle,Deutschland,Insgesamt,2026,Insgesamt,09.10.,...,p
Statistik der Sterbefälle,Deutschland,Insgesamt,2026,Insgesamt,10.10.,...,p
Statistik der Sterbefälle,Deutschland,Insgesamt,2026,Insgesamt,11.10.,...,p
Statistik der Sterbefälle,Deutschland,Insgesamt,2026,Insgesamt,12.10.,...,p
Statistik der Sterbefälle,Deutschland,Insgesamt,2026,Insgesamt,13.10.,...,p
Statistik der Sterbefälle,Deutschland,Insgesamt,2026,Insgesamt,14.10.,...,p
Statistik der Sterbefälle,Deutschland,Insgesamt,2026,Insgesamt,15.10.,...,p
Statistik der Sterbefälle,Deutschland,Insgesamt,2026,Insgesamt,16.10.,...,p
Statistik der Sterbefälle,Deutschland,Insgesamt,2026,Insgesamt,17.10.,...,p
Statistik der Sterbefälle,Deutschland,Insgesamt,2026,Insgesamt,18.10.,...,p
Statistik der Sterbefälle,Deutschland,Insgesamt,2026,Insgesamt,19.10.,...,p
Statistik der Sterbefälle,Deutschland,Insgesamt,2026,Insgesamt,20.10.,...,p
Statistik der Sterbefälle,Deutschland,Insgesamt,2026,Insgesamt,21.10.,...,p
Statistik der Sterbefälle,Deutschland,Insgesamt,2026,Insgesamt,22.10.,...,p
Statistik der Sterbefälle,Deutschland,Insgesamt,2026,Insgesamt,23.10.,...,p
Statistik der Sterbefälle,Deutschland,Insgesamt,2026,Insgesamt,24.10.,...,p
Statistik der Sterbefälle,Deutschland,Insgesamt,2026,Insgesamt,25.10.,...,p
Statistik der Sterbefälle,Deutschland,Insgesamt,2026,Insgesamt,26.10.,...,p
Statistik der Sterbefälle,Deutschland,Insgesamt,2026,Insgesamt,27.10.,...,p
Statistik der Sterbefälle,Deutschland,Insgesamt,2026,Insgesamt,28.10.,...,p
Statistik der Sterbefälle,Deutschland,Insgesamt,2026,Insgesamt,29.10.,...,p
Statistik der Sterbefälle,Deutschland,Insgesamt,2026,Insgesamt,30.10.,...,p
Statistik der Sterbefälle,Deutschland,Insgesamt,2026,Insgesamt,31.10.,...,p
Statistik der Sterbefälle,Deutschland,Insgesamt,2026,Insgesamt,01.11.,...,p
Statistik der Sterbefälle,Deutschland,Insgesamt,2026,Insgesamt,02.11.,...,p
Statistik der Sterbefälle,Deutschland,Insgesamt,2026,Insgesamt,03.11.,...,p
Statistik der Sterbefälle,Deutschland,Insgesamt,2026,Insgesamt,04.11.,...,p
Statistik der Sterbefälle,Deutschland,Insgesamt,2026,Insgesamt,05.11.,...,p
Statistik der Sterbefälle,Deutschland,Insgesamt,2026,Insgesamt,06.11.,...,p
Statistik der Sterbefälle,Deutschland,Insgesamt,2026,Insgesamt,07.11.,...,p
Statistik der Sterbefälle,Deutschland,Insgesamt,2026,Insgesamt,08.11.,...,p
Statistik der Sterbefälle,Deutschland,Insgesamt,2026,Insgesamt,09.11.,...,p
Statistik der Sterbefälle,Deutschland,Insgesamt,2026,Insgesamt,10.11.,...,p
Statistik der Sterbefälle,Deutschland,Insgesamt,2026,Insgesamt,11.11.,...,p
Statistik der Sterbefälle,Deutschland,Insgesamt,2026,Insgesamt,12.11.,...,p
Statistik der Sterbefälle,Deutschland,Insgesamt,2026,Insgesamt,13.11.,...,p
Statistik der Sterbefälle,Deutschland,Insgesamt,2026,Insgesamt,14.11.,...,p
Statistik der Sterbefälle,Deutschland,Insgesamt,2026,Insgesamt,15.11.,...,p
Statistik der Sterbefälle,Deutschland,Insgesamt,2026,Insgesamt,16.11.,...,p
Statistik der Sterbefälle,Deutschland,Insgesamt,2026,Insgesamt,17.11.,...,p
Statistik der Sterbefälle,Deutschland,Insgesamt,2026,Insgesamt,18.11.,...,p
Statistik der Sterbefälle,Deutschland,Insgesamt,2026,Insgesamt,19.11.,...,p
Statistik der Sterbefälle,Deutschland,Insgesamt,2026,Insgesamt,20.11.,...,p
Statistik der Sterbefälle,Deutschland,Insgesamt,2026,Insgesamt,21.11.,...,p
Statistik der Sterbefälle,Deutschland,Insgesamt,2026,Insgesamt,22.11.,...,p
Statistik der Sterbefälle,Deutschland,Insgesamt,2026,Insgesamt,23.11.,...,p
Statistik der Sterbefälle,Deutschland,Insgesamt,2026,Insgesamt,24.11.,...,p
Statistik der Sterbefälle,Deutschland,Insgesamt,2026,Insgesamt,25.11.,...,p
Statistik der Sterbefälle,Deutschland,Insgesamt,2026,Insgesamt,26.11.,...,p
Statistik der Sterbefälle,Deutschland,Insgesamt,2026,Insgesamt,27.11.,...,p
Statistik der Sterbefälle,Deutschland,Insgesamt,2026,Insgesamt,28.11.,...,p
Statistik der Sterbefälle,Deutschland,Insgesamt,2026,Insgesamt,29.11.,...,p
Statistik der Sterbefälle,Deutschland,Insgesamt,2026,Insgesamt,30.11.,...,p
Statistik der Sterbefälle,Deutschland,Insgesamt,2026,Insgesamt,01.12.,...,p
Statistik der Sterbefälle,Deutschland,Insgesamt,2026,Insgesamt,02.12.,...,p
Statistik der Sterbefälle,Deutschland,Insgesamt,2026,Insgesamt,03.12.,...,p
Statistik der Sterbefälle,Deutschland,Insgesamt,2026,Insgesamt,04.12.,...,p
Statistik der Sterbefälle,Deutschland,Insgesamt,2026,Insgesamt,05.12.,...,p
Statistik der Sterbefälle,Deutschland,Insgesamt,2026,Insgesamt,06.12.,...,p
Statistik der Sterbefälle,Deutschland,Insgesamt,2026,Insgesamt,07.12.,...,p
Statistik der Sterbefälle,Deutschland,Insgesamt,2026,Insgesamt,08.12.,...,p
Statistik der Sterbefälle,Deutschland,Insgesamt,2026,Insgesamt,09.12.,...,p
Statistik der Sterbefälle,Deutschland,Insgesamt,2026,Insgesamt,10.12.,...,p
Statistik der Sterbefälle,Deutschland,Insgesamt,2026,Insgesamt,11.12.,...,p
Statistik der Sterbefälle,Deutschland,Insgesamt,2026,Insgesamt,12.12.,...,p
Statistik der Sterbefälle,Deutschland,Insgesamt,2026,Insgesamt,13.12.,...,p
Statistik der Sterbefälle,Deutschland,Insgesamt,2026,Insgesamt,14.12.,...,p
Statistik der Sterbefälle,Deutschland,Insgesamt,2026,Insgesamt,15.12.,...,p
Statistik der Sterbefälle,Deutschland,Insgesamt,2026,Insgesamt,16.12.,...,p
Statistik der Sterbefälle,Deutschland,Insgesamt,2026,Insgesamt,17.12.,...,p
Statistik der Sterbefälle,Deutschland,Insgesamt,2026,Insgesamt,18.12.,...,p
Statistik der Sterbefälle,Deutschland,Insgesamt,2026,Insgesamt,19.12.,...,p
Statistik der Sterbefälle,Deutschland,Insgesamt,2026,Insgesamt,20.12.,...,p
Statistik der Sterbefälle,Deutschland,Insgesamt,2026,Insgesamt,21.12.,...,p
Statistik der Sterbefälle,Deutschland,Insgesamt,2026,Insgesamt,22.12.,...,p
Statistik der Sterbefälle,Deutschland,Insgesamt,2026,Insgesamt,23.12.,...,p
Statistik der Sterbefälle,Deutschland,Insgesamt,2026,Insgesamt,24.12.,...,p
Statistik der Sterbefälle,Deutschland,Insgesamt,2026,Insgesamt,25.12.,...,p
Statistik der Sterbefälle,Deutschland,Insgesamt,2026,Insgesamt,26.12.,...,p
Statistik der Sterbefälle,Deutschland,Insgesamt,2026,Insgesamt,27.12.,...,p
Statistik der Sterbefälle,Deutschland,Insgesamt,2026,Insgesamt,28.12.,...,p
Statistik der Sterbefälle,Deutschland,Insgesamt,2026,Insgesamt,29.12.,...,p
Statistik der Sterbefälle,Deutschland,Insgesamt,2026,Insgesamt,30.12.,...,p
Statistik der Sterbefälle,Deutschland,Insgesamt,2026,Insgesamt,31.12.,...,p