Statistik,Gebiet,Geschlecht,Jahre,Alter ,Sterbedatum,Sterbefaelle,Qualitaetskennzeichen
Statistik der Sterbefälle,Deutschland,Insgesamt,2000,Insgesamt,Insgesamt,838797,e
Statistik der Sterbefälle,Deutschland,Insgesamt,2000,Insgesamt,01.01.,2626,e
Statistik der Sterbefälle,Deutschland,Insgesamt,2000,Insgesamt,02.01.,2618,e
Statistik der Sterbefälle,Deutschland,Insgesamt,2000,Insgesamt,03.01.,2603,e
Statistik der Sterbefälle,Deutschland,Insgesamt,2000,Insgesamt,04.01.,2612,e
Statistik der Sterbefälle,Deutschland,Insgesamt,2000,Insgesamt,05.01.,2631,e
Statistik der Sterbefälle,Deutschland,Insgesamt,2000,Insgesamt,06.01.,2721,e
Statistik der Sterbefälle,Deutschland,Insgesamt,2000,Insgesamt,07.01.,2637,e
Statistik der Sterbefälle,Deutschland,Insgesamt,2000,Insgesamt,08.01.,2608,e
Statistik der Sterbefälle,Deutschland,Insgesamt,2000,Insgesamt,09.01.,2454,e
Statistik der Sterbefälle,Deutschland,Insgesamt,2000,Insgesamt,10.01.,2615,e
Statistik der Sterbefälle,Deutschland,Insgesamt,2000,Insgesamt,11.01.,2660,e
Statistik der Sterbefälle,Deutschland,Insgesamt,2000,Insgesamt,12.01.,2631,e
Statistik der Sterbefälle,Deutschland,Insgesamt,2000,Insgesamt,13.01.,2626,e
Statistik der Sterbefälle,Deutschland,Insgesamt,2000,Insgesamt,14.01.,2695,e
Statistik der Sterbefälle,Deutschland,Insgesamt,2000,Insgesamt,15.01.,2640,e
Statistik der Sterbefälle,Deutschland,Insgesamt,2000,Insgesamt,16.01.,2593,e
Statistik der Sterbefälle,Deutschland,Insgesamt,2000,Insgesamt,17.01.,2814,e
Statistik der Sterbefälle,Deutschland,Insgesamt,2000,Insgesamt,18.01.,2728,e
Statistik der Sterbefälle,Deutschland,Insgesamt,2000,Insgesamt,19.01.,2698,e
Statistik der Sterbefälle,Deutschland,Insgesamt,2000,Insgesamt,20.01.,2722,e
Statistik der Sterbefälle,Deutschland,Insgesamt,2000,Insgesamt,21.01.,2780,e
Statistik der Sterbefälle,Deutschland,Insgesamt,2000,Insgesamt,22.01.,2685,e
Statistik der Sterbefälle,Deutschland,Insgesamt,2000,Insgesamt,23.01.,2709,e
Statistik der Sterbefälle,Deutschland,Insgesamt,2000,Insgesamt,24.01.,2749,e
Statistik der Sterbefälle,Deutschland,Insgesamt,2000,Insgesamt,25.01.,2681,e
Statistik der Sterbefälle,Deutschland,Insgesamt,2000,Insgesamt,26.01.,2719,e
Statistik der Sterbefälle,Deutschland,Insgesamt,2000,Insgesamt,27.01.,2927,e
Statistik der Sterbefälle,Deutschland,Insgesamt,2000,Insgesamt,28.01.,2867,e
Statistik der Sterbefälle,Deutschland,Insgesamt,2000,Insgesamt,29.01.,2881,e
Statistik der Sterbefälle,Deutschland,Insgesamt,2000,Insgesamt,30.01.,2891,e
Statistik der Sterbefälle,Deutschland,Insgesamt,2000,Insgesamt,31.01.,3020,e
Statistik der Sterbefälle,Deutschland,Insgesamt,2000,Insgesamt,01.02.,2982,e
Statistik der Sterbefälle,Deutschland,Insgesamt,2000,Insgesamt,02.02.,3004,e
Statistik der Sterbefälle,Deutschland,Insgesamt,2000,Insgesamt,03.02.,2912,e
Statistik der Sterbefälle,Deutschland,Insgesamt,2000,Insgesamt,04.02.,2895,e
Statistik der Sterbefälle,Deutschland,Insgesamt,2000,Insgesamt,05.02.,2852,e
Statistik der Sterbefälle,Deutschland,Insgesamt,2000,Insgesamt,06.02.,2725,e
Statistik der Sterbefälle,Deutschland,Insgesamt,2000,Insgesamt,07.02.,2886,e
Statistik der Sterbefälle,Deutschland,Insgesamt,2000,Insgesamt,08.02.,2841,e
Statistik der Sterbefälle,Deutschland,Insgesamt,2000,Insgesamt,09.02.,2778,e
Statistik der Sterbefälle,Deutschland,Insgesamt,2000,Insgesamt,10.02.,2706,e
Statistik der Sterbefälle,Deutschland,Insgesamt,2000,Insgesamt,11.02.,2699,e
Statistik der Sterbefälle,Deutschland,Insgesamt,2000,Insgesamt,12.02.,2639,e
Statistik der Sterbefälle,Deutschland,Insgesamt,2000,Insgesamt,13.02.,2680,e
Statistik der Sterbefälle,Deutschland,Insgesamt,2000,Insgesamt,14.02.,2610,e
Statistik der Sterbefälle,Deutschland,Insgesamt,2000,Insgesamt,15.02.,2688,e
Statistik der Sterbefälle,Deutschland,Insgesamt,2000,Insgesamt,16.02.,2679,e
Statistik der Sterbefälle,Deutschland,Insgesamt,2000,Insgesamt,17.02.,2604,e
Statistik der Sterbefälle,Deutschland,Insgesamt,2000,Insgesamt,18.02.,2525,e
Statistik der Sterbefälle,Deutschland,Insgesamt,2000,Insgesamt,19.02.,2675,e
Statistik der Sterbefälle,Deutschland,Insgesamt,2000,Insgesamt,20.02.,2365,e
Statistik der Sterbefälle,Deutschland,Insgesamt,2000,Insgesamt,21.02.,2559,e
Statistik der Sterbefälle,Deutschland,Insgesamt,2000,Insgesamt,22.02.,2519,e
Statistik der Sterbefälle,Deutschland,Insgesamt,2000,Insgesamt,23.02.,2471,e
Statistik der Sterbefälle,Deutschland,Insgesamt,2000,Insgesamt,24.02.,2522,e
Statistik der Sterbefälle,Deutschland,Insgesamt,2000,Insgesamt,25.02.,2470,e
Statistik der Sterbefälle,Deutschland,Insgesamt,2000,Insgesamt,26.02.,2450,e
Statistik der Sterbefälle,Deutschland,Insgesamt,2000,Insgesamt,27.02.,2441,e
Statistik der Sterbefälle,Deutschland,Insgesamt,2000,Insgesamt,28.02.,2639,e
Statistik der Sterbefälle,Deutschland,Insgesamt,2000,Insgesamt,29.02.,2491,e
Statistik der Sterbefälle,Deutschland,Insgesamt,2000,Insgesamt,01.03.,2534,e
Statistik der Sterbefälle,Deutschland,Insgesamt,2000,Insgesamt,02.03.,2357,e
Statistik der Sterbefälle,Deutschland,Insgesamt,2000,Insgesamt,03.03.,2459,e
Statistik der Sterbefälle,Deutschland,Insgesamt,2000,Insgesamt,04.03.,2467,e
Statistik der Sterbefälle,Deutschland,Insgesamt,2000,Insgesamt,05.03.,2274,e
Statistik der Sterbefälle,Deutschland,Insgesamt,2000,Insgesamt,06.03.,2365,e
Statistik der Sterbefälle,Deutschland,Insgesamt,2000,Insgesamt,07.03.,2486,e
Statistik der Sterbefälle,Deutschland,Insgesamt,2000,Insgesamt,08.03.,2494,e
Statistik der Sterbefälle,Deutschland,Insgesamt,2000,Insgesamt,09.03.,2558,e
Statistik der Sterbefälle,Deutschland,Insgesamt,2000,Insgesamt,10.03.,2371,e
Statistik der Sterbefälle,Deutschland,Insgesamt,2000,Insgesamt,11.03.,2376,e
Statistik der Sterbefälle,Deutschland,Insgesamt,2000,Insgesamt,12.03.,2258,e
Statistik der Sterbefälle,Deutschland,Insgesamt,2000,Insgesamt,13.03.,2413,e
Statistik der Sterbefälle,Deutschland,Insgesamt,2000,Insgesamt,14.03.,2272,e
Statistik der Sterbefälle,Deutschland,Insgesamt,2000,Insgesamt,15.03.,2324,e
Statistik der Sterbefälle,Deutschland,Insgesamt,2000,Insgesamt,16.03.,2309,e
Statistik der Sterbefälle,Deutschland,Insgesamt,2000,Insgesamt,17.03.,2376,e
Statistik der Sterbefälle,Deutschland,Insgesamt,2000,Insgesamt,18.03.,2328,e
Statistik der Sterbefälle,Deutschland,Insgesamt,2000,Insgesamt,19.03.,2205,e
Statistik der Sterbefälle,Deutschland,Insgesamt,2000,Insgesamt,20.03.,2348,e
Statistik der Sterbefälle,Deutschland,Insgesamt,2000,Insgesamt,21.03.,2363,e
Statistik der Sterbefälle,Deutschland,Insgesamt,2000,Insgesamt,22.03.,2428,e
Statistik der Sterbefälle,Deutschland,Insgesamt,2000,Insgesamt,23.03.,2339,e
Statistik der Sterbefälle,Deutschland,Insgesamt,2000,Insgesamt,24.03.,2329,e
Statistik der Sterbefälle,Deutschland,Insgesamt,2000,Insgesamt,25.03.,2380,e
Statistik der Sterbefälle,Deutschland,Insgesamt,2000,Insgesamt,26.03.,2153,e
Statistik der Sterbefälle,Deutschland,Insgesamt,2000,Insgesamt,27.03.,2426,e
Statistik der Sterbefälle,Deutschland,Insgesamt,2000,Insgesamt,28.03.,2231,e
Statistik der Sterbefälle,Deutschland,Insgesamt,2000,Insgesamt,29.03.,2341,e
Statistik der Sterbefälle,Deutschland,Insgesamt,2000,Insgesamt,30.03.,2301,e
Statistik der Sterbefälle,Deutschland,Insgesamt,2000,Insgesamt,31.03.,2266,e
Statistik der Sterbefälle,Deutschland,Insgesamt,2000,Insgesamt,01.04.,2349,e
Statistik der Sterbefälle,Deutschland,Insgesamt,2000,Insgesamt,02.04.,2324,e
Statistik der Sterbefälle,Deutschland,Insgesamt,2000,Insgesamt,03.04.,2396,e
Statistik der Sterbefälle,Deutschland,Insgesamt,2000,Insgesamt,04.04.,2335,e
Statistik der Sterbefälle,Deutschland,Insgesamt,2000,Insgesamt,05.04.,2280,e
Statistik der Sterbefälle,Deutschland,Insgesamt,2000,Insgesamt,06.04.,2170,e
Statistik der Sterbefälle,Deutschland,Insgesamt,2000,Insgesamt,07.04.,2287,e
Statistik der Sterbefälle,Deutschland,Insgesamt,2000,Insgesamt,08.04.,2165,e
Statistik der Sterbefälle,Deutschland,Insgesamt,2000,Insgesamt,09.04.,2282,e
Statistik der Sterbefälle,Deutschland,Insgesamt,2000,Insgesamt,10.04.,2269,e
Statistik der Sterbefälle,Deutschland,Insgesamt,2000,Insgesamt,11.04.,2289,e
Statistik der Sterbefälle,Deutschland,Insgesamt,2000,Insgesamt,12.04.,2353,e
Statistik der Sterbefälle,Deutschland,Insgesamt,2000,Insgesamt,13.04.,2306,e
Statistik der Sterbefälle,Deutschland,Insgesamt,2000,Insgesamt,14.04.,2319,e
Statistik der Sterbefälle,Deutschland,Insgesamt,2000,Insgesamt,15.04.,2276,e
Statistik der Sterbefälle,Deutschland,Insgesamt,2000,Insgesamt,16.04.,2185,e
Statistik der Sterbefälle,Deutschland,Insgesamt,2000,Insgesamt,17.04.,2359,e
Statistik der Sterbefälle,Deutschland,Insgesamt,2000,Insgesamt,18.04.,2263,e
Statistik der Sterbefälle,Deutschland,Insgesamt,2000,Insgesamt,19.04.,2249,e
Statistik der Sterbefälle,Deutschland,Insgesamt,2000,Insgesamt,20.04.,2316,e
Statistik der Sterbefälle,Deutschland,Insgesamt,2000,Insgesamt,21.04.,2269,e
Statistik der Sterbefälle,Deutschland,Insgesamt,2000,Insgesamt,22.04.,2409,e
Statistik der Sterbefälle,Deutschland,Insgesamt,2000,Insgesamt,23.04.,2217,e
Statistik der Sterbefälle,Deutschland,Insgesamt,2000,Insgesamt,24.04.,2139,e
Statistik der Sterbefälle,Deutschland,Insgesamt,2000,Insgesamt,25.04.,2218,e
Statistik der Sterbefälle,Deutschland,Insgesamt,2000,Insgesamt,26.04.,2225,e
Statistik der Sterbefälle,Deutschland,Insgesamt,2000,Insgesamt,27.04.,2283,e
Statistik der Sterbefälle,Deutschland,Insgesamt,2000,Insgesamt,28.04.,2332,e
Statistik der Sterbefälle,Deutschland,Insgesamt,2000,Insgesamt,29.04.,2258,e
Statistik der Sterbefälle,Deutschland,Insgesamt,2000,Insgesamt,30.04.,2163,e
Statistik der Sterbefälle,Deutschland,Insgesamt,2000,Insgesamt,01.05.,2139,e
Statistik der Sterbefälle,Deutschland,Insgesamt,2000,Insgesamt,02.05.,2264,e
Statistik der Sterbefälle,Deutschland,Insgesamt,2000,Insgesamt,03.05.,2129,e
Statistik der Sterbefälle,Deutschland,Insgesamt,2000,Insgesamt,04.05.,2099,e
Statistik der Sterbefälle,Deutschland,Insgesamt,2000,Insgesamt,05.05.,2200,e
Statistik der Sterbefälle,Deutschland,Insgesamt,2000,Insgesamt,06.05.,2189,e
Statistik der Sterbefälle,Deutschland,Insgesamt,2000,Insgesamt,07.05.,2122,e
Statistik der Sterbefälle,Deutschland,Insgesamt,2000,Insgesamt,08.05.,2245,e
Statistik der Sterbefälle,Deutschland,Insgesamt,2000,Insgesamt,09.05.,2278,e
Statistik der Sterbefälle,Deutschland,Insgesamt,2000,Insgesamt,10.05.,2205,e
Statistik der Sterbefälle,Deutschland,Insgesamt,2000,Insgesamt,11.05.,2231,e
Statistik der Sterbefälle,Deutschland,Insgesamt,2000,Insgesamt,12.05.,2225,e
Statistik der Sterbefälle,Deutschland,Insgesamt,2000,Insgesamt,13.05.,2143,e
Statistik der Sterbefälle,Deutschland,Insgesamt,2000,Insgesamt,14.05.,2057,e
Statistik der Sterbefälle,Deutschland,Insgesamt,2000,Insgesamt,15.05.,2316,e
Statistik der Sterbefälle,Deutschland,Insgesamt,2000,Insgesamt,16.05.,2352,e
Statistik der Sterbefälle,Deutschland,Insgesamt,2000,Insgesamt,17.05.,2315,e
Statistik der Sterbefälle,Deutschland,Insgesamt,2000,Insgesamt,18.05.,2097,e
Statistik der Sterbefälle,Deutschland,Insgesamt,2000,Insgesamt,19.05.,2153,e
Statistik der Sterbefälle,Deutschland,Insgesamt,2000,Insgesamt,20.05.,2042,e
Statistik der Sterbefälle,Deutschland,Insgesamt,2000,Insgesamt,21.05.,2036,e
Statistik der Sterbefälle,Deutschland,Insgesamt,2000,Insgesamt,22.05.,2099,e
Statistik der Sterbefälle,Deutschland,Insgesamt,2000,Insgesamt,23.05.,2042,e
Statistik der Sterbefälle,Deutschland,Insgesamt,2000,Insgesamt,24.05.,2129,e
Statistik der Sterbefälle,Deutschland,Insgesamt,2000,Insgesamt,25.05.,2080,e
Statistik der Sterbefälle,Deutschland,Insgesamt,2000,Insgesamt,26.05.,2190,e
Statistik der Sterbefälle,Deutschland,Insgesamt,2000,Insgesamt,27.05.,2004,e
Statistik der Sterbefälle,Deutschland,Insgesamt,2000,Insgesamt,28.05.,2126,e
Statistik der Sterbefälle,Deutschland,Insgesamt,2000,Insgesamt,29.05.,2111,e
Statistik der Sterbefälle,Deutschland,Insgesamt,2000,Insgesamt,30.05.,2087,e
Statistik der Sterbefälle,Deutschland,Insgesamt,2000,Insgesamt,31.05.,2125,e
Statistik der Sterbefälle,Deutschland,Insgesamt,2000,Insgesamt,01.06.,2253,e
Statistik der Sterbefälle,Deutschland,Insgesamt,2000,Insgesamt,02.06.,2290,e
Statistik der Sterbefälle,Deutschland,Insgesamt,2000,Insgesamt,03.06.,2213,e
Statistik der Sterbefälle,Deutschland,Insgesamt,2000,Insgesamt,04.06.,2192,e
Statistik der Sterbefälle,Deutschland,Insgesamt,2000,Insgesamt,05.06.,2188,e
Statistik der Sterbefälle,Deutschland,Insgesamt,2000,Insgesamt,06.06.,2144,e
Statistik der Sterbefälle,Deutschland,Insgesamt,2000,Insgesamt,07.06.,2085,e
Statistik der Sterbefälle,Deutschland,Insgesamt,2000,Insgesamt,08.06.,2140,e
Statistik der Sterbefälle,Deutschland,Insgesamt,2000,Insgesamt,09.06.,2207,e
Statistik der Sterbefälle,Deutschland,Insgesamt,2000,Insgesamt,10.06.,2299,e
Statistik der Sterbefälle,Deutschland,Insgesamt,2000,Insgesamt,11.06.,2229,e
Statistik der Sterbefälle,Deutschland,Insgesamt,2000,Insgesamt,12.06.,2066,e
Statistik der Sterbefälle,Deutschland,Insgesamt,2000,Insgesamt,13.06.,2117,e
Statistik der Sterbefälle,Deutschland,Insgesamt,2000,Insgesamt,14.06.,2325,e
Statistik der Sterbefälle,Deutschland,Insgesamt,2000,Insgesamt,15.06.,2076,e
Statistik der Sterbefälle,Deutschland,Insgesamt,2000,Insgesamt,16.06.,2020,e
Statistik der Sterbefälle,Deutschland,Insgesamt,2000,Insgesamt,17.06.,2008,e
Statistik der Sterbefälle,Deutschland,Insgesamt,2000,Insgesamt,18.06.,2083,e
Statistik der Sterbefälle,Deutschland,Insgesamt,2000,Insgesamt,19.06.,2270,e
Statistik der Sterbefälle,Deutschland,Insgesamt,2000,Insgesamt,20.06.,2497,e
Statistik der Sterbefälle,Deutschland,Insgesamt,2000,Insgesamt,21.06.,2567,e
Statistik der Sterbefälle,Deutschland,Insgesamt,2000,Insgesamt,22.06.,2405,e
Statistik der Sterbefälle,Deutschland,Insgesamt,2000,Insgesamt,23.06.,2130,e
Statistik der Sterbefälle,Deutschland,Insgesamt,2000,Insgesamt,24.06.,2050,e
Statistik der Sterbefälle,Deutschland,Insgesamt,2000,Insgesamt,25.06.,2030,e
Statistik der Sterbefälle,Deutschland,Insgesamt,2000,Insgesamt,26.06.,2099,e
Statistik der Sterbefälle,Deutschland,Insgesamt,2000,Insgesamt,27.06.,2033,e
Statistik der Sterbefälle,Deutschland,Insgesamt,2000,Insgesamt,28.06.,2028,e
Statistik der Sterbefälle,Deutschland,Insgesamt,2000,Insgesamt,29.06.,2102,e
Statistik der Sterbefälle,Deutschland,Insgesamt,2000,Insgesamt,30.06.,2074,e
Statistik der Sterbefälle,Deutschland,Insgesamt,2000,Insgesamt,01.07.,2152,e
Statistik der Sterbefälle,Deutschland,Insgesamt,2000,Insgesamt,02.07.,2061,e
Statistik der Sterbefälle,Deutschland,Insgesamt,2000,Insgesamt,03.07.,2208,e
Statistik der Sterbefälle,Deutschland,Insgesamt,2000,Insgesamt,04.07.,2220,e
Statistik der Sterbefälle,Deutschland,Insgesamt,2000,Insgesamt,05.07.,2065,e
Statistik der Sterbefälle,Deutschland,Insgesamt,2000,Insgesamt,06.07.,2107,e
Statistik der Sterbefälle,Deutschland,Insgesamt,2000,Insgesamt,07.07.,2118,e
Statistik der Sterbefälle,Deutschland,Insgesamt,2000,Insgesamt,08.07.,2008,e
Statistik der Sterbefälle,Deutschland,Insgesamt,2000,Insgesamt,09.07.,1916,e
Statistik der Sterbefälle,Deutschland,Insgesamt,2000,Insgesamt,10.07.,2153,e
Statistik der Sterbefälle,Deutschland,Insgesamt,2000,Insgesamt,11.07.,2036,e
Statistik der Sterbefälle,Deutschland,Insgesamt,2000,Insgesamt,12.07.,2049,e
Statistik der Sterbefälle,Deutschland,Insgesamt,2000,Insgesamt,13.07.,1985,e
Statistik der Sterbefälle,Deutschland,Insgesamt,2000,Insgesamt,14.07.,2140,e
Statistik der Sterbefälle,Deutschland,Insgesamt,2000,Insgesamt,15.07.,2054,e
Statistik der Sterbefälle,Deutschland,Insgesamt,2000,Insgesamt,16.07.,2025,e
Statistik der Sterbefälle,Deutschland,Insgesamt,2000,Insgesamt,17.07.,2085,e
Statistik der Sterbefälle,Deutschland,Insgesamt,2000,Insgesamt,18.07.,2129,e
Statistik der Sterbefälle,Deutschland,Insgesamt,2000,Insgesamt,19.07.,2141,e
Statistik der Sterbefälle,Deutschland,Insgesamt,2000,Insgesamt,20.07.,2109,e
Statistik der Sterbefälle,Deutschland,Insgesamt,2000,Insgesamt,21.07.,2071,e
Statistik der Sterbefälle,Deutschland,Insgesamt,2000,Insgesamt,22.07.,2067,e
Statistik der Sterbefälle,Deutschland,Insgesamt,2000,Insgesamt,23.07.,2135,e
Statistik der Sterbefälle,Deutschland,Insgesamt,2000,Insgesamt,24.07.,2179,e
Statistik der Sterbefälle,Deutschland,Insgesamt,2000,Insgesamt,25.07.,2252,e
Statistik der Sterbefälle,Deutschland,Insgesamt,2000,Insgesamt,26.07.,2145,e
Statistik der Sterbefälle,Deutschland,Insgesamt,2000,Insgesamt,27.07.,2227,e
Statistik der Sterbefälle,Deutschland,Insgesamt,2000,Insgesamt,28.07.,2087,e
Statistik der Sterbefälle,Deutschland,Insgesamt,2000,Insgesamt,29.07.,2041,e
Statistik der Sterbefälle,Deutschland,Insgesamt,2000,Insgesamt,30.07.,2005,e
Statistik der Sterbefälle,Deutschland,Insgesamt,2000,Insgesamt,31.07.,2037,e
Statistik der Sterbefälle,Deutschland,Insgesamt,2000,Insgesamt,01.08.,2203,e
Statistik der Sterbefälle,Deutschland,Insgesamt,2000,Insgesamt,02.08.,2226,e
Statistik der Sterbefälle,Deutschland,Insgesamt,2000,Insgesamt,03.08.,2218,e
Statistik der Sterbefälle,Deutschland,Insgesamt,2000,Insgesamt,04.08.,2104,e
Statistik der Sterbefälle,Deutschland,Insgesamt,2000,Insgesamt,05.08.,2114,e
Statistik der Sterbefälle,Deutschland,Insgesamt,2000,Insgesamt,06.08.,2058,e
Statistik der Sterbefälle,Deutschland,Insgesamt,2000,Insgesamt,07.08.,2192,e
Statistik der Sterbefälle,Deutschland,Insgesamt,2000,Insgesamt,08.08.,2001,e
Statistik der Sterbefälle,Deutschland,Insgesamt,2000,Insgesamt,09.08.,2063,e
Statistik der Sterbefälle,Deutschland,Insgesamt,2000,Insgesamt,10.08.,2146,e
Statistik der Sterbefälle,Deutschland,Insgesamt,2000,Insgesamt,11.08.,2143,e
Statistik der Sterbefälle,Deutschland,Insgesamt,2000,Insgesamt,12.08.,2076,e
Statistik der Sterbefälle,Deutschland,Insgesamt,2000,Insgesamt,13.08.,2114,e
Statistik der Sterbefälle,Deutschland,Insgesamt,2000,Insgesamt,14.08.,2344,e
Statistik der Sterbefälle,Deutschland,Insgesamt,2000,Insgesamt,15.08.,2306,e
Statistik der Sterbefälle,Deutschland,Insgesamt,2000,Insgesamt,16.08.,2177,e
Statistik der Sterbefälle,Deutschland,Insgesamt,2000,Insgesamt,17.08.,2192,e
Statistik der Sterbefälle,Deutschland,Insgesamt,2000,Insgesamt,18.08.,2175,e
Statistik der Sterbefälle,Deutschland,Insgesamt,2000,Insgesamt,19.08.,2166,e
Statistik der Sterbefälle,Deutschland,Insgesamt,2000,Insgesamt,20.08.,2143,e
Statistik der Sterbefälle,Deutschland,Insgesamt,2000,Insgesamt,21.08.,2092,e
Statistik der Sterbefälle,Deutschland,Insgesamt,2000,Insgesamt,22.08.,2007,e
Statistik der Sterbefälle,Deutschland,Insgesamt,2000,Insgesamt,23.08.,2071,e
Statistik der Sterbefälle,Deutschland,Insgesamt,2000,Insgesamt,24.08.,1855,e
Statistik der Sterbefälle,Deutschland,Insgesamt,2000,Insgesamt,25.08.,2055,e
Statistik der Sterbefälle,Deutschland,Insgesamt,2000,Insgesamt,26.08.,2087,e
Statistik der Sterbefälle,Deutschland,Insgesamt,2000,Insgesamt,27.08.,2001,e
Statistik der Sterbefälle,Deutschland,Insgesamt,2000,Insgesamt,28.08.,2134,e
Statistik der Sterbefälle,Deutschland,Insgesamt,2000,Insgesamt,29.08.,2062,e
Statistik der Sterbefälle,Deutschland,Insgesamt,2000,Insgesamt,30.08.,2023,e
Statistik der Sterbefälle,Deutschland,Insgesamt,2000,Insgesamt,31.08.,2056,e
Statistik der Sterbefälle,Deutschland,Insgesamt,2000,Insgesamt,01.09.,2068,e
Statistik der Sterbefälle,Deutschland,Insgesamt,2000,Insgesamt,02.09.,2124,e
Statistik der Sterbefälle,Deutschland,Insgesamt,2000,Insgesamt,03.09.,2005,e
Statistik der Sterbefälle,Deutschland,Insgesamt,2000,Insgesamt,04.09.,1981,e
Statistik der Sterbefälle,Deutschland,Insgesamt,2000,Insgesamt,05.09.,2081,e
Statistik der Sterbefälle,Deutschland,Insgesamt,2000,Insgesamt,06.09.,2135,e
Statistik der Sterbefälle,Deutschland,Insgesamt,2000,Insgesamt,07.09.,2158,e
Statistik der Sterbefälle,Deutschland,Insgesamt,2000,Insgesamt,08.09.,2073,e
Statistik der Sterbefälle,Deutschland,Insgesamt,2000,Insgesamt,09.09.,2187,e
Statistik der Sterbefälle,Deutschland,Insgesamt,2000,Insgesamt,10.09.,2201,e
Statistik der Sterbefälle,Deutschland,Insgesamt,2000,Insgesamt,11.09.,2160,e
Statistik der Sterbefälle,Deutschland,Insgesamt,2000,Insgesamt,12.09.,2175,e
Statistik der Sterbefälle,Deutschland,Insgesamt,2000,Insgesamt,13.09.,2123,e
Statistik der Sterbefälle,Deutschland,Insgesamt,2000,Insgesamt,14.09.,2144,e
Statistik der Sterbefälle,Deutschland,Insgesamt,2000,Insgesamt,15.09.,2183,e
Statistik der Sterbefälle,Deutschland,Insgesamt,2000,Insgesamt,16.09.,2068,e
Statistik der Sterbefälle,Deutschland,Insgesamt,2000,Insgesamt,17.09.,2106,e
Statistik der Sterbefälle,Deutschland,Insgesamt,2000,Insgesamt,18.09.,2059,e
Statistik der Sterbefälle,Deutschland,Insgesamt,2000,Insgesamt,19.09.,2198,e
Statistik der Sterbefälle,Deutschland,Insgesamt,2000,Insgesamt,20.09.,2153,e
Statistik der Sterbefälle,Deutschland,Insgesamt,2000,Insgesamt,21.09.,2083,e
Statistik der Sterbefälle,Deutschland,Insgesamt,2000,Insgesamt,22.09.,2099,e
Statistik der Sterbefälle,Deutschland,Insgesamt,2000,Insgesamt,23.09.,2104,e
Statistik der Sterbefälle,Deutschland,Insgesamt,2000,Insgesamt,24.09.,2079,e
Statistik der Sterbefälle,Deutschland,Insgesamt,2000,Insgesamt,25.09.,2088,e
Statistik der Sterbefälle,Deutschland,Insgesamt,2000,Insgesamt,26.09.,2176,e
Statistik der Sterbefälle,Deutschland,Insgesamt,2000,Insgesamt,27.09.,2167,e
Statistik der Sterbefälle,Deutschland,Insgesamt,2000,Insgesamt,28.09.,2117,e
Statistik der Sterbefälle,Deutschland,Insgesamt,2000,Insgesamt,29.09.,2210,e
Statistik der Sterbefälle,Deutschland,Insgesamt,2000,Insgesamt,30.09.,2182,e
Statistik der Sterbefälle,Deutschland,Insgesamt,2000,Insgesamt,01.10.,2122,e
Statistik der Sterbefälle,Deutschland,Insgesamt,2000,Insgesamt,02.10.,2160,e
Statistik der Sterbefälle,Deutschland,Insgesamt,2000,Insgesamt,03.10.,2065,e
Statistik der Sterbefälle,Deutschland,Insgesamt,2000,Insgesamt,04.10.,2138,e
Statistik der Sterbefälle,Deutschland,Insgesamt,2000,Insgesamt,05.10.,2129,e
Statistik der Sterbefälle,Deutschland,Insgesamt,2000,Insgesamt,06.10.,2094,e
Statistik der Sterbefälle,Deutschland,Insgesamt,2000,Insgesamt,07.10.,2156,e
Statistik der Sterbefälle,Deutschland,Insgesamt,2000,Insgesamt,08.10.,2128,e
Statistik der Sterbefälle,Deutschland,Insgesamt,2000,Insgesamt,09.10.,2218,e
Statistik der Sterbefälle,Deutschland,Insgesamt,2000,Insgesamt,10.10.,2332,e
Statistik der Sterbefälle,Deutschland,Insgesamt,2000,Insgesamt,11.10.,2222,e
Statistik der Sterbefälle,Deutschland,Insgesamt,2000,Insgesamt,12.10.,2243,e
Statistik der Sterbefälle,Deutschland,Insgesamt,2000,Insgesamt,13.10.,2291,e
Statistik der Sterbefälle,Deutschland,Insgesamt,2000,Insgesamt,14.10.,2277,e
Statistik der Sterbefälle,Deutschland,Insgesamt,2000,Insgesamt,15.10.,2241,e
Statistik der Sterbefälle,Deutschland,Insgesamt,2000,Insgesamt,16.10.,2287,e
Statistik der Sterbefälle,Deutschland,Insgesamt,2000,Insgesamt,17.10.,2201,e
Statistik der Sterbefälle,Deutschland,Insgesamt,2000,Insgesamt,18.10.,2264,e
Statistik der Sterbefälle,Deutschland,Insgesamt,2000,Insgesamt,19.10.,2253,e
Statistik der Sterbefälle,Deutschland,Insgesamt,2000,Insgesamt,20.10.,2246,e
Statistik der Sterbefälle,Deutschland,Insgesamt,2000,Insgesamt,21.10.,2215,e
Statistik der Sterbefälle,Deutschland,Insgesamt,2000,Insgesamt,22.10.,2157,e
Statistik der Sterbefälle,Deutschland,Insgesamt,2000,Insgesamt,23.10.,2147,e
Statistik der Sterbefälle,Deutschland,Insgesamt,2000,Insgesamt,24.10.,2378,e
Statistik der Sterbefälle,Deutschland,Insgesamt,2000,Insgesamt,25.10.,2302,e
Statistik der Sterbefälle,Deutschland,Insgesamt,2000,Insgesamt,26.10.,2223,e
Statistik der Sterbefälle,Deutschland,Insgesamt,2000,Insgesamt,27.10.,2195,e
Statistik der Sterbefälle,Deutschland,Insgesamt,2000,Insgesamt,28.10.,2142,e
Statistik der Sterbefälle,Deutschland,Insgesamt,2000,Insgesamt,29.10.,2236,e
Statistik der Sterbefälle,Deutschland,Insgesamt,2000,Insgesamt,30.10.,2221,e
Statistik der Sterbefälle,Deutschland,Insgesamt,2000,Insgesamt,31.10.,2299,e
Statistik der Sterbefälle,Deutschland,Insgesamt,2000,Insgesamt,01.11.,2177,e
Statistik der Sterbefälle,Deutschland,Insgesamt,2000,Insgesamt,02.11.,2369,e
Statistik der Sterbefälle,Deutschland,Insgesamt,2000,Insgesamt,03.11.,2331,e
Statistik der Sterbefälle,Deutschland,Insgesamt,2000,Insgesamt,04.11.,2241,e
Statistik der Sterbefälle,Deutschland,Insgesamt,2000,Insgesamt,05.11.,2121,e
Statistik der Sterbefälle,Deutschland,Insgesamt,2000,Insgesamt,06.11.,2342,e
Statistik der Sterbefälle,Deutschland,Insgesamt,2000,Insgesamt,07.11.,2323,e
Statistik der Sterbefälle,Deutschland,Insgesamt,2000,Insgesamt,08.11.,2292,e
Statistik der Sterbefälle,Deutschland,Insgesamt,2000,Insgesamt,09.11.,2298,e
Statistik der Sterbefälle,Deutschland,Insgesamt,2000,Insgesamt,10.11.,2321,e
Statistik der Sterbefälle,Deutschland,Insgesamt,2000,Insgesamt,11.11.,2224,e
Statistik der Sterbefälle,Deutschland,Insgesamt,2000,Insgesamt,12.11.,2251,e
Statistik der Sterbefälle,Deutschland,Insgesamt,2000,Insgesamt,13.11.,2476,e
Statistik der Sterbefälle,Deutschland,Insgesamt,2000,Insgesamt,14.11.,2278,e
Statistik der Sterbefälle,Deutschland,Insgesamt,2000,Insgesamt,15.11.,2287,e
Statistik der Sterbefälle,Deutschland,Insgesamt,2000,Insgesamt,16.11.,2323,e
Statistik der Sterbefälle,Deutschland,Insgesamt,2000,Insgesamt,17.11.,2266,e
Statistik der Sterbefälle,Deutschland,Insgesamt,2000,Insgesamt,18.11.,2276,e
Statistik der Sterbefälle,Deutschland,Insgesamt,2000,Insgesamt,19.11.,2196,e
Statistik der Sterbefälle,Deutschland,Insgesamt,2000,Insgesamt,20.11.,2339,e
Statistik der Sterbefälle,Deutschland,Insgesamt,2000,Insgesamt,21.11.,2253,e
Statistik der Sterbefälle,Deutschland,Insgesamt,2000,Insgesamt,22.11.,2342,e
Statistik der Sterbefälle,Deutschland,Insgesamt,2000,Insgesamt,23.11.,2359,e
Statistik der Sterbefälle,Deutschland,Insgesamt,2000,Insgesamt,24.11.,2260,e
Statistik der Sterbefälle,Deutschland,Insgesamt,2000,Insgesamt,25.11.,2237,e
Statistik der Sterbefälle,Deutschland,Insgesamt,2000,Insgesamt,26.11.,2216,e
Statistik der Sterbefälle,Deutschland,Insgesamt,2000,Insgesamt,27.11.,2288,e
Statistik der Sterbefälle,Deutschland,Insgesamt,2000,Insgesamt,28.11.,2300,e
Statistik der Sterbefälle,Deutschland,Insgesamt,2000,Insgesamt,29.11.,2289,e
Statistik der Sterbefälle,Deutschland,Insgesamt,2000,Insgesamt,30.11.,2275,e
Statistik der Sterbefälle,Deutschland,Insgesamt,2000,Insgesamt,01.12.,2325,e
Statistik der Sterbefälle,Deutschland,Insgesamt,2000,Insgesamt,02.12.,2341,e
Statistik der Sterbefälle,Deutschland,Insgesamt,2000,Insgesamt,03.12.,2209,e
Statistik der Sterbefälle,Deutschland,Insgesamt,2000,Insgesamt,04.12.,2192,e
Statistik der Sterbefälle,Deutschland,Insgesamt,2000,Insgesamt,05.12.,2316,e
Statistik der Sterbefälle,Deutschland,Insgesamt,2000,Insgesamt,06.12.,2373,e
Statistik der Sterbefälle,Deutschland,Insgesamt,2000,Insgesamt,07.12.,2338,e
Statistik der Sterbefälle,Deutschland,Insgesamt,2000,Insgesamt,08.12.,2344,e
Statistik der Sterbefälle,Deutschland,Insgesamt,2000,Insgesamt,09.12.,2282,e
Statistik der Sterbefälle,Deutschland,Insgesamt,2000,Insgesamt,10.12.,2189,e
Statistik der Sterbefälle,Deutschland,Insgesamt,2000,Insgesamt,11.12.,2238,e
Statistik der Sterbefälle,Deutschland,Insgesamt,2000,Insgesamt,12.12.,2327,e
Statistik der Sterbefälle,Deutschland,Insgesamt,2000,Insgesamt,13.12.,2336,e
Statistik der Sterbefälle,Deutschland,Insgesamt,2000,Insgesamt,14.12.,2386,e
Statistik der Sterbefälle,Deutschland,Insgesamt,2000,Insgesamt,15.12.,2426,e
Statistik der Sterbefälle,Deutschland,Insgesamt,2000,Insgesamt,16.12.,2301,e
Statistik der Sterbefälle,Deutschland,Insgesamt,2000,Insgesamt,17.12.,2233,e
Statistik der Sterbefälle,Deutschland,Insgesamt,2000,Insgesamt,18.12.,2350,e
Statistik der Sterbefälle,Deutschland,Insgesamt,2000,Insgesamt,19.12.,2204,e
Statistik der Sterbefälle,Deutschland,Insgesamt,2000,Insgesamt,20.12.,2377,e
Statistik der Sterbefälle,Deutschland,Insgesamt,2000,Insgesamt,21.12.,2217,e
Statistik der Sterbefälle,Deutschland,Insgesamt,2000,Insgesamt,22.12.,2335,e
Statistik der Sterbefälle,Deutschland,Insgesamt,2000,Insgesamt,23.12.,2439,e
Statistik der Sterbefälle,Deutschland,Insgesamt,2000,Insgesamt,24.12.,2392,e
Statistik der Sterbefälle,Deutschland,Insgesamt,2000,Insgesamt,25.12.,2452,e
Statistik der Sterbefälle,Deutschland,Insgesamt,2000,Insgesamt,26.12.,2468,e
Statistik der Sterbefälle,Deutschland,Insgesamt,2000,Insgesamt,27.12.,2394,e
Statistik der Sterbefälle,Deutschland,Insgesamt,2000,Insgesamt,28.12.,2535,e
Statistik der Sterbefälle,Deutschland,Insgesamt,2000,Insgesamt,29.12.,2502,e
Statistik der Sterbefälle,Deutschland,Insgesamt,2000,Insgesamt,30.12.,2531,e
Statistik der Sterbefälle,Deutschland,Insgesamt,2000,Insgesamt,31.12.,2401,e
Statistik der Sterbefälle,Deutschland,Insgesamt,2001,Insgesamt,Insgesamt,828541,e
Statistik der Sterbefälle,Deutschland,Insgesamt,2001,Insgesamt,01.01.,2540,e
Statistik der Sterbefälle,Deutschland,Insgesamt,2001,Insgesamt,02.01.,2650,e
Statistik der Sterbefälle,Deutschland,Insgesamt,2001,Insgesamt,03.01.,2482,e
Statistik der Sterbefälle,Deutschland,Insgesamt,2001,Insgesamt,04.01.,2462,e
Statistik der Sterbefälle,Deutschland,Insgesamt,2001,Insgesamt,05.01.,2511,e
Statistik der Sterbefälle,Deutschland,Insgesamt,2001,Insgesamt,06.01.,2426,e
Statistik der Sterbefälle,Deutschland,Insgesamt,2001,Insgesamt,07.01.,2333,e
Statistik der Sterbefälle,Deutschland,Insgesamt,2001,Insgesamt,08.01.,2496,e
Statistik der Sterbefälle,Deutschland,Insgesamt,2001,Insgesamt,09.01.,2397,e
Statistik der Sterbefälle,Deutschland,Insgesamt,2001,Insgesamt,10.01.,2332,e
Statistik der Sterbefälle,Deutschland,Insgesamt,2001,Insgesamt,11.01.,2298,e
Statistik der Sterbefälle,Deutschland,Insgesamt,2001,Insgesamt,12.01.,2319,e
Statistik der Sterbefälle,Deutschland,Insgesamt,2001,Insgesamt,13.01.,2327,e
Statistik der Sterbefälle,Deutschland,Insgesamt,2001,Insgesamt,14.01.,2326,e
Statistik der Sterbefälle,Deutschland,Insgesamt,2001,Insgesamt,15.01.,2342,e
Statistik der Sterbefälle,Deutschland,Insgesamt,2001,Insgesamt,16.01.,2313,e
Statistik der Sterbefälle,Deutschland,Insgesamt,2001,Insgesamt,17.01.,2425,e
Statistik der Sterbefälle,Deutschland,Insgesamt,2001,Insgesamt,18.01.,2471,e
Statistik der Sterbefälle,Deutschland,Insgesamt,2001,Insgesamt,19.01.,2451,e
Statistik der Sterbefälle,Deutschland,Insgesamt,2001,Insgesamt,20.01.,2284,e
Statistik der Sterbefälle,Deutschland,Insgesamt,2001,Insgesamt,21.01.,2311,e
Statistik der Sterbefälle,Deutschland,Insgesamt,2001,Insgesamt,22.01.,2465,e
Statistik der Sterbefälle,Deutschland,Insgesamt,2001,Insgesamt,23.01.,2491,e
Statistik der Sterbefälle,Deutschland,Insgesamt,2001,Insgesamt,24.01.,2540,e
Statistik der Sterbefälle,Deutschland,Insgesamt,2001,Insgesamt,25.01.,2520,e
Statistik der Sterbefälle,Deutschland,Insgesamt,2001,Insgesamt,26.01.,2391,e
Statistik der Sterbefälle,Deutschland,Insgesamt,2001,Insgesamt,27.01.,2357,e
Statistik der Sterbefälle,Deutschland,Insgesamt,2001,Insgesamt,28.01.,2387,e
Statistik der Sterbefälle,Deutschland,Insgesamt,2001,Insgesamt,29.01.,2355,e
Statistik der Sterbefälle,Deutschland,Insgesamt,2001,Insgesamt,30.01.,2400,e
Statistik der Sterbefälle,Deutschland,Insgesamt,2001,Insgesamt,31.01.,2426,e
Statistik der Sterbefälle,Deutschland,Insgesamt,2001,Insgesamt,01.02.,2384,e
Statistik der Sterbefälle,Deutschland,Insgesamt,2001,Insgesamt,02.02.,2414,e
Statistik der Sterbefälle,Deutschland,Insgesamt,2001,Insgesamt,03.02.,2374,e
Statistik der Sterbefälle,Deutschland,Insgesamt,2001,Insgesamt,04.02.,2395,e
Statistik der Sterbefälle,Deutschland,Insgesamt,2001,Insgesamt,05.02.,2513,e
Statistik der Sterbefälle,Deutschland,Insgesamt,2001,Insgesamt,06.02.,2363,e
Statistik der Sterbefälle,Deutschland,Insgesamt,2001,Insgesamt,07.02.,2441,e
Statistik der Sterbefälle,Deutschland,Insgesamt,2001,Insgesamt,08.02.,2493,e
Statistik der Sterbefälle,Deutschland,Insgesamt,2001,Insgesamt,09.02.,2350,e
Statistik der Sterbefälle,Deutschland,Insgesamt,2001,Insgesamt,10.02.,2366,e
Statistik der Sterbefälle,Deutschland,Insgesamt,2001,Insgesamt,11.02.,2158,e
Statistik der Sterbefälle,Deutschland,Insgesamt,2001,Insgesamt,12.02.,2302,e
Statistik der Sterbefälle,Deutschland,Insgesamt,2001,Insgesamt,13.02.,2256,e
Statistik der Sterbefälle,Deutschland,Insgesamt,2001,Insgesamt,14.02.,2384,e
Statistik der Sterbefälle,Deutschland,Insgesamt,2001,Insgesamt,15.02.,2252,e
Statistik der Sterbefälle,Deutschland,Insgesamt,2001,Insgesamt,16.02.,2417,e
Statistik der Sterbefälle,Deutschland,Insgesamt,2001,Insgesamt,17.02.,2248,e
Statistik der Sterbefälle,Deutschland,Insgesamt,2001,Insgesamt,18.02.,2182,e
Statistik der Sterbefälle,Deutschland,Insgesamt,2001,Insgesamt,19.02.,2291,e
Statistik der Sterbefälle,Deutschland,Insgesamt,2001,Insgesamt,20.02.,2353,e
Statistik der Sterbefälle,Deutschland,Insgesamt,2001,Insgesamt,21.02.,2297,e
Statistik der Sterbefälle,Deutschland,Insgesamt,2001,Insgesamt,22.02.,2338,e
Statistik der Sterbefälle,Deutschland,Insgesamt,2001,Insgesamt,23.02.,2321,e
Statistik der Sterbefälle,Deutschland,Insgesamt,2001,Insgesamt,24.02.,2290,e
Statistik der Sterbefälle,Deutschland,Insgesamt,2001,Insgesamt,25.02.,2252,e
Statistik der Sterbefälle,Deutschland,Insgesamt,2001,Insgesamt,26.02.,2397,e
Statistik der Sterbefälle,Deutschland,Insgesamt,2001,Insgesamt,27.02.,2446,e
Statistik der Sterbefälle,Deutschland,Insgesamt,2001,Insgesamt,28.02.,2403,e
Statistik der Sterbefälle,Deutschland,Insgesamt,2001,Insgesamt,29.02.,X,e
Statistik der Sterbefälle,Deutschland,Insgesamt,2001,Insgesamt,01.03.,2540,e
Statistik der Sterbefälle,Deutschland,Insgesamt,2001,Insgesamt,02.03.,2451,e
Statistik der Sterbefälle,Deutschland,Insgesamt,2001,Insgesamt,03.03.,2399,e
Statistik der Sterbefälle,Deutschland,Insgesamt,2001,Insgesamt,04.03.,2391,e
Statistik der Sterbefälle,Deutschland,Insgesamt,2001,Insgesamt,05.03.,2428,e
Statistik der Sterbefälle,Deutschland,Insgesamt,2001,Insgesamt,06.03.,2366,e
Statistik der Sterbefälle,Deutschland,Insgesamt,2001,Insgesamt,07.03.,2360,e
Statistik der Sterbefälle,Deutschland,Insgesamt,2001,Insgesamt,08.03.,2471,e
Statistik der Sterbefälle,Deutschland,Insgesamt,2001,Insgesamt,09.03.,2433,e
Statistik der Sterbefälle,Deutschland,Insgesamt,2001,Insgesamt,10.03.,2331,e
Statistik der Sterbefälle,Deutschland,Insgesamt,2001,Insgesamt,11.03.,2300,e
Statistik der Sterbefälle,Deutschland,Insgesamt,2001,Insgesamt,12.03.,2474,e
Statistik der Sterbefälle,Deutschland,Insgesamt,2001,Insgesamt,13.03.,2359,e
Statistik der Sterbefälle,Deutschland,Insgesamt,2001,Insgesamt,14.03.,2424,e
Statistik der Sterbefälle,Deutschland,Insgesamt,2001,Insgesamt,15.03.,2311,e
Statistik der Sterbefälle,Deutschland,Insgesamt,2001,Insgesamt,16.03.,2334,e
Statistik der Sterbefälle,Deutschland,Insgesamt,2001,Insgesamt,17.03.,2323,e
Statistik der Sterbefälle,Deutschland,Insgesamt,2001,Insgesamt,18.03.,2302,e
Statistik der Sterbefälle,Deutschland,Insgesamt,2001,Insgesamt,19.03.,2300,e
Statistik der Sterbefälle,Deutschland,Insgesamt,2001,Insgesamt,20.03.,2412,e
Statistik der Sterbefälle,Deutschland,Insgesamt,2001,Insgesamt,21.03.,2365,e
Statistik der Sterbefälle,Deutschland,Insgesamt,2001,Insgesamt,22.03.,2439,e
Statistik der Sterbefälle,Deutschland,Insgesamt,2001,Insgesamt,23.03.,2303,e
Statistik der Sterbefälle,Deutschland,Insgesamt,2001,Insgesamt,24.03.,2320,e
Statistik der Sterbefälle,Deutschland,Insgesamt,2001,Insgesamt,25.03.,2182,e
Statistik der Sterbefälle,Deutschland,Insgesamt,2001,Insgesamt,26.03.,2343,e
Statistik der Sterbefälle,Deutschland,Insgesamt,2001,Insgesamt,27.03.,2288,e
Statistik der Sterbefälle,Deutschland,Insgesamt,2001,Insgesamt,28.03.,2385,e
Statistik der Sterbefälle,Deutschland,Insgesamt,2001,Insgesamt,29.03.,2363,e
Statistik der Sterbefälle,Deutschland,Insgesamt,2001,Insgesamt,30.03.,2309,e
Statistik der Sterbefälle,Deutschland,Insgesamt,2001,Insgesamt,31.03.,2287,e
Statistik der Sterbefälle,Deutschland,Insgesamt,2001,Insgesamt,01.04.,2254,e
Statistik der Sterbefälle,Deutschland,Insgesamt,2001,Insgesamt,02.04.,2420,e
Statistik der Sterbefälle,Deutschland,Insgesamt,2001,Insgesamt,03.04.,2469,e
Statistik der Sterbefälle,Deutschland,Insgesamt,2001,Insgesamt,04.04.,2342,e
Statistik der Sterbefälle,Deutschland,Insgesamt,2001,Insgesamt,05.04.,2356,e
Statistik der Sterbefälle,Deutschland,Insgesamt,2001,Insgesamt,06.04.,2249,e
Statistik der Sterbefälle,Deutschland,Insgesamt,2001,Insgesamt,07.04.,2365,e
Statistik der Sterbefälle,Deutschland,Insgesamt,2001,Insgesamt,08.04.,2167,e
Statistik der Sterbefälle,Deutschland,Insgesamt,2001,Insgesamt,09.04.,2282,e
Statistik der Sterbefälle,Deutschland,Insgesamt,2001,Insgesamt,10.04.,2293,e
Statistik der Sterbefälle,Deutschland,Insgesamt,2001,Insgesamt,11.04.,2276,e
Statistik der Sterbefälle,Deutschland,Insgesamt,2001,Insgesamt,12.04.,2212,e
Statistik der Sterbefälle,Deutschland,Insgesamt,2001,Insgesamt,13.04.,2220,e
Statistik der Sterbefälle,Deutschland,Insgesamt,2001,Insgesamt,14.04.,2216,e
Statistik der Sterbefälle,Deutschland,Insgesamt,2001,Insgesamt,15.04.,2214,e
Statistik der Sterbefälle,Deutschland,Insgesamt,2001,Insgesamt,16.04.,2253,e
Statistik der Sterbefälle,Deutschland,Insgesamt,2001,Insgesamt,17.04.,2348,e
Statistik der Sterbefälle,Deutschland,Insgesamt,2001,Insgesamt,18.04.,2343,e
Statistik der Sterbefälle,Deutschland,Insgesamt,2001,Insgesamt,19.04.,2348,e
Statistik der Sterbefälle,Deutschland,Insgesamt,2001,Insgesamt,20.04.,2380,e
Statistik der Sterbefälle,Deutschland,Insgesamt,2001,Insgesamt,21.04.,2264,e
Statistik der Sterbefälle,Deutschland,Insgesamt,2001,Insgesamt,22.04.,2281,e
Statistik der Sterbefälle,Deutschland,Insgesamt,2001,Insgesamt,23.04.,2408,e
Statistik der Sterbefälle,Deutschland,Insgesamt,2001,Insgesamt,24.04.,2274,e
Statistik der Sterbefälle,Deutschland,Insgesamt,2001,Insgesamt,25.04.,2350,e
Statistik der Sterbefälle,Deutschland,Insgesamt,2001,Insgesamt,26.04.,2368,e
Statistik der Sterbefälle,Deutschland,Insgesamt,2001,Insgesamt,27.04.,2271,e
Statistik der Sterbefälle,Deutschland,Insgesamt,2001,Insgesamt,28.04.,2315,e
Statistik der Sterbefälle,Deutschland,Insgesamt,2001,Insgesamt,29.04.,2309,e
Statistik der Sterbefälle,Deutschland,Insgesamt,2001,Insgesamt,30.04.,2274,e
Statistik der Sterbefälle,Deutschland,Insgesamt,2001,Insgesamt,01.05.,2370,e
Statistik der Sterbefälle,Deutschland,Insgesamt,2001,Insgesamt,02.05.,2265,e
Statistik der Sterbefälle,Deutschland,Insgesamt,2001,Insgesamt,03.05.,2458,e
Statistik der Sterbefälle,Deutschland,Insgesamt,2001,Insgesamt,04.05.,2342,e
Statistik der Sterbefälle,Deutschland,Insgesamt,2001,Insgesamt,05.05.,2149,e
Statistik der Sterbefälle,Deutschland,Insgesamt,2001,Insgesamt,06.05.,2180,e
Statistik der Sterbefälle,Deutschland,Insgesamt,2001,Insgesamt,07.05.,2285,e
Statistik der Sterbefälle,Deutschland,Insgesamt,2001,Insgesamt,08.05.,2286,e
Statistik der Sterbefälle,Deutschland,Insgesamt,2001,Insgesamt,09.05.,2221,e
Statistik der Sterbefälle,Deutschland,Insgesamt,2001,Insgesamt,10.05.,2255,e
Statistik der Sterbefälle,Deutschland,Insgesamt,2001,Insgesamt,11.05.,2341,e
Statistik der Sterbefälle,Deutschland,Insgesamt,2001,Insgesamt,12.05.,2189,e
Statistik der Sterbefälle,Deutschland,Insgesamt,2001,Insgesamt,13.05.,2293,e
Statistik der Sterbefälle,Deutschland,Insgesamt,2001,Insgesamt,14.05.,2255,e
Statistik der Sterbefälle,Deutschland,Insgesamt,2001,Insgesamt,15.05.,2291,e
Statistik der Sterbefälle,Deutschland,Insgesamt,2001,Insgesamt,16.05.,2248,e
Statistik der Sterbefälle,Deutschland,Insgesamt,2001,Insgesamt,17.05.,2122,e
Statistik der Sterbefälle,Deutschland,Insgesamt,2001,Insgesamt,18.05.,2098,e
Statistik der Sterbefälle,Deutschland,Insgesamt,2001,Insgesamt,19.05.,2112,e
Statistik der Sterbefälle,Deutschland,Insgesamt,2001,Insgesamt,20.05.,2081,e
Statistik der Sterbefälle,Deutschland,Insgesamt,2001,Insgesamt,21.05.,2268,e
Statistik der Sterbefälle,Deutschland,Insgesamt,2001,Insgesamt,22.05.,2289,e
Statistik der Sterbefälle,Deutschland,Insgesamt,2001,Insgesamt,23.05.,2142,e
Statistik der Sterbefälle,Deutschland,Insgesamt,2001,Insgesamt,24.05.,2290,e
Statistik der Sterbefälle,Deutschland,Insgesamt,2001,Insgesamt,25.05.,2232,e
Statistik der Sterbefälle,Deutschland,Insgesamt,2001,Insgesamt,26.05.,2154,e
Statistik der Sterbefälle,Deutschland,Insgesamt,2001,Insgesamt,27.05.,2200,e
Statistik der Sterbefälle,Deutschland,Insgesamt,2001,Insgesamt,28.05.,2274,e
Statistik der Sterbefälle,Deutschland,Insgesamt,2001,Insgesamt,29.05.,2246,e
Statistik der Sterbefälle,Deutschland,Insgesamt,2001,Insgesamt,30.05.,2189,e
Statistik der Sterbefälle,Deutschland,Insgesamt,2001,Insgesamt,31.05.,2259,e
Statistik der Sterbefälle,Deutschland,Insgesamt,2001,Insgesamt,01.06.,2212,e
Statistik der Sterbefälle,Deutschland,Insgesamt,2001,Insgesamt,02.06.,2201,e
Statistik der Sterbefälle,Deutschland,Insgesamt,2001,Insgesamt,03.06.,2050,e
Statistik der Sterbefälle,Deutschland,Insgesamt,2001,Insgesamt,04.06.,2060,e
Statistik der Sterbefälle,Deutschland,Insgesamt,2001,Insgesamt,05.06.,2198,e
Statistik der Sterbefälle,Deutschland,Insgesamt,2001,Insgesamt,06.06.,2219,e
Statistik der Sterbefälle,Deutschland,Insgesamt,2001,Insgesamt,07.06.,2238,e
Statistik der Sterbefälle,Deutschland,Insgesamt,2001,Insgesamt,08.06.,2160,e
Statistik der Sterbefälle,Deutschland,Insgesamt,2001,Insgesamt,09.06.,2065,e
Statistik der Sterbefälle,Deutschland,Insgesamt,2001,Insgesamt,10.06.,2068,e
Statistik der Sterbefälle,Deutschland,Insgesamt,2001,Insgesamt,11.06.,2224,e
Statistik der Sterbefälle,Deutschland,Insgesamt,2001,Insgesamt,12.06.,2110,e
Statistik der Sterbefälle,Deutschland,Insgesamt,2001,Insgesamt,13.06.,2195,e
Statistik der Sterbefälle,Deutschland,Insgesamt,2001,Insgesamt,14.06.,2130,e
Statistik der Sterbefälle,Deutschland,Insgesamt,2001,Insgesamt,15.06.,2242,e
Statistik der Sterbefälle,Deutschland,Insgesamt,2001,Insgesamt,16.06.,2276,e
Statistik der Sterbefälle,Deutschland,Insgesamt,2001,Insgesamt,17.06.,2137,e
Statistik der Sterbefälle,Deutschland,Insgesamt,2001,Insgesamt,18.06.,2087,e
Statistik der Sterbefälle,Deutschland,Insgesamt,2001,Insgesamt,19.06.,2115,e
Statistik der Sterbefälle,Deutschland,Insgesamt,2001,Insgesamt,20.06.,2183,e
Statistik der Sterbefälle,Deutschland,Insgesamt,2001,Insgesamt,21.06.,2117,e
Statistik der Sterbefälle,Deutschland,Insgesamt,2001,Insgesamt,22.06.,2163,e
Statistik der Sterbefälle,Deutschland,Insgesamt,2001,Insgesamt,23.06.,2035,e
Statistik der Sterbefälle,Deutschland,Insgesamt,2001,Insgesamt,24.06.,2159,e
Statistik der Sterbefälle,Deutschland,Insgesamt,2001,Insgesamt,25.06.,2217,e
Statistik der Sterbefälle,Deutschland,Insgesamt,2001,Insgesamt,26.06.,2308,e
Statistik der Sterbefälle,Deutschland,Insgesamt,2001,Insgesamt,27.06.,2352,e
Statistik der Sterbefälle,Deutschland,Insgesamt,2001,Insgesamt,28.06.,2326,e
Statistik der Sterbefälle,Deutschland,Insgesamt,2001,Insgesamt,29.06.,2182,e
Statistik der Sterbefälle,Deutschland,Insgesamt,2001,Insgesamt,30.06.,2211,e
Statistik der Sterbefälle,Deutschland,Insgesamt,2001,Insgesamt,01.07.,2193,e
Statistik der Sterbefälle,Deutschland,Insgesamt,2001,Insgesamt,02.07.,2084,e
Statistik der Sterbefälle,Deutschland,Insgesamt,2001,Insgesamt,03.07.,2116,e
Statistik der Sterbefälle,Deutschland,Insgesamt,2001,Insgesamt,04.07.,2223,e
Statistik der Sterbefälle,Deutschland,Insgesamt,2001,Insgesamt,05.07.,2344,e
Statistik der Sterbefälle,Deutschland,Insgesamt,2001,Insgesamt,06.07.,2383,e
Statistik der Sterbefälle,Deutschland,Insgesamt,2001,Insgesamt,07.07.,2525,e
Statistik der Sterbefälle,Deutschland,Insgesamt,2001,Insgesamt,08.07.,2210,e
Statistik der Sterbefälle,Deutschland,Insgesamt,2001,Insgesamt,09.07.,2180,e
Statistik der Sterbefälle,Deutschland,Insgesamt,2001,Insgesamt,10.07.,2189,e
Statistik der Sterbefälle,Deutschland,Insgesamt,2001,Insgesamt,11.07.,2120,e
Statistik der Sterbefälle,Deutschland,Insgesamt,2001,Insgesamt,12.07.,2174,e
Statistik der Sterbefälle,Deutschland,Insgesamt,2001,Insgesamt,13.07.,2176,e
Statistik der Sterbefälle,Deutschland,Insgesamt,2001,Insgesamt,14.07.,2208,e
Statistik der Sterbefälle,Deutschland,Insgesamt,2001,Insgesamt,15.07.,2032,e
Statistik der Sterbefälle,Deutschland,Insgesamt,2001,Insgesamt,16.07.,2119,e
Statistik der Sterbefälle,Deutschland,Insgesamt,2001,Insgesamt,17.07.,2151,e
Statistik der Sterbefälle,Deutschland,Insgesamt,2001,Insgesamt,18.07.,2130,e
Statistik der Sterbefälle,Deutschland,Insgesamt,2001,Insgesamt,19.07.,2235,e
Statistik der Sterbefälle,Deutschland,Insgesamt,2001,Insgesamt,20.07.,2133,e
Statistik der Sterbefälle,Deutschland,Insgesamt,2001,Insgesamt,21.07.,2055,e
Statistik der Sterbefälle,Deutschland,Insgesamt,2001,Insgesamt,22.07.,2205,e
Statistik der Sterbefälle,Deutschland,Insgesamt,2001,Insgesamt,23.07.,2266,e
Statistik der Sterbefälle,Deutschland,Insgesamt,2001,Insgesamt,24.07.,2276,e
Statistik der Sterbefälle,Deutschland,Insgesamt,2001,Insgesamt,25.07.,2207,e
Statistik der Sterbefälle,Deutschland,Insgesamt,2001,Insgesamt,26.07.,2208,e
Statistik der Sterbefälle,Deutschland,Insgesamt,2001,Insgesamt,27.07.,2277,e
Statistik der Sterbefälle,Deutschland,Insgesamt,2001,Insgesamt,28.07.,2298,e
Statistik der Sterbefälle,Deutschland,Insgesamt,2001,Insgesamt,29.07.,2253,e
Statistik der Sterbefälle,Deutschland,Insgesamt,2001,Insgesamt,30.07.,2212,e
Statistik der Sterbefälle,Deutschland,Insgesamt,2001,Insgesamt,31.07.,2335,e
Statistik der Sterbefälle,Deutschland,Insgesamt,2001,Insgesamt,01.08.,2209,e
Statistik der Sterbefälle,Deutschland,Insgesamt,2001,Insgesamt,02.08.,2203,e
Statistik der Sterbefälle,Deutschland,Insgesamt,2001,Insgesamt,03.08.,2398,e
Statistik der Sterbefälle,Deutschland,Insgesamt,2001,Insgesamt,04.08.,2162,e
Statistik der Sterbefälle,Deutschland,Insgesamt,2001,Insgesamt,05.08.,2005,e
Statistik der Sterbefälle,Deutschland,Insgesamt,2001,Insgesamt,06.08.,2133,e
Statistik der Sterbefälle,Deutschland,Insgesamt,2001,Insgesamt,07.08.,2051,e
Statistik der Sterbefälle,Deutschland,Insgesamt,2001,Insgesamt,08.08.,2104,e
Statistik der Sterbefälle,Deutschland,Insgesamt,2001,Insgesamt,09.08.,2042,e
Statistik der Sterbefälle,Deutschland,Insgesamt,2001,Insgesamt,10.08.,2041,e
Statistik der Sterbefälle,Deutschland,Insgesamt,2001,Insgesamt,11.08.,2014,e
Statistik der Sterbefälle,Deutschland,Insgesamt,2001,Insgesamt,12.08.,1963,e
Statistik der Sterbefälle,Deutschland,Insgesamt,2001,Insgesamt,13.08.,2132,e
Statistik der Sterbefälle,Deutschland,Insgesamt,2001,Insgesamt,14.08.,2239,e
Statistik der Sterbefälle,Deutschland,Insgesamt,2001,Insgesamt,15.08.,2295,e
Statistik der Sterbefälle,Deutschland,Insgesamt,2001,Insgesamt,16.08.,2349,e
Statistik der Sterbefälle,Deutschland,Insgesamt,2001,Insgesamt,17.08.,2201,e
Statistik der Sterbefälle,Deutschland,Insgesamt,2001,Insgesamt,18.08.,2197,e
Statistik der Sterbefälle,Deutschland,Insgesamt,2001,Insgesamt,19.08.,2175,e
Statistik der Sterbefälle,Deutschland,Insgesamt,2001,Insgesamt,20.08.,2147,e
Statistik der Sterbefälle,Deutschland,Insgesamt,2001,Insgesamt,21.08.,2093,e
Statistik der Sterbefälle,Deutschland,Insgesamt,2001,Insgesamt,22.08.,2093,e
Statistik der Sterbefälle,Deutschland,Insgesamt,2001,Insgesamt,23.08.,2150,e
Statistik der Sterbefälle,Deutschland,Insgesamt,2001,Insgesamt,24.08.,2300,e
Statistik der Sterbefälle,Deutschland,Insgesamt,2001,Insgesamt,25.08.,2301,e
Statistik der Sterbefälle,Deutschland,Insgesamt,2001,Insgesamt,26.08.,2255,e
Statistik der Sterbefälle,Deutschland,Insgesamt,2001,Insgesamt,27.08.,2286,e
Statistik der Sterbefälle,Deutschland,Insgesamt,2001,Insgesamt,28.08.,1965,e
Statistik der Sterbefälle,Deutschland,Insgesamt,2001,Insgesamt,29.08.,2033,e
Statistik der Sterbefälle,Deutschland,Insgesamt,2001,Insgesamt,30.08.,2094,e
Statistik der Sterbefälle,Deutschland,Insgesamt,2001,Insgesamt,31.08.,2199,e
Statistik der Sterbefälle,Deutschland,Insgesamt,2001,Insgesamt,01.09.,2156,e
Statistik der Sterbefälle,Deutschland,Insgesamt,2001,Insgesamt,02.09.,2007,e
Statistik der Sterbefälle,Deutschland,Insgesamt,2001,Insgesamt,03.09.,2159,e
Statistik der Sterbefälle,Deutschland,Insgesamt,2001,Insgesamt,04.09.,2044,e
Statistik der Sterbefälle,Deutschland,Insgesamt,2001,Insgesamt,05.09.,2079,e
Statistik der Sterbefälle,Deutschland,Insgesamt,2001,Insgesamt,06.09.,2124,e
Statistik der Sterbefälle,Deutschland,Insgesamt,2001,Insgesamt,07.09.,2033,e
Statistik der Sterbefälle,Deutschland,Insgesamt,2001,Insgesamt,08.09.,2036,e
Statistik der Sterbefälle,Deutschland,Insgesamt,2001,Insgesamt,09.09.,2045,e
Statistik der Sterbefälle,Deutschland,Insgesamt,2001,Insgesamt,10.09.,2184,e
Statistik der Sterbefälle,Deutschland,Insgesamt,2001,Insgesamt,11.09.,2142,e
Statistik der Sterbefälle,Deutschland,Insgesamt,2001,Insgesamt,12.09.,2135,e
Statistik der Sterbefälle,Deutschland,Insgesamt,2001,Insgesamt,13.09.,2248,e
Statistik der Sterbefälle,Deutschland,Insgesamt,2001,Insgesamt,14.09.,2155,e
Statistik der Sterbefälle,Deutschland,Insgesamt,2001,Insgesamt,15.09.,2171,e
Statistik der Sterbefälle,Deutschland,Insgesamt,2001,Insgesamt,16.09.,2165,e
Statistik der Sterbefälle,Deutschland,Insgesamt,2001,Insgesamt,17.09.,2120,e
Statistik der Sterbefälle,Deutschland,Insgesamt,2001,Insgesamt,18.09.,2178,e
Statistik der Sterbefälle,Deutschland,Insgesamt,2001,Insgesamt,19.09.,2099,e
Statistik der Sterbefälle,Deutschland,Insgesamt,2001,Insgesamt,20.09.,2264,e
Statistik der Sterbefälle,Deutschland,Insgesamt,2001,Insgesamt,21.09.,2242,e
Statistik der Sterbefälle,Deutschland,Insgesamt,2001,Insgesamt,22.09.,2130,e
Statistik der Sterbefälle,Deutschland,Insgesamt,2001,Insgesamt,23.09.,2163,e
Statistik der Sterbefälle,Deutschland,Insgesamt,2001,Insgesamt,24.09.,2200,e
Statistik der Sterbefälle,Deutschland,Insgesamt,2001,Insgesamt,25.09.,2207,e
Statistik der Sterbefälle,Deutschland,Insgesamt,2001,Insgesamt,26.09.,2188,e
Statistik der Sterbefälle,Deutschland,Insgesamt,2001,Insgesamt,27.09.,2204,e
Statistik der Sterbefälle,Deutschland,Insgesamt,2001,Insgesamt,28.09.,2175,e
Statistik der Sterbefälle,Deutschland,Insgesamt,2001,Insgesamt,29.09.,2242,e
Statistik der Sterbefälle,Deutschland,Insgesamt,2001,Insgesamt,30.09.,2173,e
Statistik der Sterbefälle,Deutschland,Insgesamt,2001,Insgesamt,01.10.,2305,e
Statistik der Sterbefälle,Deutschland,Insgesamt,2001,Insgesamt,02.10.,2357,e
Statistik der Sterbefälle,Deutschland,Insgesamt,2001,Insgesamt,03.10.,2248,e
Statistik der Sterbefälle,Deutschland,Insgesamt,2001,Insgesamt,04.10.,2225,e
Statistik der Sterbefälle,Deutschland,Insgesamt,2001,Insgesamt,05.10.,2199,e
Statistik der Sterbefälle,Deutschland,Insgesamt,2001,Insgesamt,06.10.,2257,e
Statistik der Sterbefälle,Deutschland,Insgesamt,2001,Insgesamt,07.10.,2145,e
Statistik der Sterbefälle,Deutschland,Insgesamt,2001,Insgesamt,08.10.,2246,e
Statistik der Sterbefälle,Deutschland,Insgesamt,2001,Insgesamt,09.10.,2187,e
Statistik der Sterbefälle,Deutschland,Insgesamt,2001,Insgesamt,10.10.,2186,e
Statistik der Sterbefälle,Deutschland,Insgesamt,2001,Insgesamt,11.10.,2187,e
Statistik der Sterbefälle,Deutschland,Insgesamt,2001,Insgesamt,12.10.,2236,e
Statistik der Sterbefälle,Deutschland,Insgesamt,2001,Insgesamt,13.10.,2174,e
Statistik der Sterbefälle,Deutschland,Insgesamt,2001,Insgesamt,14.10.,2253,e
Statistik der Sterbefälle,Deutschland,Insgesamt,2001,Insgesamt,15.10.,2313,e
Statistik der Sterbefälle,Deutschland,Insgesamt,2001,Insgesamt,16.10.,2195,e
Statistik der Sterbefälle,Deutschland,Insgesamt,2001,Insgesamt,17.10.,2223,e
Statistik der Sterbefälle,Deutschland,Insgesamt,2001,Insgesamt,18.10.,2044,e
Statistik der Sterbefälle,Deutschland,Insgesamt,2001,Insgesamt,19.10.,2224,e
Statistik der Sterbefälle,Deutschland,Insgesamt,2001,Insgesamt,20.10.,2104,e
Statistik der Sterbefälle,Deutschland,Insgesamt,2001,Insgesamt,21.10.,2060,e
Statistik der Sterbefälle,Deutschland,Insgesamt,2001,Insgesamt,22.10.,2178,e
Statistik der Sterbefälle,Deutschland,Insgesamt,2001,Insgesamt,23.10.,2133,e
Statistik der Sterbefälle,Deutschland,Insgesamt,2001,Insgesamt,24.10.,2223,e
Statistik der Sterbefälle,Deutschland,Insgesamt,2001,Insgesamt,25.10.,2163,e
Statistik der Sterbefälle,Deutschland,Insgesamt,2001,Insgesamt,26.10.,2168,e
Statistik der Sterbefälle,Deutschland,Insgesamt,2001,Insgesamt,27.10.,2167,e
Statistik der Sterbefälle,Deutschland,Insgesamt,2001,Insgesamt,28.10.,2242,e
Statistik der Sterbefälle,Deutschland,Insgesamt,2001,Insgesamt,29.10.,2196,e
Statistik der Sterbefälle,Deutschland,Insgesamt,2001,Insgesamt,30.10.,2221,e
Statistik der Sterbefälle,Deutschland,Insgesamt,2001,Insgesamt,31.10.,2241,e
Statistik der Sterbefälle,Deutschland,Insgesamt,2001,Insgesamt,01.11.,2148,e
Statistik der Sterbefälle,Deutschland,Insgesamt,2001,Insgesamt,02.11.,2134,e
Statistik der Sterbefälle,Deutschland,Insgesamt,2001,Insgesamt,03.11.,2171,e
Statistik der Sterbefälle,Deutschland,Insgesamt,2001,Insgesamt,04.11.,2204,e
Statistik der Sterbefälle,Deutschland,Insgesamt,2001,Insgesamt,05.11.,2251,e
Statistik der Sterbefälle,Deutschland,Insgesamt,2001,Insgesamt,06.11.,2206,e
Statistik der Sterbefälle,Deutschland,Insgesamt,2001,Insgesamt,07.11.,2230,e
Statistik der Sterbefälle,Deutschland,Insgesamt,2001,Insgesamt,08.11.,2293,e
Statistik der Sterbefälle,Deutschland,Insgesamt,2001,Insgesamt,09.11.,2245,e
Statistik der Sterbefälle,Deutschland,Insgesamt,2001,Insgesamt,10.11.,2271,e
Statistik der Sterbefälle,Deutschland,Insgesamt,2001,Insgesamt,11.11.,2140,e
Statistik der Sterbefälle,Deutschland,Insgesamt,2001,Insgesamt,12.11.,2500,e
Statistik der Sterbefälle,Deutschland,Insgesamt,2001,Insgesamt,13.11.,2237,e
Statistik der Sterbefälle,Deutschland,Insgesamt,2001,Insgesamt,14.11.,2314,e
Statistik der Sterbefälle,Deutschland,Insgesamt,2001,Insgesamt,15.11.,2222,e
Statistik der Sterbefälle,Deutschland,Insgesamt,2001,Insgesamt,16.11.,2315,e
Statistik der Sterbefälle,Deutschland,Insgesamt,2001,Insgesamt,17.11.,2273,e
Statistik der Sterbefälle,Deutschland,Insgesamt,2001,Insgesamt,18.11.,2325,e
Statistik der Sterbefälle,Deutschland,Insgesamt,2001,Insgesamt,19.11.,2424,e
Statistik der Sterbefälle,Deutschland,Insgesamt,2001,Insgesamt,20.11.,2312,e
Statistik der Sterbefälle,Deutschland,Insgesamt,2001,Insgesamt,21.11.,2294,e
Statistik der Sterbefälle,Deutschland,Insgesamt,2001,Insgesamt,22.11.,2422,e
Statistik der Sterbefälle,Deutschland,Insgesamt,2001,Insgesamt,23.11.,2355,e
Statistik der Sterbefälle,Deutschland,Insgesamt,2001,Insgesamt,24.11.,2281,e
Statistik der Sterbefälle,Deutschland,Insgesamt,2001,Insgesamt,25.11.,2291,e
Statistik der Sterbefälle,Deutschland,Insgesamt,2001,Insgesamt,26.11.,2344,e
Statistik der Sterbefälle,Deutschland,Insgesamt,2001,Insgesamt,27.11.,2269,e
Statistik der Sterbefälle,Deutschland,Insgesamt,2001,Insgesamt,28.11.,2302,e
Statistik der Sterbefälle,Deutschland,Insgesamt,2001,Insgesamt,29.11.,2330,e
Statistik der Sterbefälle,Deutschland,Insgesamt,2001,Insgesamt,30.11.,2349,e
Statistik der Sterbefälle,Deutschland,Insgesamt,2001,Insgesamt,01.12.,2360,e
Statistik der Sterbefälle,Deutschland,Insgesamt,2001,Insgesamt,02.12.,2314,e
Statistik der Sterbefälle,Deutschland,Insgesamt,2001,Insgesamt,03.12.,2300,e
Statistik der Sterbefälle,Deutschland,Insgesamt,2001,Insgesamt,04.12.,2392,e
Statistik der Sterbefälle,Deutschland,Insgesamt,2001,Insgesamt,05.12.,2293,e
Statistik der Sterbefälle,Deutschland,Insgesamt,2001,Insgesamt,06.12.,2257,e
Statistik der Sterbefälle,Deutschland,Insgesamt,2001,Insgesamt,07.12.,2371,e
Statistik der Sterbefälle,Deutschland,Insgesamt,2001,Insgesamt,08.12.,2233,e
Statistik der Sterbefälle,Deutschland,Insgesamt,2001,Insgesamt,09.12.,2190,e
Statistik der Sterbefälle,Deutschland,Insgesamt,2001,Insgesamt,10.12.,2252,e
Statistik der Sterbefälle,Deutschland,Insgesamt,2001,Insgesamt,11.12.,2283,e
Statistik der Sterbefälle,Deutschland,Insgesamt,2001,Insgesamt,12.12.,2340,e
Statistik der Sterbefälle,Deutschland,Insgesamt,2001,Insgesamt,13.12.,2315,e
Statistik der Sterbefälle,Deutschland,Insgesamt,2001,Insgesamt,14.12.,2441,e
Statistik der Sterbefälle,Deutschland,Insgesamt,2001,Insgesamt,15.12.,2342,e
Statistik der Sterbefälle,Deutschland,Insgesamt,2001,Insgesamt,16.12.,2335,e
Statistik der Sterbefälle,Deutschland,Insgesamt,2001,Insgesamt,17.12.,2373,e
Statistik der Sterbefälle,Deutschland,Insgesamt,2001,Insgesamt,18.12.,2444,e
Statistik der Sterbefälle,Deutschland,Insgesamt,2001,Insgesamt,19.12.,2486,e
Statistik der Sterbefälle,Deutschland,Insgesamt,2001,Insgesamt,20.12.,2463,e
Statistik der Sterbefälle,Deutschland,Insgesamt,2001,Insgesamt,21.12.,2549,e
Statistik der Sterbefälle,Deutschland,Insgesamt,2001,Insgesamt,22.12.,2548,e
Statistik der Sterbefälle,Deutschland,Insgesamt,2001,Insgesamt,23.12.,2484,e
Statistik der Sterbefälle,Deutschland,Insgesamt,2001,Insgesamt,24.12.,2470,e
Statistik der Sterbefälle,Deutschland,Insgesamt,2001,Insgesamt,25.12.,2543,e
Statistik der Sterbefälle,Deutschland,Insgesamt,2001,Insgesamt,26.12.,2460,e
Statistik der Sterbefälle,Deutschland,Insgesamt,2001,Insgesamt,27.12.,2627,e
Statistik der Sterbefälle,Deutschland,Insgesamt,2001,Insgesamt,28.12.,2580,e
Statistik der Sterbefälle,Deutschland,Insgesamt,2001,Insgesamt,29.12.,2560,e
Statistik der Sterbefälle,Deutschland,Insgesamt,2001,Insgesamt,30.12.,2447,e
Statistik der Sterbefälle,Deutschland,Insgesamt,2001,Insgesamt,31.12.,2377,e
Statistik der Sterbefälle,Deutschland,Insgesamt,2002,Insgesamt,Insgesamt,841687,e
Statistik der Sterbefälle,Deutschland,Insgesamt,2002,Insgesamt,01.01.,2534,e
Statistik der Sterbefälle,Deutschland,Insgesamt,2002,Insgesamt,02.01.,2450,e
Statistik der Sterbefälle,Deutschland,Insgesamt,2002,Insgesamt,03.01.,2503,e
Statistik der Sterbefälle,Deutschland,Insgesamt,2002,Insgesamt,04.01.,2420,e
Statistik der Sterbefälle,Deutschland,Insgesamt,2002,Insgesamt,05.01.,2512,e
Statistik der Sterbefälle,Deutschland,Insgesamt,2002,Insgesamt,06.01.,2418,e
Statistik der Sterbefälle,Deutschland,Insgesamt,2002,Insgesamt,07.01.,2513,e
Statistik der Sterbefälle,Deutschland,Insgesamt,2002,Insgesamt,08.01.,2455,e
Statistik der Sterbefälle,Deutschland,Insgesamt,2002,Insgesamt,09.01.,2401,e
Statistik der Sterbefälle,Deutschland,Insgesamt,2002,Insgesamt,10.01.,2500,e
Statistik der Sterbefälle,Deutschland,Insgesamt,2002,Insgesamt,11.01.,2545,e
Statistik der Sterbefälle,Deutschland,Insgesamt,2002,Insgesamt,12.01.,2499,e
Statistik der Sterbefälle,Deutschland,Insgesamt,2002,Insgesamt,13.01.,2407,e
Statistik der Sterbefälle,Deutschland,Insgesamt,2002,Insgesamt,14.01.,2459,e
Statistik der Sterbefälle,Deutschland,Insgesamt,2002,Insgesamt,15.01.,2432,e
Statistik der Sterbefälle,Deutschland,Insgesamt,2002,Insgesamt,16.01.,2442,e
Statistik der Sterbefälle,Deutschland,Insgesamt,2002,Insgesamt,17.01.,2392,e
Statistik der Sterbefälle,Deutschland,Insgesamt,2002,Insgesamt,18.01.,2404,e
Statistik der Sterbefälle,Deutschland,Insgesamt,2002,Insgesamt,19.01.,2518,e
Statistik der Sterbefälle,Deutschland,Insgesamt,2002,Insgesamt,20.01.,2407,e
Statistik der Sterbefälle,Deutschland,Insgesamt,2002,Insgesamt,21.01.,2677,e
Statistik der Sterbefälle,Deutschland,Insgesamt,2002,Insgesamt,22.01.,2482,e
Statistik der Sterbefälle,Deutschland,Insgesamt,2002,Insgesamt,23.01.,2534,e
Statistik der Sterbefälle,Deutschland,Insgesamt,2002,Insgesamt,24.01.,2461,e
Statistik der Sterbefälle,Deutschland,Insgesamt,2002,Insgesamt,25.01.,2360,e
Statistik der Sterbefälle,Deutschland,Insgesamt,2002,Insgesamt,26.01.,2455,e
Statistik der Sterbefälle,Deutschland,Insgesamt,2002,Insgesamt,27.01.,2315,e
Statistik der Sterbefälle,Deutschland,Insgesamt,2002,Insgesamt,28.01.,2447,e
Statistik der Sterbefälle,Deutschland,Insgesamt,2002,Insgesamt,29.01.,2419,e
Statistik der Sterbefälle,Deutschland,Insgesamt,2002,Insgesamt,30.01.,2376,e
Statistik der Sterbefälle,Deutschland,Insgesamt,2002,Insgesamt,31.01.,2285,e
Statistik der Sterbefälle,Deutschland,Insgesamt,2002,Insgesamt,01.02.,2356,e
Statistik der Sterbefälle,Deutschland,Insgesamt,2002,Insgesamt,02.02.,2301,e
Statistik der Sterbefälle,Deutschland,Insgesamt,2002,Insgesamt,03.02.,2330,e
Statistik der Sterbefälle,Deutschland,Insgesamt,2002,Insgesamt,04.02.,2391,e
Statistik der Sterbefälle,Deutschland,Insgesamt,2002,Insgesamt,05.02.,2415,e
Statistik der Sterbefälle,Deutschland,Insgesamt,2002,Insgesamt,06.02.,2316,e
Statistik der Sterbefälle,Deutschland,Insgesamt,2002,Insgesamt,07.02.,2328,e
Statistik der Sterbefälle,Deutschland,Insgesamt,2002,Insgesamt,08.02.,2355,e
Statistik der Sterbefälle,Deutschland,Insgesamt,2002,Insgesamt,09.02.,2309,e
Statistik der Sterbefälle,Deutschland,Insgesamt,2002,Insgesamt,10.02.,2227,e
Statistik der Sterbefälle,Deutschland,Insgesamt,2002,Insgesamt,11.02.,2365,e
Statistik der Sterbefälle,Deutschland,Insgesamt,2002,Insgesamt,12.02.,2396,e
Statistik der Sterbefälle,Deutschland,Insgesamt,2002,Insgesamt,13.02.,2367,e
Statistik der Sterbefälle,Deutschland,Insgesamt,2002,Insgesamt,14.02.,2319,e
Statistik der Sterbefälle,Deutschland,Insgesamt,2002,Insgesamt,15.02.,2208,e
Statistik der Sterbefälle,Deutschland,Insgesamt,2002,Insgesamt,16.02.,2207,e
Statistik der Sterbefälle,Deutschland,Insgesamt,2002,Insgesamt,17.02.,2320,e
Statistik der Sterbefälle,Deutschland,Insgesamt,2002,Insgesamt,18.02.,2296,e
Statistik der Sterbefälle,Deutschland,Insgesamt,2002,Insgesamt,19.02.,2429,e
Statistik der Sterbefälle,Deutschland,Insgesamt,2002,Insgesamt,20.02.,2463,e
Statistik der Sterbefälle,Deutschland,Insgesamt,2002,Insgesamt,21.02.,2280,e
Statistik der Sterbefälle,Deutschland,Insgesamt,2002,Insgesamt,22.02.,2531,e
Statistik der Sterbefälle,Deutschland,Insgesamt,2002,Insgesamt,23.02.,2507,e
Statistik der Sterbefälle,Deutschland,Insgesamt,2002,Insgesamt,24.02.,2363,e
Statistik der Sterbefälle,Deutschland,Insgesamt,2002,Insgesamt,25.02.,2406,e
Statistik der Sterbefälle,Deutschland,Insgesamt,2002,Insgesamt,26.02.,2505,e
Statistik der Sterbefälle,Deutschland,Insgesamt,2002,Insgesamt,27.02.,2333,e
Statistik der Sterbefälle,Deutschland,Insgesamt,2002,Insgesamt,28.02.,2474,e
Statistik der Sterbefälle,Deutschland,Insgesamt,2002,Insgesamt,29.02.,X,e
Statistik der Sterbefälle,Deutschland,Insgesamt,2002,Insgesamt,01.03.,2382,e
Statistik der Sterbefälle,Deutschland,Insgesamt,2002,Insgesamt,02.03.,2373,e
Statistik der Sterbefälle,Deutschland,Insgesamt,2002,Insgesamt,03.03.,2318,e
Statistik der Sterbefälle,Deutschland,Insgesamt,2002,Insgesamt,04.03.,2442,e
Statistik der Sterbefälle,Deutschland,Insgesamt,2002,Insgesamt,05.03.,2508,e
Statistik der Sterbefälle,Deutschland,Insgesamt,2002,Insgesamt,06.03.,2458,e
Statistik der Sterbefälle,Deutschland,Insgesamt,2002,Insgesamt,07.03.,2477,e
Statistik der Sterbefälle,Deutschland,Insgesamt,2002,Insgesamt,08.03.,2468,e
Statistik der Sterbefälle,Deutschland,Insgesamt,2002,Insgesamt,09.03.,2481,e
Statistik der Sterbefälle,Deutschland,Insgesamt,2002,Insgesamt,10.03.,2302,e
Statistik der Sterbefälle,Deutschland,Insgesamt,2002,Insgesamt,11.03.,2462,e
Statistik der Sterbefälle,Deutschland,Insgesamt,2002,Insgesamt,12.03.,2553,e
Statistik der Sterbefälle,Deutschland,Insgesamt,2002,Insgesamt,13.03.,2483,e
Statistik der Sterbefälle,Deutschland,Insgesamt,2002,Insgesamt,14.03.,2441,e
Statistik der Sterbefälle,Deutschland,Insgesamt,2002,Insgesamt,15.03.,2449,e
Statistik der Sterbefälle,Deutschland,Insgesamt,2002,Insgesamt,16.03.,2351,e
Statistik der Sterbefälle,Deutschland,Insgesamt,2002,Insgesamt,17.03.,2406,e
Statistik der Sterbefälle,Deutschland,Insgesamt,2002,Insgesamt,18.03.,2495,e
Statistik der Sterbefälle,Deutschland,Insgesamt,2002,Insgesamt,19.03.,2515,e
Statistik der Sterbefälle,Deutschland,Insgesamt,2002,Insgesamt,20.03.,2444,e
Statistik der Sterbefälle,Deutschland,Insgesamt,2002,Insgesamt,21.03.,2463,e
Statistik der Sterbefälle,Deutschland,Insgesamt,2002,Insgesamt,22.03.,2383,e
Statistik der Sterbefälle,Deutschland,Insgesamt,2002,Insgesamt,23.03.,2356,e
Statistik der Sterbefälle,Deutschland,Insgesamt,2002,Insgesamt,24.03.,2281,e
Statistik der Sterbefälle,Deutschland,Insgesamt,2002,Insgesamt,25.03.,2396,e
Statistik der Sterbefälle,Deutschland,Insgesamt,2002,Insgesamt,26.03.,2414,e
Statistik der Sterbefälle,Deutschland,Insgesamt,2002,Insgesamt,27.03.,2341,e
Statistik der Sterbefälle,Deutschland,Insgesamt,2002,Insgesamt,28.03.,2428,e
Statistik der Sterbefälle,Deutschland,Insgesamt,2002,Insgesamt,29.03.,2500,e
Statistik der Sterbefälle,Deutschland,Insgesamt,2002,Insgesamt,30.03.,2406,e
Statistik der Sterbefälle,Deutschland,Insgesamt,2002,Insgesamt,31.03.,2224,e
Statistik der Sterbefälle,Deutschland,Insgesamt,2002,Insgesamt,01.04.,2322,e
Statistik der Sterbefälle,Deutschland,Insgesamt,2002,Insgesamt,02.04.,2556,e
Statistik der Sterbefälle,Deutschland,Insgesamt,2002,Insgesamt,03.04.,2599,e
Statistik der Sterbefälle,Deutschland,Insgesamt,2002,Insgesamt,04.04.,2571,e
Statistik der Sterbefälle,Deutschland,Insgesamt,2002,Insgesamt,05.04.,2400,e
Statistik der Sterbefälle,Deutschland,Insgesamt,2002,Insgesamt,06.04.,2361,e
Statistik der Sterbefälle,Deutschland,Insgesamt,2002,Insgesamt,07.04.,2410,e
Statistik der Sterbefälle,Deutschland,Insgesamt,2002,Insgesamt,08.04.,2392,e
Statistik der Sterbefälle,Deutschland,Insgesamt,2002,Insgesamt,09.04.,2412,e
Statistik der Sterbefälle,Deutschland,Insgesamt,2002,Insgesamt,10.04.,2475,e
Statistik der Sterbefälle,Deutschland,Insgesamt,2002,Insgesamt,11.04.,2472,e
Statistik der Sterbefälle,Deutschland,Insgesamt,2002,Insgesamt,12.04.,2542,e
Statistik der Sterbefälle,Deutschland,Insgesamt,2002,Insgesamt,13.04.,2477,e
Statistik der Sterbefälle,Deutschland,Insgesamt,2002,Insgesamt,14.04.,2385,e
Statistik der Sterbefälle,Deutschland,Insgesamt,2002,Insgesamt,15.04.,2412,e
Statistik der Sterbefälle,Deutschland,Insgesamt,2002,Insgesamt,16.04.,2368,e
Statistik der Sterbefälle,Deutschland,Insgesamt,2002,Insgesamt,17.04.,2453,e
Statistik der Sterbefälle,Deutschland,Insgesamt,2002,Insgesamt,18.04.,2361,e
Statistik der Sterbefälle,Deutschland,Insgesamt,2002,Insgesamt,19.04.,2304,e
Statistik der Sterbefälle,Deutschland,Insgesamt,2002,Insgesamt,20.04.,2279,e
Statistik der Sterbefälle,Deutschland,Insgesamt,2002,Insgesamt,21.04.,2268,e
Statistik der Sterbefälle,Deutschland,Insgesamt,2002,Insgesamt,22.04.,2357,e
Statistik der Sterbefälle,Deutschland,Insgesamt,2002,Insgesamt,23.04.,2386,e
Statistik der Sterbefälle,Deutschland,Insgesamt,2002,Insgesamt,24.04.,2359,e
Statistik der Sterbefälle,Deutschland,Insgesamt,2002,Insgesamt,25.04.,2409,e
Statistik der Sterbefälle,Deutschland,Insgesamt,2002,Insgesamt,26.04.,2378,e
Statistik der Sterbefälle,Deutschland,Insgesamt,2002,Insgesamt,27.04.,2346,e
Statistik der Sterbefälle,Deutschland,Insgesamt,2002,Insgesamt,28.04.,2147,e
Statistik der Sterbefälle,Deutschland,Insgesamt,2002,Insgesamt,29.04.,2332,e
Statistik der Sterbefälle,Deutschland,Insgesamt,2002,Insgesamt,30.04.,2228,e
Statistik der Sterbefälle,Deutschland,Insgesamt,2002,Insgesamt,01.05.,2257,e
Statistik der Sterbefälle,Deutschland,Insgesamt,2002,Insgesamt,02.05.,2351,e
Statistik der Sterbefälle,Deutschland,Insgesamt,2002,Insgesamt,03.05.,2293,e
Statistik der Sterbefälle,Deutschland,Insgesamt,2002,Insgesamt,04.05.,2240,e
Statistik der Sterbefälle,Deutschland,Insgesamt,2002,Insgesamt,05.05.,2209,e
Statistik der Sterbefälle,Deutschland,Insgesamt,2002,Insgesamt,06.05.,2268,e
Statistik der Sterbefälle,Deutschland,Insgesamt,2002,Insgesamt,07.05.,2202,e
Statistik der Sterbefälle,Deutschland,Insgesamt,2002,Insgesamt,08.05.,2320,e
Statistik der Sterbefälle,Deutschland,Insgesamt,2002,Insgesamt,09.05.,2377,e
Statistik der Sterbefälle,Deutschland,Insgesamt,2002,Insgesamt,10.05.,2406,e
Statistik der Sterbefälle,Deutschland,Insgesamt,2002,Insgesamt,11.05.,2302,e
Statistik der Sterbefälle,Deutschland,Insgesamt,2002,Insgesamt,12.05.,2162,e
Statistik der Sterbefälle,Deutschland,Insgesamt,2002,Insgesamt,13.05.,2240,e
Statistik der Sterbefälle,Deutschland,Insgesamt,2002,Insgesamt,14.05.,2313,e
Statistik der Sterbefälle,Deutschland,Insgesamt,2002,Insgesamt,15.05.,2208,e
Statistik der Sterbefälle,Deutschland,Insgesamt,2002,Insgesamt,16.05.,2243,e
Statistik der Sterbefälle,Deutschland,Insgesamt,2002,Insgesamt,17.05.,2303,e
Statistik der Sterbefälle,Deutschland,Insgesamt,2002,Insgesamt,18.05.,2229,e
Statistik der Sterbefälle,Deutschland,Insgesamt,2002,Insgesamt,19.05.,2147,e
Statistik der Sterbefälle,Deutschland,Insgesamt,2002,Insgesamt,20.05.,2222,e
Statistik der Sterbefälle,Deutschland,Insgesamt,2002,Insgesamt,21.05.,2300,e
Statistik der Sterbefälle,Deutschland,Insgesamt,2002,Insgesamt,22.05.,2306,e
Statistik der Sterbefälle,Deutschland,Insgesamt,2002,Insgesamt,23.05.,2198,e
Statistik der Sterbefälle,Deutschland,Insgesamt,2002,Insgesamt,24.05.,2124,e
Statistik der Sterbefälle,Deutschland,Insgesamt,2002,Insgesamt,25.05.,2153,e
Statistik der Sterbefälle,Deutschland,Insgesamt,2002,Insgesamt,26.05.,1993,e
Statistik der Sterbefälle,Deutschland,Insgesamt,2002,Insgesamt,27.05.,2175,e
Statistik der Sterbefälle,Deutschland,Insgesamt,2002,Insgesamt,28.05.,2108,e
Statistik der Sterbefälle,Deutschland,Insgesamt,2002,Insgesamt,29.05.,2169,e
Statistik der Sterbefälle,Deutschland,Insgesamt,2002,Insgesamt,30.05.,2116,e
Statistik der Sterbefälle,Deutschland,Insgesamt,2002,Insgesamt,31.05.,2100,e
Statistik der Sterbefälle,Deutschland,Insgesamt,2002,Insgesamt,01.06.,2075,e
Statistik der Sterbefälle,Deutschland,Insgesamt,2002,Insgesamt,02.06.,2114,e
Statistik der Sterbefälle,Deutschland,Insgesamt,2002,Insgesamt,03.06.,2294,e
Statistik der Sterbefälle,Deutschland,Insgesamt,2002,Insgesamt,04.06.,2300,e
Statistik der Sterbefälle,Deutschland,Insgesamt,2002,Insgesamt,05.06.,2274,e
Statistik der Sterbefälle,Deutschland,Insgesamt,2002,Insgesamt,06.06.,2318,e
Statistik der Sterbefälle,Deutschland,Insgesamt,2002,Insgesamt,07.06.,2304,e
Statistik der Sterbefälle,Deutschland,Insgesamt,2002,Insgesamt,08.06.,2088,e
Statistik der Sterbefälle,Deutschland,Insgesamt,2002,Insgesamt,09.06.,2130,e
Statistik der Sterbefälle,Deutschland,Insgesamt,2002,Insgesamt,10.06.,2303,e
Statistik der Sterbefälle,Deutschland,Insgesamt,2002,Insgesamt,11.06.,2108,e
Statistik der Sterbefälle,Deutschland,Insgesamt,2002,Insgesamt,12.06.,2177,e
Statistik der Sterbefälle,Deutschland,Insgesamt,2002,Insgesamt,13.06.,2169,e
Statistik der Sterbefälle,Deutschland,Insgesamt,2002,Insgesamt,14.06.,2234,e
Statistik der Sterbefälle,Deutschland,Insgesamt,2002,Insgesamt,15.06.,2164,e
Statistik der Sterbefälle,Deutschland,Insgesamt,2002,Insgesamt,16.06.,2158,e
Statistik der Sterbefälle,Deutschland,Insgesamt,2002,Insgesamt,17.06.,2366,e
Statistik der Sterbefälle,Deutschland,Insgesamt,2002,Insgesamt,18.06.,2670,e
Statistik der Sterbefälle,Deutschland,Insgesamt,2002,Insgesamt,19.06.,2491,e
Statistik der Sterbefälle,Deutschland,Insgesamt,2002,Insgesamt,20.06.,2452,e
Statistik der Sterbefälle,Deutschland,Insgesamt,2002,Insgesamt,21.06.,2236,e
Statistik der Sterbefälle,Deutschland,Insgesamt,2002,Insgesamt,22.06.,2208,e
Statistik der Sterbefälle,Deutschland,Insgesamt,2002,Insgesamt,23.06.,2165,e
Statistik der Sterbefälle,Deutschland,Insgesamt,2002,Insgesamt,24.06.,2109,e
Statistik der Sterbefälle,Deutschland,Insgesamt,2002,Insgesamt,25.06.,2086,e
Statistik der Sterbefälle,Deutschland,Insgesamt,2002,Insgesamt,26.06.,2168,e
Statistik der Sterbefälle,Deutschland,Insgesamt,2002,Insgesamt,27.06.,2175,e
Statistik der Sterbefälle,Deutschland,Insgesamt,2002,Insgesamt,28.06.,2091,e
Statistik der Sterbefälle,Deutschland,Insgesamt,2002,Insgesamt,29.06.,2130,e
Statistik der Sterbefälle,Deutschland,Insgesamt,2002,Insgesamt,30.06.,2038,e
Statistik der Sterbefälle,Deutschland,Insgesamt,2002,Insgesamt,01.07.,2174,e
Statistik der Sterbefälle,Deutschland,Insgesamt,2002,Insgesamt,02.07.,2063,e
Statistik der Sterbefälle,Deutschland,Insgesamt,2002,Insgesamt,03.07.,2233,e
Statistik der Sterbefälle,Deutschland,Insgesamt,2002,Insgesamt,04.07.,2163,e
Statistik der Sterbefälle,Deutschland,Insgesamt,2002,Insgesamt,05.07.,2023,e
Statistik der Sterbefälle,Deutschland,Insgesamt,2002,Insgesamt,06.07.,2129,e
Statistik der Sterbefälle,Deutschland,Insgesamt,2002,Insgesamt,07.07.,2153,e
Statistik der Sterbefälle,Deutschland,Insgesamt,2002,Insgesamt,08.07.,2227,e
Statistik der Sterbefälle,Deutschland,Insgesamt,2002,Insgesamt,09.07.,2344,e
Statistik der Sterbefälle,Deutschland,Insgesamt,2002,Insgesamt,10.07.,2298,e
Statistik der Sterbefälle,Deutschland,Insgesamt,2002,Insgesamt,11.07.,2116,e
Statistik der Sterbefälle,Deutschland,Insgesamt,2002,Insgesamt,12.07.,2088,e
Statistik der Sterbefälle,Deutschland,Insgesamt,2002,Insgesamt,13.07.,2161,e
Statistik der Sterbefälle,Deutschland,Insgesamt,2002,Insgesamt,14.07.,2076,e
Statistik der Sterbefälle,Deutschland,Insgesamt,2002,Insgesamt,15.07.,2187,e
Statistik der Sterbefälle,Deutschland,Insgesamt,2002,Insgesamt,16.07.,2126,e
Statistik der Sterbefälle,Deutschland,Insgesamt,2002,Insgesamt,17.07.,2101,e
Statistik der Sterbefälle,Deutschland,Insgesamt,2002,Insgesamt,18.07.,2074,e
Statistik der Sterbefälle,Deutschland,Insgesamt,2002,Insgesamt,19.07.,2032,e
Statistik der Sterbefälle,Deutschland,Insgesamt,2002,Insgesamt,20.07.,1998,e
Statistik der Sterbefälle,Deutschland,Insgesamt,2002,Insgesamt,21.07.,2174,e
Statistik der Sterbefälle,Deutschland,Insgesamt,2002,Insgesamt,22.07.,2112,e
Statistik der Sterbefälle,Deutschland,Insgesamt,2002,Insgesamt,23.07.,2156,e
Statistik der Sterbefälle,Deutschland,Insgesamt,2002,Insgesamt,24.07.,2107,e
Statistik der Sterbefälle,Deutschland,Insgesamt,2002,Insgesamt,25.07.,2070,e
Statistik der Sterbefälle,Deutschland,Insgesamt,2002,Insgesamt,26.07.,2144,e
Statistik der Sterbefälle,Deutschland,Insgesamt,2002,Insgesamt,27.07.,2124,e
Statistik der Sterbefälle,Deutschland,Insgesamt,2002,Insgesamt,28.07.,2199,e
Statistik der Sterbefälle,Deutschland,Insgesamt,2002,Insgesamt,29.07.,2298,e
Statistik der Sterbefälle,Deutschland,Insgesamt,2002,Insgesamt,30.07.,2463,e
Statistik der Sterbefälle,Deutschland,Insgesamt,2002,Insgesamt,31.07.,2422,e
Statistik der Sterbefälle,Deutschland,Insgesamt,2002,Insgesamt,01.08.,2446,e
Statistik der Sterbefälle,Deutschland,Insgesamt,2002,Insgesamt,02.08.,2235,e
Statistik der Sterbefälle,Deutschland,Insgesamt,2002,Insgesamt,03.08.,2139,e
Statistik der Sterbefälle,Deutschland,Insgesamt,2002,Insgesamt,04.08.,2115,e
Statistik der Sterbefälle,Deutschland,Insgesamt,2002,Insgesamt,05.08.,2110,e
Statistik der Sterbefälle,Deutschland,Insgesamt,2002,Insgesamt,06.08.,2048,e
Statistik der Sterbefälle,Deutschland,Insgesamt,2002,Insgesamt,07.08.,2115,e
Statistik der Sterbefälle,Deutschland,Insgesamt,2002,Insgesamt,08.08.,2027,e
Statistik der Sterbefälle,Deutschland,Insgesamt,2002,Insgesamt,09.08.,2126,e
Statistik der Sterbefälle,Deutschland,Insgesamt,2002,Insgesamt,10.08.,2056,e
Statistik der Sterbefälle,Deutschland,Insgesamt,2002,Insgesamt,11.08.,2117,e
Statistik der Sterbefälle,Deutschland,Insgesamt,2002,Insgesamt,12.08.,2109,e
Statistik der Sterbefälle,Deutschland,Insgesamt,2002,Insgesamt,13.08.,2098,e
Statistik der Sterbefälle,Deutschland,Insgesamt,2002,Insgesamt,14.08.,2136,e
Statistik der Sterbefälle,Deutschland,Insgesamt,2002,Insgesamt,15.08.,2232,e
Statistik der Sterbefälle,Deutschland,Insgesamt,2002,Insgesamt,16.08.,2153,e
Statistik der Sterbefälle,Deutschland,Insgesamt,2002,Insgesamt,17.08.,2268,e
Statistik der Sterbefälle,Deutschland,Insgesamt,2002,Insgesamt,18.08.,2133,e
Statistik der Sterbefälle,Deutschland,Insgesamt,2002,Insgesamt,19.08.,2366,e
Statistik der Sterbefälle,Deutschland,Insgesamt,2002,Insgesamt,20.08.,2336,e
Statistik der Sterbefälle,Deutschland,Insgesamt,2002,Insgesamt,21.08.,2227,e
Statistik der Sterbefälle,Deutschland,Insgesamt,2002,Insgesamt,22.08.,2109,e
Statistik der Sterbefälle,Deutschland,Insgesamt,2002,Insgesamt,23.08.,2257,e
Statistik der Sterbefälle,Deutschland,Insgesamt,2002,Insgesamt,24.08.,2087,e
Statistik der Sterbefälle,Deutschland,Insgesamt,2002,Insgesamt,25.08.,2059,e
Statistik der Sterbefälle,Deutschland,Insgesamt,2002,Insgesamt,26.08.,2255,e
Statistik der Sterbefälle,Deutschland,Insgesamt,2002,Insgesamt,27.08.,2148,e
Statistik der Sterbefälle,Deutschland,Insgesamt,2002,Insgesamt,28.08.,2225,e
Statistik der Sterbefälle,Deutschland,Insgesamt,2002,Insgesamt,29.08.,2186,e
Statistik der Sterbefälle,Deutschland,Insgesamt,2002,Insgesamt,30.08.,2224,e
Statistik der Sterbefälle,Deutschland,Insgesamt,2002,Insgesamt,31.08.,2117,e
Statistik der Sterbefälle,Deutschland,Insgesamt,2002,Insgesamt,01.09.,1934,e
Statistik der Sterbefälle,Deutschland,Insgesamt,2002,Insgesamt,02.09.,2045,e
Statistik der Sterbefälle,Deutschland,Insgesamt,2002,Insgesamt,03.09.,2092,e
Statistik der Sterbefälle,Deutschland,Insgesamt,2002,Insgesamt,04.09.,2162,e
Statistik der Sterbefälle,Deutschland,Insgesamt,2002,Insgesamt,05.09.,2031,e
Statistik der Sterbefälle,Deutschland,Insgesamt,2002,Insgesamt,06.09.,2136,e
Statistik der Sterbefälle,Deutschland,Insgesamt,2002,Insgesamt,07.09.,2065,e
Statistik der Sterbefälle,Deutschland,Insgesamt,2002,Insgesamt,08.09.,2116,e
Statistik der Sterbefälle,Deutschland,Insgesamt,2002,Insgesamt,09.09.,2178,e
Statistik der Sterbefälle,Deutschland,Insgesamt,2002,Insgesamt,10.09.,2235,e
Statistik der Sterbefälle,Deutschland,Insgesamt,2002,Insgesamt,11.09.,2174,e
Statistik der Sterbefälle,Deutschland,Insgesamt,2002,Insgesamt,12.09.,2069,e
Statistik der Sterbefälle,Deutschland,Insgesamt,2002,Insgesamt,13.09.,1992,e
Statistik der Sterbefälle,Deutschland,Insgesamt,2002,Insgesamt,14.09.,2091,e
Statistik der Sterbefälle,Deutschland,Insgesamt,2002,Insgesamt,15.09.,2030,e
Statistik der Sterbefälle,Deutschland,Insgesamt,2002,Insgesamt,16.09.,2065,e
Statistik der Sterbefälle,Deutschland,Insgesamt,2002,Insgesamt,17.09.,2165,e
Statistik der Sterbefälle,Deutschland,Insgesamt,2002,Insgesamt,18.09.,2117,e
Statistik der Sterbefälle,Deutschland,Insgesamt,2002,Insgesamt,19.09.,2187,e
Statistik der Sterbefälle,Deutschland,Insgesamt,2002,Insgesamt,20.09.,2213,e
Statistik der Sterbefälle,Deutschland,Insgesamt,2002,Insgesamt,21.09.,2131,e
Statistik der Sterbefälle,Deutschland,Insgesamt,2002,Insgesamt,22.09.,2095,e
Statistik der Sterbefälle,Deutschland,Insgesamt,2002,Insgesamt,23.09.,2244,e
Statistik der Sterbefälle,Deutschland,Insgesamt,2002,Insgesamt,24.09.,2189,e
Statistik der Sterbefälle,Deutschland,Insgesamt,2002,Insgesamt,25.09.,2204,e
Statistik der Sterbefälle,Deutschland,Insgesamt,2002,Insgesamt,26.09.,2251,e
Statistik der Sterbefälle,Deutschland,Insgesamt,2002,Insgesamt,27.09.,2207,e
Statistik der Sterbefälle,Deutschland,Insgesamt,2002,Insgesamt,28.09.,2203,e
Statistik der Sterbefälle,Deutschland,Insgesamt,2002,Insgesamt,29.09.,2169,e
Statistik der Sterbefälle,Deutschland,Insgesamt,2002,Insgesamt,30.09.,2161,e
Statistik der Sterbefälle,Deutschland,Insgesamt,2002,Insgesamt,01.10.,2197,e
Statistik der Sterbefälle,Deutschland,Insgesamt,2002,Insgesamt,02.10.,2245,e
Statistik der Sterbefälle,Deutschland,Insgesamt,2002,Insgesamt,03.10.,2193,e
Statistik der Sterbefälle,Deutschland,Insgesamt,2002,Insgesamt,04.10.,2273,e
Statistik der Sterbefälle,Deutschland,Insgesamt,2002,Insgesamt,05.10.,2238,e
Statistik der Sterbefälle,Deutschland,Insgesamt,2002,Insgesamt,06.10.,2185,e
Statistik der Sterbefälle,Deutschland,Insgesamt,2002,Insgesamt,07.10.,2306,e
Statistik der Sterbefälle,Deutschland,Insgesamt,2002,Insgesamt,08.10.,2229,e
Statistik der Sterbefälle,Deutschland,Insgesamt,2002,Insgesamt,09.10.,2191,e
Statistik der Sterbefälle,Deutschland,Insgesamt,2002,Insgesamt,10.10.,2277,e
Statistik der Sterbefälle,Deutschland,Insgesamt,2002,Insgesamt,11.10.,2259,e
Statistik der Sterbefälle,Deutschland,Insgesamt,2002,Insgesamt,12.10.,2359,e
Statistik der Sterbefälle,Deutschland,Insgesamt,2002,Insgesamt,13.10.,2219,e
Statistik der Sterbefälle,Deutschland,Insgesamt,2002,Insgesamt,14.10.,2420,e
Statistik der Sterbefälle,Deutschland,Insgesamt,2002,Insgesamt,15.10.,2330,e
Statistik der Sterbefälle,Deutschland,Insgesamt,2002,Insgesamt,16.10.,2414,e
Statistik der Sterbefälle,Deutschland,Insgesamt,2002,Insgesamt,17.10.,2401,e
Statistik der Sterbefälle,Deutschland,Insgesamt,2002,Insgesamt,18.10.,2288,e
Statistik der Sterbefälle,Deutschland,Insgesamt,2002,Insgesamt,19.10.,2175,e
Statistik der Sterbefälle,Deutschland,Insgesamt,2002,Insgesamt,20.10.,2184,e
Statistik der Sterbefälle,Deutschland,Insgesamt,2002,Insgesamt,21.10.,2348,e
Statistik der Sterbefälle,Deutschland,Insgesamt,2002,Insgesamt,22.10.,2404,e
Statistik der Sterbefälle,Deutschland,Insgesamt,2002,Insgesamt,23.10.,2507,e
Statistik der Sterbefälle,Deutschland,Insgesamt,2002,Insgesamt,24.10.,2261,e
Statistik der Sterbefälle,Deutschland,Insgesamt,2002,Insgesamt,25.10.,2380,e
Statistik der Sterbefälle,Deutschland,Insgesamt,2002,Insgesamt,26.10.,2310,e
Statistik der Sterbefälle,Deutschland,Insgesamt,2002,Insgesamt,27.10.,2281,e
Statistik der Sterbefälle,Deutschland,Insgesamt,2002,Insgesamt,28.10.,2319,e
Statistik der Sterbefälle,Deutschland,Insgesamt,2002,Insgesamt,29.10.,2232,e
Statistik der Sterbefälle,Deutschland,Insgesamt,2002,Insgesamt,30.10.,2321,e
Statistik der Sterbefälle,Deutschland,Insgesamt,2002,Insgesamt,31.10.,2338,e
Statistik der Sterbefälle,Deutschland,Insgesamt,2002,Insgesamt,01.11.,2320,e
Statistik der Sterbefälle,Deutschland,Insgesamt,2002,Insgesamt,02.11.,2274,e
Statistik der Sterbefälle,Deutschland,Insgesamt,2002,Insgesamt,03.11.,2159,e
Statistik der Sterbefälle,Deutschland,Insgesamt,2002,Insgesamt,04.11.,2246,e
Statistik der Sterbefälle,Deutschland,Insgesamt,2002,Insgesamt,05.11.,2205,e
Statistik der Sterbefälle,Deutschland,Insgesamt,2002,Insgesamt,06.11.,2306,e
Statistik der Sterbefälle,Deutschland,Insgesamt,2002,Insgesamt,07.11.,2319,e
Statistik der Sterbefälle,Deutschland,Insgesamt,2002,Insgesamt,08.11.,2280,e
Statistik der Sterbefälle,Deutschland,Insgesamt,2002,Insgesamt,09.11.,2383,e
Statistik der Sterbefälle,Deutschland,Insgesamt,2002,Insgesamt,10.11.,2240,e
Statistik der Sterbefälle,Deutschland,Insgesamt,2002,Insgesamt,11.11.,2409,e
Statistik der Sterbefälle,Deutschland,Insgesamt,2002,Insgesamt,12.11.,2379,e
Statistik der Sterbefälle,Deutschland,Insgesamt,2002,Insgesamt,13.11.,2376,e
Statistik der Sterbefälle,Deutschland,Insgesamt,2002,Insgesamt,14.11.,2341,e
Statistik der Sterbefälle,Deutschland,Insgesamt,2002,Insgesamt,15.11.,2433,e
Statistik der Sterbefälle,Deutschland,Insgesamt,2002,Insgesamt,16.11.,2294,e
Statistik der Sterbefälle,Deutschland,Insgesamt,2002,Insgesamt,17.11.,2282,e
Statistik der Sterbefälle,Deutschland,Insgesamt,2002,Insgesamt,18.11.,2279,e
Statistik der Sterbefälle,Deutschland,Insgesamt,2002,Insgesamt,19.11.,2335,e
Statistik der Sterbefälle,Deutschland,Insgesamt,2002,Insgesamt,20.11.,2349,e
Statistik der Sterbefälle,Deutschland,Insgesamt,2002,Insgesamt,21.11.,2361,e
Statistik der Sterbefälle,Deutschland,Insgesamt,2002,Insgesamt,22.11.,2401,e
Statistik der Sterbefälle,Deutschland,Insgesamt,2002,Insgesamt,23.11.,2324,e
Statistik der Sterbefälle,Deutschland,Insgesamt,2002,Insgesamt,24.11.,2279,e
Statistik der Sterbefälle,Deutschland,Insgesamt,2002,Insgesamt,25.11.,2371,e
Statistik der Sterbefälle,Deutschland,Insgesamt,2002,Insgesamt,26.11.,2356,e
Statistik der Sterbefälle,Deutschland,Insgesamt,2002,Insgesamt,27.11.,2313,e
Statistik der Sterbefälle,Deutschland,Insgesamt,2002,Insgesamt,28.11.,2365,e
Statistik der Sterbefälle,Deutschland,Insgesamt,2002,Insgesamt,29.11.,2373,e
Statistik der Sterbefälle,Deutschland,Insgesamt,2002,Insgesamt,30.11.,2225,e
Statistik der Sterbefälle,Deutschland,Insgesamt,2002,Insgesamt,01.12.,2269,e
Statistik der Sterbefälle,Deutschland,Insgesamt,2002,Insgesamt,02.12.,2418,e
Statistik der Sterbefälle,Deutschland,Insgesamt,2002,Insgesamt,03.12.,2411,e
Statistik der Sterbefälle,Deutschland,Insgesamt,2002,Insgesamt,04.12.,2402,e
Statistik der Sterbefälle,Deutschland,Insgesamt,2002,Insgesamt,05.12.,2358,e
Statistik der Sterbefälle,Deutschland,Insgesamt,2002,Insgesamt,06.12.,2392,e
Statistik der Sterbefälle,Deutschland,Insgesamt,2002,Insgesamt,07.12.,2294,e
Statistik der Sterbefälle,Deutschland,Insgesamt,2002,Insgesamt,08.12.,2325,e
Statistik der Sterbefälle,Deutschland,Insgesamt,2002,Insgesamt,09.12.,2440,e
Statistik der Sterbefälle,Deutschland,Insgesamt,2002,Insgesamt,10.12.,2465,e
Statistik der Sterbefälle,Deutschland,Insgesamt,2002,Insgesamt,11.12.,2464,e
Statistik der Sterbefälle,Deutschland,Insgesamt,2002,Insgesamt,12.12.,2505,e
Statistik der Sterbefälle,Deutschland,Insgesamt,2002,Insgesamt,13.12.,2591,e
Statistik der Sterbefälle,Deutschland,Insgesamt,2002,Insgesamt,14.12.,2536,e
Statistik der Sterbefälle,Deutschland,Insgesamt,2002,Insgesamt,15.12.,2526,e
Statistik der Sterbefälle,Deutschland,Insgesamt,2002,Insgesamt,16.12.,2664,e
Statistik der Sterbefälle,Deutschland,Insgesamt,2002,Insgesamt,17.12.,2619,e
Statistik der Sterbefälle,Deutschland,Insgesamt,2002,Insgesamt,18.12.,2515,e
Statistik der Sterbefälle,Deutschland,Insgesamt,2002,Insgesamt,19.12.,2608,e
Statistik der Sterbefälle,Deutschland,Insgesamt,2002,Insgesamt,20.12.,2616,e
Statistik der Sterbefälle,Deutschland,Insgesamt,2002,Insgesamt,21.12.,2654,e
Statistik der Sterbefälle,Deutschland,Insgesamt,2002,Insgesamt,22.12.,2563,e
Statistik der Sterbefälle,Deutschland,Insgesamt,2002,Insgesamt,23.12.,2655,e
Statistik der Sterbefälle,Deutschland,Insgesamt,2002,Insgesamt,24.12.,2672,e
Statistik der Sterbefälle,Deutschland,Insgesamt,2002,Insgesamt,25.12.,2590,e
Statistik der Sterbefälle,Deutschland,Insgesamt,2002,Insgesamt,26.12.,2575,e
Statistik der Sterbefälle,Deutschland,Insgesamt,2002,Insgesamt,27.12.,2679,e
Statistik der Sterbefälle,Deutschland,Insgesamt,2002,Insgesamt,28.12.,2574,e
Statistik der Sterbefälle,Deutschland,Insgesamt,2002,Insgesamt,29.12.,2596,e
Statistik der Sterbefälle,Deutschland,Insgesamt,2002,Insgesamt,30.12.,2703,e
Statistik der Sterbefälle,Deutschland,Insgesamt,2002,Insgesamt,31.12.,2593,e
Statistik der Sterbefälle,Deutschland,Insgesamt,2003,Insgesamt,Insgesamt,853946,e
Statistik der Sterbefälle,Deutschland,Insgesamt,2003,Insgesamt,01.01.,2560,e
Statistik der Sterbefälle,Deutschland,Insgesamt,2003,Insgesamt,02.01.,2742,e
Statistik der Sterbefälle,Deutschland,Insgesamt,2003,Insgesamt,03.01.,2632,e
Statistik der Sterbefälle,Deutschland,Insgesamt,2003,Insgesamt,04.01.,2470,e
Statistik der Sterbefälle,Deutschland,Insgesamt,2003,Insgesamt,05.01.,2535,e
Statistik der Sterbefälle,Deutschland,Insgesamt,2003,Insgesamt,06.01.,2644,e
Statistik der Sterbefälle,Deutschland,Insgesamt,2003,Insgesamt,07.01.,2624,e
Statistik der Sterbefälle,Deutschland,Insgesamt,2003,Insgesamt,08.01.,2609,e
Statistik der Sterbefälle,Deutschland,Insgesamt,2003,Insgesamt,09.01.,2517,e
Statistik der Sterbefälle,Deutschland,Insgesamt,2003,Insgesamt,10.01.,2716,e
Statistik der Sterbefälle,Deutschland,Insgesamt,2003,Insgesamt,11.01.,2630,e
Statistik der Sterbefälle,Deutschland,Insgesamt,2003,Insgesamt,12.01.,2525,e
Statistik der Sterbefälle,Deutschland,Insgesamt,2003,Insgesamt,13.01.,2654,e
Statistik der Sterbefälle,Deutschland,Insgesamt,2003,Insgesamt,14.01.,2615,e
Statistik der Sterbefälle,Deutschland,Insgesamt,2003,Insgesamt,15.01.,2594,e
Statistik der Sterbefälle,Deutschland,Insgesamt,2003,Insgesamt,16.01.,2565,e
Statistik der Sterbefälle,Deutschland,Insgesamt,2003,Insgesamt,17.01.,2509,e
Statistik der Sterbefälle,Deutschland,Insgesamt,2003,Insgesamt,18.01.,2460,e
Statistik der Sterbefälle,Deutschland,Insgesamt,2003,Insgesamt,19.01.,2464,e
Statistik der Sterbefälle,Deutschland,Insgesamt,2003,Insgesamt,20.01.,2588,e
Statistik der Sterbefälle,Deutschland,Insgesamt,2003,Insgesamt,21.01.,2565,e
Statistik der Sterbefälle,Deutschland,Insgesamt,2003,Insgesamt,22.01.,2631,e
Statistik der Sterbefälle,Deutschland,Insgesamt,2003,Insgesamt,23.01.,2477,e
Statistik der Sterbefälle,Deutschland,Insgesamt,2003,Insgesamt,24.01.,2435,e
Statistik der Sterbefälle,Deutschland,Insgesamt,2003,Insgesamt,25.01.,2423,e
Statistik der Sterbefälle,Deutschland,Insgesamt,2003,Insgesamt,26.01.,2390,e
Statistik der Sterbefälle,Deutschland,Insgesamt,2003,Insgesamt,27.01.,2517,e
Statistik der Sterbefälle,Deutschland,Insgesamt,2003,Insgesamt,28.01.,2583,e
Statistik der Sterbefälle,Deutschland,Insgesamt,2003,Insgesamt,29.01.,2508,e
Statistik der Sterbefälle,Deutschland,Insgesamt,2003,Insgesamt,30.01.,2489,e
Statistik der Sterbefälle,Deutschland,Insgesamt,2003,Insgesamt,31.01.,2442,e
Statistik der Sterbefälle,Deutschland,Insgesamt,2003,Insgesamt,01.02.,2363,e
Statistik der Sterbefälle,Deutschland,Insgesamt,2003,Insgesamt,02.02.,2331,e
Statistik der Sterbefälle,Deutschland,Insgesamt,2003,Insgesamt,03.02.,2583,e
Statistik der Sterbefälle,Deutschland,Insgesamt,2003,Insgesamt,04.02.,2480,e
Statistik der Sterbefälle,Deutschland,Insgesamt,2003,Insgesamt,05.02.,2509,e
Statistik der Sterbefälle,Deutschland,Insgesamt,2003,Insgesamt,06.02.,2461,e
Statistik der Sterbefälle,Deutschland,Insgesamt,2003,Insgesamt,07.02.,2468,e
Statistik der Sterbefälle,Deutschland,Insgesamt,2003,Insgesamt,08.02.,2459,e
Statistik der Sterbefälle,Deutschland,Insgesamt,2003,Insgesamt,09.02.,2412,e
Statistik der Sterbefälle,Deutschland,Insgesamt,2003,Insgesamt,10.02.,2372,e
Statistik der Sterbefälle,Deutschland,Insgesamt,2003,Insgesamt,11.02.,2401,e
Statistik der Sterbefälle,Deutschland,Insgesamt,2003,Insgesamt,12.02.,2532,e
Statistik der Sterbefälle,Deutschland,Insgesamt,2003,Insgesamt,13.02.,2525,e
Statistik der Sterbefälle,Deutschland,Insgesamt,2003,Insgesamt,14.02.,2491,e
Statistik der Sterbefälle,Deutschland,Insgesamt,2003,Insgesamt,15.02.,2451,e
Statistik der Sterbefälle,Deutschland,Insgesamt,2003,Insgesamt,16.02.,2484,e
Statistik der Sterbefälle,Deutschland,Insgesamt,2003,Insgesamt,17.02.,2616,e
Statistik der Sterbefälle,Deutschland,Insgesamt,2003,Insgesamt,18.02.,2546,e
Statistik der Sterbefälle,Deutschland,Insgesamt,2003,Insgesamt,19.02.,2682,e
Statistik der Sterbefälle,Deutschland,Insgesamt,2003,Insgesamt,20.02.,2699,e
Statistik der Sterbefälle,Deutschland,Insgesamt,2003,Insgesamt,21.02.,2718,e
Statistik der Sterbefälle,Deutschland,Insgesamt,2003,Insgesamt,22.02.,2657,e
Statistik der Sterbefälle,Deutschland,Insgesamt,2003,Insgesamt,23.02.,2689,e
Statistik der Sterbefälle,Deutschland,Insgesamt,2003,Insgesamt,24.02.,2890,e
Statistik der Sterbefälle,Deutschland,Insgesamt,2003,Insgesamt,25.02.,2907,e
Statistik der Sterbefälle,Deutschland,Insgesamt,2003,Insgesamt,26.02.,2859,e
Statistik der Sterbefälle,Deutschland,Insgesamt,2003,Insgesamt,27.02.,2902,e
Statistik der Sterbefälle,Deutschland,Insgesamt,2003,Insgesamt,28.02.,2854,e
Statistik der Sterbefälle,Deutschland,Insgesamt,2003,Insgesamt,29.02.,X,e
Statistik der Sterbefälle,Deutschland,Insgesamt,2003,Insgesamt,01.03.,2944,e
Statistik der Sterbefälle,Deutschland,Insgesamt,2003,Insgesamt,02.03.,2939,e
Statistik der Sterbefälle,Deutschland,Insgesamt,2003,Insgesamt,03.03.,2805,e
Statistik der Sterbefälle,Deutschland,Insgesamt,2003,Insgesamt,04.03.,2927,e
Statistik der Sterbefälle,Deutschland,Insgesamt,2003,Insgesamt,05.03.,2979,e
Statistik der Sterbefälle,Deutschland,Insgesamt,2003,Insgesamt,06.03.,2920,e
Statistik der Sterbefälle,Deutschland,Insgesamt,2003,Insgesamt,07.03.,2877,e
Statistik der Sterbefälle,Deutschland,Insgesamt,2003,Insgesamt,08.03.,2789,e
Statistik der Sterbefälle,Deutschland,Insgesamt,2003,Insgesamt,09.03.,2779,e
Statistik der Sterbefälle,Deutschland,Insgesamt,2003,Insgesamt,10.03.,2864,e
Statistik der Sterbefälle,Deutschland,Insgesamt,2003,Insgesamt,11.03.,2868,e
Statistik der Sterbefälle,Deutschland,Insgesamt,2003,Insgesamt,12.03.,2802,e
Statistik der Sterbefälle,Deutschland,Insgesamt,2003,Insgesamt,13.03.,2700,e
Statistik der Sterbefälle,Deutschland,Insgesamt,2003,Insgesamt,14.03.,2685,e
Statistik der Sterbefälle,Deutschland,Insgesamt,2003,Insgesamt,15.03.,2725,e
Statistik der Sterbefälle,Deutschland,Insgesamt,2003,Insgesamt,16.03.,2494,e
Statistik der Sterbefälle,Deutschland,Insgesamt,2003,Insgesamt,17.03.,2706,e
Statistik der Sterbefälle,Deutschland,Insgesamt,2003,Insgesamt,18.03.,2703,e
Statistik der Sterbefälle,Deutschland,Insgesamt,2003,Insgesamt,19.03.,2708,e
Statistik der Sterbefälle,Deutschland,Insgesamt,2003,Insgesamt,20.03.,2604,e
Statistik der Sterbefälle,Deutschland,Insgesamt,2003,Insgesamt,21.03.,2622,e
Statistik der Sterbefälle,Deutschland,Insgesamt,2003,Insgesamt,22.03.,2430,e
Statistik der Sterbefälle,Deutschland,Insgesamt,2003,Insgesamt,23.03.,2475,e
Statistik der Sterbefälle,Deutschland,Insgesamt,2003,Insgesamt,24.03.,2627,e
Statistik der Sterbefälle,Deutschland,Insgesamt,2003,Insgesamt,25.03.,2608,e
Statistik der Sterbefälle,Deutschland,Insgesamt,2003,Insgesamt,26.03.,2439,e
Statistik der Sterbefälle,Deutschland,Insgesamt,2003,Insgesamt,27.03.,2575,e
Statistik der Sterbefälle,Deutschland,Insgesamt,2003,Insgesamt,28.03.,2629,e
Statistik der Sterbefälle,Deutschland,Insgesamt,2003,Insgesamt,29.03.,2535,e
Statistik der Sterbefälle,Deutschland,Insgesamt,2003,Insgesamt,30.03.,2257,e
Statistik der Sterbefälle,Deutschland,Insgesamt,2003,Insgesamt,31.03.,2482,e
Statistik der Sterbefälle,Deutschland,Insgesamt,2003,Insgesamt,01.04.,2448,e
Statistik der Sterbefälle,Deutschland,Insgesamt,2003,Insgesamt,02.04.,2473,e
Statistik der Sterbefälle,Deutschland,Insgesamt,2003,Insgesamt,03.04.,2419,e
Statistik der Sterbefälle,Deutschland,Insgesamt,2003,Insgesamt,04.04.,2395,e
Statistik der Sterbefälle,Deutschland,Insgesamt,2003,Insgesamt,05.04.,2393,e
Statistik der Sterbefälle,Deutschland,Insgesamt,2003,Insgesamt,06.04.,2263,e
Statistik der Sterbefälle,Deutschland,Insgesamt,2003,Insgesamt,07.04.,2351,e
Statistik der Sterbefälle,Deutschland,Insgesamt,2003,Insgesamt,08.04.,2398,e
Statistik der Sterbefälle,Deutschland,Insgesamt,2003,Insgesamt,09.04.,2306,e
Statistik der Sterbefälle,Deutschland,Insgesamt,2003,Insgesamt,10.04.,2436,e
Statistik der Sterbefälle,Deutschland,Insgesamt,2003,Insgesamt,11.04.,2395,e
Statistik der Sterbefälle,Deutschland,Insgesamt,2003,Insgesamt,12.04.,2341,e
Statistik der Sterbefälle,Deutschland,Insgesamt,2003,Insgesamt,13.04.,2251,e
Statistik der Sterbefälle,Deutschland,Insgesamt,2003,Insgesamt,14.04.,2440,e
Statistik der Sterbefälle,Deutschland,Insgesamt,2003,Insgesamt,15.04.,2406,e
Statistik der Sterbefälle,Deutschland,Insgesamt,2003,Insgesamt,16.04.,2316,e
Statistik der Sterbefälle,Deutschland,Insgesamt,2003,Insgesamt,17.04.,2382,e
Statistik der Sterbefälle,Deutschland,Insgesamt,2003,Insgesamt,18.04.,2307,e
Statistik der Sterbefälle,Deutschland,Insgesamt,2003,Insgesamt,19.04.,2243,e
Statistik der Sterbefälle,Deutschland,Insgesamt,2003,Insgesamt,20.04.,2282,e
Statistik der Sterbefälle,Deutschland,Insgesamt,2003,Insgesamt,21.04.,2282,e
Statistik der Sterbefälle,Deutschland,Insgesamt,2003,Insgesamt,22.04.,2352,e
Statistik der Sterbefälle,Deutschland,Insgesamt,2003,Insgesamt,23.04.,2312,e
Statistik der Sterbefälle,Deutschland,Insgesamt,2003,Insgesamt,24.04.,2334,e
Statistik der Sterbefälle,Deutschland,Insgesamt,2003,Insgesamt,25.04.,2342,e
Statistik der Sterbefälle,Deutschland,Insgesamt,2003,Insgesamt,26.04.,2276,e
Statistik der Sterbefälle,Deutschland,Insgesamt,2003,Insgesamt,27.04.,2145,e
Statistik der Sterbefälle,Deutschland,Insgesamt,2003,Insgesamt,28.04.,2374,e
Statistik der Sterbefälle,Deutschland,Insgesamt,2003,Insgesamt,29.04.,2244,e
Statistik der Sterbefälle,Deutschland,Insgesamt,2003,Insgesamt,30.04.,2238,e
Statistik der Sterbefälle,Deutschland,Insgesamt,2003,Insgesamt,01.05.,2201,e
Statistik der Sterbefälle,Deutschland,Insgesamt,2003,Insgesamt,02.05.,2250,e
Statistik der Sterbefälle,Deutschland,Insgesamt,2003,Insgesamt,03.05.,2136,e
Statistik der Sterbefälle,Deutschland,Insgesamt,2003,Insgesamt,04.05.,2132,e
Statistik der Sterbefälle,Deutschland,Insgesamt,2003,Insgesamt,05.05.,2321,e
Statistik der Sterbefälle,Deutschland,Insgesamt,2003,Insgesamt,06.05.,2320,e
Statistik der Sterbefälle,Deutschland,Insgesamt,2003,Insgesamt,07.05.,2189,e
Statistik der Sterbefälle,Deutschland,Insgesamt,2003,Insgesamt,08.05.,2254,e
Statistik der Sterbefälle,Deutschland,Insgesamt,2003,Insgesamt,09.05.,2274,e
Statistik der Sterbefälle,Deutschland,Insgesamt,2003,Insgesamt,10.05.,2204,e
Statistik der Sterbefälle,Deutschland,Insgesamt,2003,Insgesamt,11.05.,2106,e
Statistik der Sterbefälle,Deutschland,Insgesamt,2003,Insgesamt,12.05.,2218,e
Statistik der Sterbefälle,Deutschland,Insgesamt,2003,Insgesamt,13.05.,2137,e
Statistik der Sterbefälle,Deutschland,Insgesamt,2003,Insgesamt,14.05.,2134,e
Statistik der Sterbefälle,Deutschland,Insgesamt,2003,Insgesamt,15.05.,2115,e
Statistik der Sterbefälle,Deutschland,Insgesamt,2003,Insgesamt,16.05.,2190,e
Statistik der Sterbefälle,Deutschland,Insgesamt,2003,Insgesamt,17.05.,2097,e
Statistik der Sterbefälle,Deutschland,Insgesamt,2003,Insgesamt,18.05.,2151,e
Statistik der Sterbefälle,Deutschland,Insgesamt,2003,Insgesamt,19.05.,2315,e
Statistik der Sterbefälle,Deutschland,Insgesamt,2003,Insgesamt,20.05.,2113,e
Statistik der Sterbefälle,Deutschland,Insgesamt,2003,Insgesamt,21.05.,2144,e
Statistik der Sterbefälle,Deutschland,Insgesamt,2003,Insgesamt,22.05.,2124,e
Statistik der Sterbefälle,Deutschland,Insgesamt,2003,Insgesamt,23.05.,2255,e
Statistik der Sterbefälle,Deutschland,Insgesamt,2003,Insgesamt,24.05.,2186,e
Statistik der Sterbefälle,Deutschland,Insgesamt,2003,Insgesamt,25.05.,2242,e
Statistik der Sterbefälle,Deutschland,Insgesamt,2003,Insgesamt,26.05.,2135,e
Statistik der Sterbefälle,Deutschland,Insgesamt,2003,Insgesamt,27.05.,2216,e
Statistik der Sterbefälle,Deutschland,Insgesamt,2003,Insgesamt,28.05.,2121,e
Statistik der Sterbefälle,Deutschland,Insgesamt,2003,Insgesamt,29.05.,2203,e
Statistik der Sterbefälle,Deutschland,Insgesamt,2003,Insgesamt,30.05.,2396,e
Statistik der Sterbefälle,Deutschland,Insgesamt,2003,Insgesamt,31.05.,2346,e
Statistik der Sterbefälle,Deutschland,Insgesamt,2003,Insgesamt,01.06.,2259,e
Statistik der Sterbefälle,Deutschland,Insgesamt,2003,Insgesamt,02.06.,2290,e
Statistik der Sterbefälle,Deutschland,Insgesamt,2003,Insgesamt,03.06.,2425,e
Statistik der Sterbefälle,Deutschland,Insgesamt,2003,Insgesamt,04.06.,2312,e
Statistik der Sterbefälle,Deutschland,Insgesamt,2003,Insgesamt,05.06.,2455,e
Statistik der Sterbefälle,Deutschland,Insgesamt,2003,Insgesamt,06.06.,2352,e
Statistik der Sterbefälle,Deutschland,Insgesamt,2003,Insgesamt,07.06.,2321,e
Statistik der Sterbefälle,Deutschland,Insgesamt,2003,Insgesamt,08.06.,2250,e
Statistik der Sterbefälle,Deutschland,Insgesamt,2003,Insgesamt,09.06.,2130,e
Statistik der Sterbefälle,Deutschland,Insgesamt,2003,Insgesamt,10.06.,2254,e
Statistik der Sterbefälle,Deutschland,Insgesamt,2003,Insgesamt,11.06.,2309,e
Statistik der Sterbefälle,Deutschland,Insgesamt,2003,Insgesamt,12.06.,2328,e
Statistik der Sterbefälle,Deutschland,Insgesamt,2003,Insgesamt,13.06.,2235,e
Statistik der Sterbefälle,Deutschland,Insgesamt,2003,Insgesamt,14.06.,2040,e
Statistik der Sterbefälle,Deutschland,Insgesamt,2003,Insgesamt,15.06.,2077,e
Statistik der Sterbefälle,Deutschland,Insgesamt,2003,Insgesamt,16.06.,2121,e
Statistik der Sterbefälle,Deutschland,Insgesamt,2003,Insgesamt,17.06.,2196,e
Statistik der Sterbefälle,Deutschland,Insgesamt,2003,Insgesamt,18.06.,2156,e
Statistik der Sterbefälle,Deutschland,Insgesamt,2003,Insgesamt,19.06.,2025,e
Statistik der Sterbefälle,Deutschland,Insgesamt,2003,Insgesamt,20.06.,2135,e
Statistik der Sterbefälle,Deutschland,Insgesamt,2003,Insgesamt,21.06.,1947,e
Statistik der Sterbefälle,Deutschland,Insgesamt,2003,Insgesamt,22.06.,2023,e
Statistik der Sterbefälle,Deutschland,Insgesamt,2003,Insgesamt,23.06.,2208,e
Statistik der Sterbefälle,Deutschland,Insgesamt,2003,Insgesamt,24.06.,2179,e
Statistik der Sterbefälle,Deutschland,Insgesamt,2003,Insgesamt,25.06.,2158,e
Statistik der Sterbefälle,Deutschland,Insgesamt,2003,Insgesamt,26.06.,2111,e
Statistik der Sterbefälle,Deutschland,Insgesamt,2003,Insgesamt,27.06.,2193,e
Statistik der Sterbefälle,Deutschland,Insgesamt,2003,Insgesamt,28.06.,2166,e
Statistik der Sterbefälle,Deutschland,Insgesamt,2003,Insgesamt,29.06.,2128,e
Statistik der Sterbefälle,Deutschland,Insgesamt,2003,Insgesamt,30.06.,2246,e
Statistik der Sterbefälle,Deutschland,Insgesamt,2003,Insgesamt,01.07.,2251,e
Statistik der Sterbefälle,Deutschland,Insgesamt,2003,Insgesamt,02.07.,2200,e
Statistik der Sterbefälle,Deutschland,Insgesamt,2003,Insgesamt,03.07.,2046,e
Statistik der Sterbefälle,Deutschland,Insgesamt,2003,Insgesamt,04.07.,2126,e
Statistik der Sterbefälle,Deutschland,Insgesamt,2003,Insgesamt,05.07.,2023,e
Statistik der Sterbefälle,Deutschland,Insgesamt,2003,Insgesamt,06.07.,1977,e
Statistik der Sterbefälle,Deutschland,Insgesamt,2003,Insgesamt,07.07.,2187,e
Statistik der Sterbefälle,Deutschland,Insgesamt,2003,Insgesamt,08.07.,2231,e
Statistik der Sterbefälle,Deutschland,Insgesamt,2003,Insgesamt,09.07.,2128,e
Statistik der Sterbefälle,Deutschland,Insgesamt,2003,Insgesamt,10.07.,2061,e
Statistik der Sterbefälle,Deutschland,Insgesamt,2003,Insgesamt,11.07.,2214,e
Statistik der Sterbefälle,Deutschland,Insgesamt,2003,Insgesamt,12.07.,2125,e
Statistik der Sterbefälle,Deutschland,Insgesamt,2003,Insgesamt,13.07.,2076,e
Statistik der Sterbefälle,Deutschland,Insgesamt,2003,Insgesamt,14.07.,2152,e
Statistik der Sterbefälle,Deutschland,Insgesamt,2003,Insgesamt,15.07.,2276,e
Statistik der Sterbefälle,Deutschland,Insgesamt,2003,Insgesamt,16.07.,2526,e
Statistik der Sterbefälle,Deutschland,Insgesamt,2003,Insgesamt,17.07.,2473,e
Statistik der Sterbefälle,Deutschland,Insgesamt,2003,Insgesamt,18.07.,2255,e
Statistik der Sterbefälle,Deutschland,Insgesamt,2003,Insgesamt,19.07.,2193,e
Statistik der Sterbefälle,Deutschland,Insgesamt,2003,Insgesamt,20.07.,2320,e
Statistik der Sterbefälle,Deutschland,Insgesamt,2003,Insgesamt,21.07.,2564,e
Statistik der Sterbefälle,Deutschland,Insgesamt,2003,Insgesamt,22.07.,2387,e
Statistik der Sterbefälle,Deutschland,Insgesamt,2003,Insgesamt,23.07.,2294,e
Statistik der Sterbefälle,Deutschland,Insgesamt,2003,Insgesamt,24.07.,2243,e
Statistik der Sterbefälle,Deutschland,Insgesamt,2003,Insgesamt,25.07.,2179,e
Statistik der Sterbefälle,Deutschland,Insgesamt,2003,Insgesamt,26.07.,2222,e
Statistik der Sterbefälle,Deutschland,Insgesamt,2003,Insgesamt,27.07.,2146,e
Statistik der Sterbefälle,Deutschland,Insgesamt,2003,Insgesamt,28.07.,2073,e
Statistik der Sterbefälle,Deutschland,Insgesamt,2003,Insgesamt,29.07.,2068,e
Statistik der Sterbefälle,Deutschland,Insgesamt,2003,Insgesamt,30.07.,2064,e
Statistik der Sterbefälle,Deutschland,Insgesamt,2003,Insgesamt,31.07.,2053,e
Statistik der Sterbefälle,Deutschland,Insgesamt,2003,Insgesamt,01.08.,2253,e
Statistik der Sterbefälle,Deutschland,Insgesamt,2003,Insgesamt,02.08.,2261,e
Statistik der Sterbefälle,Deutschland,Insgesamt,2003,Insgesamt,03.08.,2317,e
Statistik der Sterbefälle,Deutschland,Insgesamt,2003,Insgesamt,04.08.,2382,e
Statistik der Sterbefälle,Deutschland,Insgesamt,2003,Insgesamt,05.08.,2546,e
Statistik der Sterbefälle,Deutschland,Insgesamt,2003,Insgesamt,06.08.,2388,e
Statistik der Sterbefälle,Deutschland,Insgesamt,2003,Insgesamt,07.08.,2589,e
Statistik der Sterbefälle,Deutschland,Insgesamt,2003,Insgesamt,08.08.,2722,e
Statistik der Sterbefälle,Deutschland,Insgesamt,2003,Insgesamt,09.08.,2859,e
Statistik der Sterbefälle,Deutschland,Insgesamt,2003,Insgesamt,10.08.,2820,e
Statistik der Sterbefälle,Deutschland,Insgesamt,2003,Insgesamt,11.08.,2892,e
Statistik der Sterbefälle,Deutschland,Insgesamt,2003,Insgesamt,12.08.,2885,e
Statistik der Sterbefälle,Deutschland,Insgesamt,2003,Insgesamt,13.08.,3282,e
Statistik der Sterbefälle,Deutschland,Insgesamt,2003,Insgesamt,14.08.,2852,e
Statistik der Sterbefälle,Deutschland,Insgesamt,2003,Insgesamt,15.08.,2420,e
Statistik der Sterbefälle,Deutschland,Insgesamt,2003,Insgesamt,16.08.,2274,e
Statistik der Sterbefälle,Deutschland,Insgesamt,2003,Insgesamt,17.08.,2205,e
Statistik der Sterbefälle,Deutschland,Insgesamt,2003,Insgesamt,18.08.,2439,e
Statistik der Sterbefälle,Deutschland,Insgesamt,2003,Insgesamt,19.08.,2236,e
Statistik der Sterbefälle,Deutschland,Insgesamt,2003,Insgesamt,20.08.,2110,e
Statistik der Sterbefälle,Deutschland,Insgesamt,2003,Insgesamt,21.08.,2201,e
Statistik der Sterbefälle,Deutschland,Insgesamt,2003,Insgesamt,22.08.,2123,e
Statistik der Sterbefälle,Deutschland,Insgesamt,2003,Insgesamt,23.08.,2060,e
Statistik der Sterbefälle,Deutschland,Insgesamt,2003,Insgesamt,24.08.,2075,e
Statistik der Sterbefälle,Deutschland,Insgesamt,2003,Insgesamt,25.08.,2119,e
Statistik der Sterbefälle,Deutschland,Insgesamt,2003,Insgesamt,26.08.,2207,e
Statistik der Sterbefälle,Deutschland,Insgesamt,2003,Insgesamt,27.08.,2027,e
Statistik der Sterbefälle,Deutschland,Insgesamt,2003,Insgesamt,28.08.,2028,e
Statistik der Sterbefälle,Deutschland,Insgesamt,2003,Insgesamt,29.08.,2168,e
Statistik der Sterbefälle,Deutschland,Insgesamt,2003,Insgesamt,30.08.,2018,e
Statistik der Sterbefälle,Deutschland,Insgesamt,2003,Insgesamt,31.08.,2009,e
Statistik der Sterbefälle,Deutschland,Insgesamt,2003,Insgesamt,01.09.,2161,e
Statistik der Sterbefälle,Deutschland,Insgesamt,2003,Insgesamt,02.09.,2047,e
Statistik der Sterbefälle,Deutschland,Insgesamt,2003,Insgesamt,03.09.,2031,e
Statistik der Sterbefälle,Deutschland,Insgesamt,2003,Insgesamt,04.09.,2154,e
Statistik der Sterbefälle,Deutschland,Insgesamt,2003,Insgesamt,05.09.,2242,e
Statistik der Sterbefälle,Deutschland,Insgesamt,2003,Insgesamt,06.09.,2146,e
Statistik der Sterbefälle,Deutschland,Insgesamt,2003,Insgesamt,07.09.,2262,e
Statistik der Sterbefälle,Deutschland,Insgesamt,2003,Insgesamt,08.09.,2271,e
Statistik der Sterbefälle,Deutschland,Insgesamt,2003,Insgesamt,09.09.,2119,e
Statistik der Sterbefälle,Deutschland,Insgesamt,2003,Insgesamt,10.09.,2130,e
Statistik der Sterbefälle,Deutschland,Insgesamt,2003,Insgesamt,11.09.,2023,e
Statistik der Sterbefälle,Deutschland,Insgesamt,2003,Insgesamt,12.09.,2085,e
Statistik der Sterbefälle,Deutschland,Insgesamt,2003,Insgesamt,13.09.,2087,e
Statistik der Sterbefälle,Deutschland,Insgesamt,2003,Insgesamt,14.09.,2061,e
Statistik der Sterbefälle,Deutschland,Insgesamt,2003,Insgesamt,15.09.,2130,e
Statistik der Sterbefälle,Deutschland,Insgesamt,2003,Insgesamt,16.09.,2121,e
Statistik der Sterbefälle,Deutschland,Insgesamt,2003,Insgesamt,17.09.,2204,e
Statistik der Sterbefälle,Deutschland,Insgesamt,2003,Insgesamt,18.09.,2249,e
Statistik der Sterbefälle,Deutschland,Insgesamt,2003,Insgesamt,19.09.,2314,e
Statistik der Sterbefälle,Deutschland,Insgesamt,2003,Insgesamt,20.09.,2279,e
Statistik der Sterbefälle,Deutschland,Insgesamt,2003,Insgesamt,21.09.,2183,e
Statistik der Sterbefälle,Deutschland,Insgesamt,2003,Insgesamt,22.09.,2303,e
Statistik der Sterbefälle,Deutschland,Insgesamt,2003,Insgesamt,23.09.,2248,e
Statistik der Sterbefälle,Deutschland,Insgesamt,2003,Insgesamt,24.09.,2048,e
Statistik der Sterbefälle,Deutschland,Insgesamt,2003,Insgesamt,25.09.,2028,e
Statistik der Sterbefälle,Deutschland,Insgesamt,2003,Insgesamt,26.09.,2117,e
Statistik der Sterbefälle,Deutschland,Insgesamt,2003,Insgesamt,27.09.,2158,e
Statistik der Sterbefälle,Deutschland,Insgesamt,2003,Insgesamt,28.09.,2084,e
Statistik der Sterbefälle,Deutschland,Insgesamt,2003,Insgesamt,29.09.,2157,e
Statistik der Sterbefälle,Deutschland,Insgesamt,2003,Insgesamt,30.09.,2077,e
Statistik der Sterbefälle,Deutschland,Insgesamt,2003,Insgesamt,01.10.,2113,e
Statistik der Sterbefälle,Deutschland,Insgesamt,2003,Insgesamt,02.10.,2217,e
Statistik der Sterbefälle,Deutschland,Insgesamt,2003,Insgesamt,03.10.,2186,e
Statistik der Sterbefälle,Deutschland,Insgesamt,2003,Insgesamt,04.10.,2099,e
Statistik der Sterbefälle,Deutschland,Insgesamt,2003,Insgesamt,05.10.,2075,e
Statistik der Sterbefälle,Deutschland,Insgesamt,2003,Insgesamt,06.10.,2126,e
Statistik der Sterbefälle,Deutschland,Insgesamt,2003,Insgesamt,07.10.,2215,e
Statistik der Sterbefälle,Deutschland,Insgesamt,2003,Insgesamt,08.10.,2092,e
Statistik der Sterbefälle,Deutschland,Insgesamt,2003,Insgesamt,09.10.,2228,e
Statistik der Sterbefälle,Deutschland,Insgesamt,2003,Insgesamt,10.10.,2257,e
Statistik der Sterbefälle,Deutschland,Insgesamt,2003,Insgesamt,11.10.,2154,e
Statistik der Sterbefälle,Deutschland,Insgesamt,2003,Insgesamt,12.10.,2115,e
Statistik der Sterbefälle,Deutschland,Insgesamt,2003,Insgesamt,13.10.,2218,e
Statistik der Sterbefälle,Deutschland,Insgesamt,2003,Insgesamt,14.10.,2154,e
Statistik der Sterbefälle,Deutschland,Insgesamt,2003,Insgesamt,15.10.,2169,e
Statistik der Sterbefälle,Deutschland,Insgesamt,2003,Insgesamt,16.10.,2208,e
Statistik der Sterbefälle,Deutschland,Insgesamt,2003,Insgesamt,17.10.,2155,e
Statistik der Sterbefälle,Deutschland,Insgesamt,2003,Insgesamt,18.10.,2253,e
Statistik der Sterbefälle,Deutschland,Insgesamt,2003,Insgesamt,19.10.,2215,e
Statistik der Sterbefälle,Deutschland,Insgesamt,2003,Insgesamt,20.10.,2267,e
Statistik der Sterbefälle,Deutschland,Insgesamt,2003,Insgesamt,21.10.,2270,e
Statistik der Sterbefälle,Deutschland,Insgesamt,2003,Insgesamt,22.10.,2271,e
Statistik der Sterbefälle,Deutschland,Insgesamt,2003,Insgesamt,23.10.,2234,e
Statistik der Sterbefälle,Deutschland,Insgesamt,2003,Insgesamt,24.10.,2275,e
Statistik der Sterbefälle,Deutschland,Insgesamt,2003,Insgesamt,25.10.,2244,e
Statistik der Sterbefälle,Deutschland,Insgesamt,2003,Insgesamt,26.10.,2367,e
Statistik der Sterbefälle,Deutschland,Insgesamt,2003,Insgesamt,27.10.,2345,e
Statistik der Sterbefälle,Deutschland,Insgesamt,2003,Insgesamt,28.10.,2285,e
Statistik der Sterbefälle,Deutschland,Insgesamt,2003,Insgesamt,29.10.,2280,e
Statistik der Sterbefälle,Deutschland,Insgesamt,2003,Insgesamt,30.10.,2411,e
Statistik der Sterbefälle,Deutschland,Insgesamt,2003,Insgesamt,31.10.,2308,e
Statistik der Sterbefälle,Deutschland,Insgesamt,2003,Insgesamt,01.11.,2354,e
Statistik der Sterbefälle,Deutschland,Insgesamt,2003,Insgesamt,02.11.,2319,e
Statistik der Sterbefälle,Deutschland,Insgesamt,2003,Insgesamt,03.11.,2311,e
Statistik der Sterbefälle,Deutschland,Insgesamt,2003,Insgesamt,04.11.,2245,e
Statistik der Sterbefälle,Deutschland,Insgesamt,2003,Insgesamt,05.11.,2223,e
Statistik der Sterbefälle,Deutschland,Insgesamt,2003,Insgesamt,06.11.,2202,e
Statistik der Sterbefälle,Deutschland,Insgesamt,2003,Insgesamt,07.11.,2262,e
Statistik der Sterbefälle,Deutschland,Insgesamt,2003,Insgesamt,08.11.,2184,e
Statistik der Sterbefälle,Deutschland,Insgesamt,2003,Insgesamt,09.11.,2116,e
Statistik der Sterbefälle,Deutschland,Insgesamt,2003,Insgesamt,10.11.,2294,e
Statistik der Sterbefälle,Deutschland,Insgesamt,2003,Insgesamt,11.11.,2253,e
Statistik der Sterbefälle,Deutschland,Insgesamt,2003,Insgesamt,12.11.,2226,e
Statistik der Sterbefälle,Deutschland,Insgesamt,2003,Insgesamt,13.11.,2221,e
Statistik der Sterbefälle,Deutschland,Insgesamt,2003,Insgesamt,14.11.,2381,e
Statistik der Sterbefälle,Deutschland,Insgesamt,2003,Insgesamt,15.11.,2217,e
Statistik der Sterbefälle,Deutschland,Insgesamt,2003,Insgesamt,16.11.,2249,e
Statistik der Sterbefälle,Deutschland,Insgesamt,2003,Insgesamt,17.11.,2302,e
Statistik der Sterbefälle,Deutschland,Insgesamt,2003,Insgesamt,18.11.,2280,e
Statistik der Sterbefälle,Deutschland,Insgesamt,2003,Insgesamt,19.11.,2278,e
Statistik der Sterbefälle,Deutschland,Insgesamt,2003,Insgesamt,20.11.,2231,e
Statistik der Sterbefälle,Deutschland,Insgesamt,2003,Insgesamt,21.11.,2173,e
Statistik der Sterbefälle,Deutschland,Insgesamt,2003,Insgesamt,22.11.,2224,e
Statistik der Sterbefälle,Deutschland,Insgesamt,2003,Insgesamt,23.11.,2159,e
Statistik der Sterbefälle,Deutschland,Insgesamt,2003,Insgesamt,24.11.,2199,e
Statistik der Sterbefälle,Deutschland,Insgesamt,2003,Insgesamt,25.11.,2163,e
Statistik der Sterbefälle,Deutschland,Insgesamt,2003,Insgesamt,26.11.,2191,e
Statistik der Sterbefälle,Deutschland,Insgesamt,2003,Insgesamt,27.11.,2248,e
Statistik der Sterbefälle,Deutschland,Insgesamt,2003,Insgesamt,28.11.,2171,e
Statistik der Sterbefälle,Deutschland,Insgesamt,2003,Insgesamt,29.11.,2182,e
Statistik der Sterbefälle,Deutschland,Insgesamt,2003,Insgesamt,30.11.,2097,e
Statistik der Sterbefälle,Deutschland,Insgesamt,2003,Insgesamt,01.12.,2256,e
Statistik der Sterbefälle,Deutschland,Insgesamt,2003,Insgesamt,02.12.,2168,e
Statistik der Sterbefälle,Deutschland,Insgesamt,2003,Insgesamt,03.12.,2198,e
Statistik der Sterbefälle,Deutschland,Insgesamt,2003,Insgesamt,04.12.,2187,e
Statistik der Sterbefälle,Deutschland,Insgesamt,2003,Insgesamt,05.12.,2217,e
Statistik der Sterbefälle,Deutschland,Insgesamt,2003,Insgesamt,06.12.,2241,e
Statistik der Sterbefälle,Deutschland,Insgesamt,2003,Insgesamt,07.12.,2212,e
Statistik der Sterbefälle,Deutschland,Insgesamt,2003,Insgesamt,08.12.,2242,e
Statistik der Sterbefälle,Deutschland,Insgesamt,2003,Insgesamt,09.12.,2242,e
Statistik der Sterbefälle,Deutschland,Insgesamt,2003,Insgesamt,10.12.,2399,e
Statistik der Sterbefälle,Deutschland,Insgesamt,2003,Insgesamt,11.12.,2341,e
Statistik der Sterbefälle,Deutschland,Insgesamt,2003,Insgesamt,12.12.,2394,e
Statistik der Sterbefälle,Deutschland,Insgesamt,2003,Insgesamt,13.12.,2435,e
Statistik der Sterbefälle,Deutschland,Insgesamt,2003,Insgesamt,14.12.,2366,e
Statistik der Sterbefälle,Deutschland,Insgesamt,2003,Insgesamt,15.12.,2380,e
Statistik der Sterbefälle,Deutschland,Insgesamt,2003,Insgesamt,16.12.,2312,e
Statistik der Sterbefälle,Deutschland,Insgesamt,2003,Insgesamt,17.12.,2234,e
Statistik der Sterbefälle,Deutschland,Insgesamt,2003,Insgesamt,18.12.,2329,e
Statistik der Sterbefälle,Deutschland,Insgesamt,2003,Insgesamt,19.12.,2372,e
Statistik der Sterbefälle,Deutschland,Insgesamt,2003,Insgesamt,20.12.,2408,e
Statistik der Sterbefälle,Deutschland,Insgesamt,2003,Insgesamt,21.12.,2379,e
Statistik der Sterbefälle,Deutschland,Insgesamt,2003,Insgesamt,22.12.,2442,e
Statistik der Sterbefälle,Deutschland,Insgesamt,2003,Insgesamt,23.12.,2298,e
Statistik der Sterbefälle,Deutschland,Insgesamt,2003,Insgesamt,24.12.,2403,e
Statistik der Sterbefälle,Deutschland,Insgesamt,2003,Insgesamt,25.12.,2417,e
Statistik der Sterbefälle,Deutschland,Insgesamt,2003,Insgesamt,26.12.,2427,e
Statistik der Sterbefälle,Deutschland,Insgesamt,2003,Insgesamt,27.12.,2453,e
Statistik der Sterbefälle,Deutschland,Insgesamt,2003,Insgesamt,28.12.,2371,e
Statistik der Sterbefälle,Deutschland,Insgesamt,2003,Insgesamt,29.12.,2435,e
Statistik der Sterbefälle,Deutschland,Insgesamt,2003,Insgesamt,30.12.,2439,e
Statistik der Sterbefälle,Deutschland,Insgesamt,2003,Insgesamt,31.12.,2420,e
Statistik der Sterbefälle,Deutschland,Insgesamt,2004,Insgesamt,Insgesamt,818271,e
Statistik der Sterbefälle,Deutschland,Insgesamt,2004,Insgesamt,01.01.,2418,e
Statistik der Sterbefälle,Deutschland,Insgesamt,2004,Insgesamt,02.01.,2558,e
Statistik der Sterbefälle,Deutschland,Insgesamt,2004,Insgesamt,03.01.,2431,e
Statistik der Sterbefälle,Deutschland,Insgesamt,2004,Insgesamt,04.01.,2442,e
Statistik der Sterbefälle,Deutschland,Insgesamt,2004,Insgesamt,05.01.,2513,e
Statistik der Sterbefälle,Deutschland,Insgesamt,2004,Insgesamt,06.01.,2458,e
Statistik der Sterbefälle,Deutschland,Insgesamt,2004,Insgesamt,07.01.,2440,e
Statistik der Sterbefälle,Deutschland,Insgesamt,2004,Insgesamt,08.01.,2575,e
Statistik der Sterbefälle,Deutschland,Insgesamt,2004,Insgesamt,09.01.,2441,e
Statistik der Sterbefälle,Deutschland,Insgesamt,2004,Insgesamt,10.01.,2425,e
Statistik der Sterbefälle,Deutschland,Insgesamt,2004,Insgesamt,11.01.,2367,e
Statistik der Sterbefälle,Deutschland,Insgesamt,2004,Insgesamt,12.01.,2490,e
Statistik der Sterbefälle,Deutschland,Insgesamt,2004,Insgesamt,13.01.,2516,e
Statistik der Sterbefälle,Deutschland,Insgesamt,2004,Insgesamt,14.01.,2512,e
Statistik der Sterbefälle,Deutschland,Insgesamt,2004,Insgesamt,15.01.,2440,e
Statistik der Sterbefälle,Deutschland,Insgesamt,2004,Insgesamt,16.01.,2470,e
Statistik der Sterbefälle,Deutschland,Insgesamt,2004,Insgesamt,17.01.,2391,e
Statistik der Sterbefälle,Deutschland,Insgesamt,2004,Insgesamt,18.01.,2279,e
Statistik der Sterbefälle,Deutschland,Insgesamt,2004,Insgesamt,19.01.,2364,e
Statistik der Sterbefälle,Deutschland,Insgesamt,2004,Insgesamt,20.01.,2414,e
Statistik der Sterbefälle,Deutschland,Insgesamt,2004,Insgesamt,21.01.,2404,e
Statistik der Sterbefälle,Deutschland,Insgesamt,2004,Insgesamt,22.01.,2348,e
Statistik der Sterbefälle,Deutschland,Insgesamt,2004,Insgesamt,23.01.,2360,e
Statistik der Sterbefälle,Deutschland,Insgesamt,2004,Insgesamt,24.01.,2376,e
Statistik der Sterbefälle,Deutschland,Insgesamt,2004,Insgesamt,25.01.,2337,e
Statistik der Sterbefälle,Deutschland,Insgesamt,2004,Insgesamt,26.01.,2414,e
Statistik der Sterbefälle,Deutschland,Insgesamt,2004,Insgesamt,27.01.,2431,e
Statistik der Sterbefälle,Deutschland,Insgesamt,2004,Insgesamt,28.01.,2484,e
Statistik der Sterbefälle,Deutschland,Insgesamt,2004,Insgesamt,29.01.,2418,e
Statistik der Sterbefälle,Deutschland,Insgesamt,2004,Insgesamt,30.01.,2434,e
Statistik der Sterbefälle,Deutschland,Insgesamt,2004,Insgesamt,31.01.,2382,e
Statistik der Sterbefälle,Deutschland,Insgesamt,2004,Insgesamt,01.02.,2433,e
Statistik der Sterbefälle,Deutschland,Insgesamt,2004,Insgesamt,02.02.,2460,e
Statistik der Sterbefälle,Deutschland,Insgesamt,2004,Insgesamt,03.02.,2496,e
Statistik der Sterbefälle,Deutschland,Insgesamt,2004,Insgesamt,04.02.,2423,e
Statistik der Sterbefälle,Deutschland,Insgesamt,2004,Insgesamt,05.02.,2418,e
Statistik der Sterbefälle,Deutschland,Insgesamt,2004,Insgesamt,06.02.,2423,e
Statistik der Sterbefälle,Deutschland,Insgesamt,2004,Insgesamt,07.02.,2379,e
Statistik der Sterbefälle,Deutschland,Insgesamt,2004,Insgesamt,08.02.,2231,e
Statistik der Sterbefälle,Deutschland,Insgesamt,2004,Insgesamt,09.02.,2414,e
Statistik der Sterbefälle,Deutschland,Insgesamt,2004,Insgesamt,10.02.,2281,e
Statistik der Sterbefälle,Deutschland,Insgesamt,2004,Insgesamt,11.02.,2414,e
Statistik der Sterbefälle,Deutschland,Insgesamt,2004,Insgesamt,12.02.,2326,e
Statistik der Sterbefälle,Deutschland,Insgesamt,2004,Insgesamt,13.02.,2305,e
Statistik der Sterbefälle,Deutschland,Insgesamt,2004,Insgesamt,14.02.,2321,e
Statistik der Sterbefälle,Deutschland,Insgesamt,2004,Insgesamt,15.02.,2257,e
Statistik der Sterbefälle,Deutschland,Insgesamt,2004,Insgesamt,16.02.,2344,e
Statistik der Sterbefälle,Deutschland,Insgesamt,2004,Insgesamt,17.02.,2274,e
Statistik der Sterbefälle,Deutschland,Insgesamt,2004,Insgesamt,18.02.,2213,e
Statistik der Sterbefälle,Deutschland,Insgesamt,2004,Insgesamt,19.02.,2320,e
Statistik der Sterbefälle,Deutschland,Insgesamt,2004,Insgesamt,20.02.,2295,e
Statistik der Sterbefälle,Deutschland,Insgesamt,2004,Insgesamt,21.02.,2340,e
Statistik der Sterbefälle,Deutschland,Insgesamt,2004,Insgesamt,22.02.,2338,e
Statistik der Sterbefälle,Deutschland,Insgesamt,2004,Insgesamt,23.02.,2346,e
Statistik der Sterbefälle,Deutschland,Insgesamt,2004,Insgesamt,24.02.,2287,e
Statistik der Sterbefälle,Deutschland,Insgesamt,2004,Insgesamt,25.02.,2367,e
Statistik der Sterbefälle,Deutschland,Insgesamt,2004,Insgesamt,26.02.,2427,e
Statistik der Sterbefälle,Deutschland,Insgesamt,2004,Insgesamt,27.02.,2513,e
Statistik der Sterbefälle,Deutschland,Insgesamt,2004,Insgesamt,28.02.,2297,e
Statistik der Sterbefälle,Deutschland,Insgesamt,2004,Insgesamt,29.02.,2358,e
Statistik der Sterbefälle,Deutschland,Insgesamt,2004,Insgesamt,01.03.,2425,e
Statistik der Sterbefälle,Deutschland,Insgesamt,2004,Insgesamt,02.03.,2311,e
Statistik der Sterbefälle,Deutschland,Insgesamt,2004,Insgesamt,03.03.,2326,e
Statistik der Sterbefälle,Deutschland,Insgesamt,2004,Insgesamt,04.03.,2446,e
Statistik der Sterbefälle,Deutschland,Insgesamt,2004,Insgesamt,05.03.,2328,e
Statistik der Sterbefälle,Deutschland,Insgesamt,2004,Insgesamt,06.03.,2374,e
Statistik der Sterbefälle,Deutschland,Insgesamt,2004,Insgesamt,07.03.,2302,e
Statistik der Sterbefälle,Deutschland,Insgesamt,2004,Insgesamt,08.03.,2475,e
Statistik der Sterbefälle,Deutschland,Insgesamt,2004,Insgesamt,09.03.,2461,e
Statistik der Sterbefälle,Deutschland,Insgesamt,2004,Insgesamt,10.03.,2343,e
Statistik der Sterbefälle,Deutschland,Insgesamt,2004,Insgesamt,11.03.,2523,e
Statistik der Sterbefälle,Deutschland,Insgesamt,2004,Insgesamt,12.03.,2472,e
Statistik der Sterbefälle,Deutschland,Insgesamt,2004,Insgesamt,13.03.,2490,e
Statistik der Sterbefälle,Deutschland,Insgesamt,2004,Insgesamt,14.03.,2364,e
Statistik der Sterbefälle,Deutschland,Insgesamt,2004,Insgesamt,15.03.,2452,e
Statistik der Sterbefälle,Deutschland,Insgesamt,2004,Insgesamt,16.03.,2514,e
Statistik der Sterbefälle,Deutschland,Insgesamt,2004,Insgesamt,17.03.,2487,e
Statistik der Sterbefälle,Deutschland,Insgesamt,2004,Insgesamt,18.03.,2381,e
Statistik der Sterbefälle,Deutschland,Insgesamt,2004,Insgesamt,19.03.,2529,e
Statistik der Sterbefälle,Deutschland,Insgesamt,2004,Insgesamt,20.03.,2355,e
Statistik der Sterbefälle,Deutschland,Insgesamt,2004,Insgesamt,21.03.,2349,e
Statistik der Sterbefälle,Deutschland,Insgesamt,2004,Insgesamt,22.03.,2245,e
Statistik der Sterbefälle,Deutschland,Insgesamt,2004,Insgesamt,23.03.,2200,e
Statistik der Sterbefälle,Deutschland,Insgesamt,2004,Insgesamt,24.03.,2312,e
Statistik der Sterbefälle,Deutschland,Insgesamt,2004,Insgesamt,25.03.,2265,e
Statistik der Sterbefälle,Deutschland,Insgesamt,2004,Insgesamt,26.03.,2233,e
Statistik der Sterbefälle,Deutschland,Insgesamt,2004,Insgesamt,27.03.,2245,e
Statistik der Sterbefälle,Deutschland,Insgesamt,2004,Insgesamt,28.03.,2132,e
Statistik der Sterbefälle,Deutschland,Insgesamt,2004,Insgesamt,29.03.,2302,e
Statistik der Sterbefälle,Deutschland,Insgesamt,2004,Insgesamt,30.03.,2371,e
Statistik der Sterbefälle,Deutschland,Insgesamt,2004,Insgesamt,31.03.,2276,e
Statistik der Sterbefälle,Deutschland,Insgesamt,2004,Insgesamt,01.04.,2349,e
Statistik der Sterbefälle,Deutschland,Insgesamt,2004,Insgesamt,02.04.,2417,e
Statistik der Sterbefälle,Deutschland,Insgesamt,2004,Insgesamt,03.04.,2373,e
Statistik der Sterbefälle,Deutschland,Insgesamt,2004,Insgesamt,04.04.,2305,e
Statistik der Sterbefälle,Deutschland,Insgesamt,2004,Insgesamt,05.04.,2280,e
Statistik der Sterbefälle,Deutschland,Insgesamt,2004,Insgesamt,06.04.,2342,e
Statistik der Sterbefälle,Deutschland,Insgesamt,2004,Insgesamt,07.04.,2286,e
Statistik der Sterbefälle,Deutschland,Insgesamt,2004,Insgesamt,08.04.,2252,e
Statistik der Sterbefälle,Deutschland,Insgesamt,2004,Insgesamt,09.04.,2161,e
Statistik der Sterbefälle,Deutschland,Insgesamt,2004,Insgesamt,10.04.,2197,e
Statistik der Sterbefälle,Deutschland,Insgesamt,2004,Insgesamt,11.04.,2163,e
Statistik der Sterbefälle,Deutschland,Insgesamt,2004,Insgesamt,12.04.,2087,e
Statistik der Sterbefälle,Deutschland,Insgesamt,2004,Insgesamt,13.04.,2292,e
Statistik der Sterbefälle,Deutschland,Insgesamt,2004,Insgesamt,14.04.,2182,e
Statistik der Sterbefälle,Deutschland,Insgesamt,2004,Insgesamt,15.04.,2344,e
Statistik der Sterbefälle,Deutschland,Insgesamt,2004,Insgesamt,16.04.,2314,e
Statistik der Sterbefälle,Deutschland,Insgesamt,2004,Insgesamt,17.04.,2266,e
Statistik der Sterbefälle,Deutschland,Insgesamt,2004,Insgesamt,18.04.,2256,e
Statistik der Sterbefälle,Deutschland,Insgesamt,2004,Insgesamt,19.04.,2269,e
Statistik der Sterbefälle,Deutschland,Insgesamt,2004,Insgesamt,20.04.,2294,e
Statistik der Sterbefälle,Deutschland,Insgesamt,2004,Insgesamt,21.04.,2222,e
Statistik der Sterbefälle,Deutschland,Insgesamt,2004,Insgesamt,22.04.,2276,e
Statistik der Sterbefälle,Deutschland,Insgesamt,2004,Insgesamt,23.04.,2270,e
Statistik der Sterbefälle,Deutschland,Insgesamt,2004,Insgesamt,24.04.,2151,e
Statistik der Sterbefälle,Deutschland,Insgesamt,2004,Insgesamt,25.04.,2072,e
Statistik der Sterbefälle,Deutschland,Insgesamt,2004,Insgesamt,26.04.,2298,e
Statistik der Sterbefälle,Deutschland,Insgesamt,2004,Insgesamt,27.04.,2129,e
Statistik der Sterbefälle,Deutschland,Insgesamt,2004,Insgesamt,28.04.,2285,e
Statistik der Sterbefälle,Deutschland,Insgesamt,2004,Insgesamt,29.04.,2262,e
Statistik der Sterbefälle,Deutschland,Insgesamt,2004,Insgesamt,30.04.,2244,e
Statistik der Sterbefälle,Deutschland,Insgesamt,2004,Insgesamt,01.05.,2243,e
Statistik der Sterbefälle,Deutschland,Insgesamt,2004,Insgesamt,02.05.,2191,e
Statistik der Sterbefälle,Deutschland,Insgesamt,2004,Insgesamt,03.05.,2097,e
Statistik der Sterbefälle,Deutschland,Insgesamt,2004,Insgesamt,04.05.,2237,e
Statistik der Sterbefälle,Deutschland,Insgesamt,2004,Insgesamt,05.05.,2195,e
Statistik der Sterbefälle,Deutschland,Insgesamt,2004,Insgesamt,06.05.,2219,e
Statistik der Sterbefälle,Deutschland,Insgesamt,2004,Insgesamt,07.05.,2184,e
Statistik der Sterbefälle,Deutschland,Insgesamt,2004,Insgesamt,08.05.,2202,e
Statistik der Sterbefälle,Deutschland,Insgesamt,2004,Insgesamt,09.05.,2079,e
Statistik der Sterbefälle,Deutschland,Insgesamt,2004,Insgesamt,10.05.,2278,e
Statistik der Sterbefälle,Deutschland,Insgesamt,2004,Insgesamt,11.05.,2134,e
Statistik der Sterbefälle,Deutschland,Insgesamt,2004,Insgesamt,12.05.,2087,e
Statistik der Sterbefälle,Deutschland,Insgesamt,2004,Insgesamt,13.05.,2068,e
Statistik der Sterbefälle,Deutschland,Insgesamt,2004,Insgesamt,14.05.,2117,e
Statistik der Sterbefälle,Deutschland,Insgesamt,2004,Insgesamt,15.05.,2145,e
Statistik der Sterbefälle,Deutschland,Insgesamt,2004,Insgesamt,16.05.,2079,e
Statistik der Sterbefälle,Deutschland,Insgesamt,2004,Insgesamt,17.05.,2096,e
Statistik der Sterbefälle,Deutschland,Insgesamt,2004,Insgesamt,18.05.,2253,e
Statistik der Sterbefälle,Deutschland,Insgesamt,2004,Insgesamt,19.05.,2194,e
Statistik der Sterbefälle,Deutschland,Insgesamt,2004,Insgesamt,20.05.,2098,e
Statistik der Sterbefälle,Deutschland,Insgesamt,2004,Insgesamt,21.05.,2133,e
Statistik der Sterbefälle,Deutschland,Insgesamt,2004,Insgesamt,22.05.,2058,e
Statistik der Sterbefälle,Deutschland,Insgesamt,2004,Insgesamt,23.05.,2040,e
Statistik der Sterbefälle,Deutschland,Insgesamt,2004,Insgesamt,24.05.,2166,e
Statistik der Sterbefälle,Deutschland,Insgesamt,2004,Insgesamt,25.05.,2068,e
Statistik der Sterbefälle,Deutschland,Insgesamt,2004,Insgesamt,26.05.,2138,e
Statistik der Sterbefälle,Deutschland,Insgesamt,2004,Insgesamt,27.05.,2162,e
Statistik der Sterbefälle,Deutschland,Insgesamt,2004,Insgesamt,28.05.,2089,e
Statistik der Sterbefälle,Deutschland,Insgesamt,2004,Insgesamt,29.05.,2145,e
Statistik der Sterbefälle,Deutschland,Insgesamt,2004,Insgesamt,30.05.,2171,e
Statistik der Sterbefälle,Deutschland,Insgesamt,2004,Insgesamt,31.05.,2166,e
Statistik der Sterbefälle,Deutschland,Insgesamt,2004,Insgesamt,01.06.,2259,e
Statistik der Sterbefälle,Deutschland,Insgesamt,2004,Insgesamt,02.06.,2198,e
Statistik der Sterbefälle,Deutschland,Insgesamt,2004,Insgesamt,03.06.,2233,e
Statistik der Sterbefälle,Deutschland,Insgesamt,2004,Insgesamt,04.06.,2156,e
Statistik der Sterbefälle,Deutschland,Insgesamt,2004,Insgesamt,05.06.,2087,e
Statistik der Sterbefälle,Deutschland,Insgesamt,2004,Insgesamt,06.06.,2080,e
Statistik der Sterbefälle,Deutschland,Insgesamt,2004,Insgesamt,07.06.,2309,e
Statistik der Sterbefälle,Deutschland,Insgesamt,2004,Insgesamt,08.06.,2281,e
Statistik der Sterbefälle,Deutschland,Insgesamt,2004,Insgesamt,09.06.,2442,e
Statistik der Sterbefälle,Deutschland,Insgesamt,2004,Insgesamt,10.06.,2358,e
Statistik der Sterbefälle,Deutschland,Insgesamt,2004,Insgesamt,11.06.,2225,e
Statistik der Sterbefälle,Deutschland,Insgesamt,2004,Insgesamt,12.06.,2114,e
Statistik der Sterbefälle,Deutschland,Insgesamt,2004,Insgesamt,13.06.,2033,e
Statistik der Sterbefälle,Deutschland,Insgesamt,2004,Insgesamt,14.06.,2088,e
Statistik der Sterbefälle,Deutschland,Insgesamt,2004,Insgesamt,15.06.,2214,e
Statistik der Sterbefälle,Deutschland,Insgesamt,2004,Insgesamt,16.06.,2094,e
Statistik der Sterbefälle,Deutschland,Insgesamt,2004,Insgesamt,17.06.,2150,e
Statistik der Sterbefälle,Deutschland,Insgesamt,2004,Insgesamt,18.06.,2116,e
Statistik der Sterbefälle,Deutschland,Insgesamt,2004,Insgesamt,19.06.,2040,e
Statistik der Sterbefälle,Deutschland,Insgesamt,2004,Insgesamt,20.06.,2039,e
Statistik der Sterbefälle,Deutschland,Insgesamt,2004,Insgesamt,21.06.,2056,e
Statistik der Sterbefälle,Deutschland,Insgesamt,2004,Insgesamt,22.06.,2093,e
Statistik der Sterbefälle,Deutschland,Insgesamt,2004,Insgesamt,23.06.,2086,e
Statistik der Sterbefälle,Deutschland,Insgesamt,2004,Insgesamt,24.06.,2168,e
Statistik der Sterbefälle,Deutschland,Insgesamt,2004,Insgesamt,25.06.,2018,e
Statistik der Sterbefälle,Deutschland,Insgesamt,2004,Insgesamt,26.06.,2091,e
Statistik der Sterbefälle,Deutschland,Insgesamt,2004,Insgesamt,27.06.,2029,e
Statistik der Sterbefälle,Deutschland,Insgesamt,2004,Insgesamt,28.06.,2163,e
Statistik der Sterbefälle,Deutschland,Insgesamt,2004,Insgesamt,29.06.,2151,e
Statistik der Sterbefälle,Deutschland,Insgesamt,2004,Insgesamt,30.06.,2106,e
Statistik der Sterbefälle,Deutschland,Insgesamt,2004,Insgesamt,01.07.,2068,e
Statistik der Sterbefälle,Deutschland,Insgesamt,2004,Insgesamt,02.07.,2170,e
Statistik der Sterbefälle,Deutschland,Insgesamt,2004,Insgesamt,03.07.,2037,e
Statistik der Sterbefälle,Deutschland,Insgesamt,2004,Insgesamt,04.07.,2010,e
Statistik der Sterbefälle,Deutschland,Insgesamt,2004,Insgesamt,05.07.,2069,e
Statistik der Sterbefälle,Deutschland,Insgesamt,2004,Insgesamt,06.07.,1997,e
Statistik der Sterbefälle,Deutschland,Insgesamt,2004,Insgesamt,07.07.,2191,e
Statistik der Sterbefälle,Deutschland,Insgesamt,2004,Insgesamt,08.07.,2114,e
Statistik der Sterbefälle,Deutschland,Insgesamt,2004,Insgesamt,09.07.,2112,e
Statistik der Sterbefälle,Deutschland,Insgesamt,2004,Insgesamt,10.07.,2076,e
Statistik der Sterbefälle,Deutschland,Insgesamt,2004,Insgesamt,11.07.,1944,e
Statistik der Sterbefälle,Deutschland,Insgesamt,2004,Insgesamt,12.07.,2200,e
Statistik der Sterbefälle,Deutschland,Insgesamt,2004,Insgesamt,13.07.,2017,e
Statistik der Sterbefälle,Deutschland,Insgesamt,2004,Insgesamt,14.07.,2110,e
Statistik der Sterbefälle,Deutschland,Insgesamt,2004,Insgesamt,15.07.,2100,e
Statistik der Sterbefälle,Deutschland,Insgesamt,2004,Insgesamt,16.07.,2266,e
Statistik der Sterbefälle,Deutschland,Insgesamt,2004,Insgesamt,17.07.,2153,e
Statistik der Sterbefälle,Deutschland,Insgesamt,2004,Insgesamt,18.07.,2122,e
Statistik der Sterbefälle,Deutschland,Insgesamt,2004,Insgesamt,19.07.,2175,e
Statistik der Sterbefälle,Deutschland,Insgesamt,2004,Insgesamt,20.07.,2109,e
Statistik der Sterbefälle,Deutschland,Insgesamt,2004,Insgesamt,21.07.,2212,e
Statistik der Sterbefälle,Deutschland,Insgesamt,2004,Insgesamt,22.07.,2099,e
Statistik der Sterbefälle,Deutschland,Insgesamt,2004,Insgesamt,23.07.,2284,e
Statistik der Sterbefälle,Deutschland,Insgesamt,2004,Insgesamt,24.07.,2140,e
Statistik der Sterbefälle,Deutschland,Insgesamt,2004,Insgesamt,25.07.,2027,e
Statistik der Sterbefälle,Deutschland,Insgesamt,2004,Insgesamt,26.07.,2026,e
Statistik der Sterbefälle,Deutschland,Insgesamt,2004,Insgesamt,27.07.,2009,e
Statistik der Sterbefälle,Deutschland,Insgesamt,2004,Insgesamt,28.07.,1960,e
Statistik der Sterbefälle,Deutschland,Insgesamt,2004,Insgesamt,29.07.,2111,e
Statistik der Sterbefälle,Deutschland,Insgesamt,2004,Insgesamt,30.07.,2115,e
Statistik der Sterbefälle,Deutschland,Insgesamt,2004,Insgesamt,31.07.,2132,e
Statistik der Sterbefälle,Deutschland,Insgesamt,2004,Insgesamt,01.08.,2116,e
Statistik der Sterbefälle,Deutschland,Insgesamt,2004,Insgesamt,02.08.,2157,e
Statistik der Sterbefälle,Deutschland,Insgesamt,2004,Insgesamt,03.08.,2260,e
Statistik der Sterbefälle,Deutschland,Insgesamt,2004,Insgesamt,04.08.,2131,e
Statistik der Sterbefälle,Deutschland,Insgesamt,2004,Insgesamt,05.08.,2263,e
Statistik der Sterbefälle,Deutschland,Insgesamt,2004,Insgesamt,06.08.,2342,e
Statistik der Sterbefälle,Deutschland,Insgesamt,2004,Insgesamt,07.08.,2233,e
Statistik der Sterbefälle,Deutschland,Insgesamt,2004,Insgesamt,08.08.,2193,e
Statistik der Sterbefälle,Deutschland,Insgesamt,2004,Insgesamt,09.08.,2300,e
Statistik der Sterbefälle,Deutschland,Insgesamt,2004,Insgesamt,10.08.,2344,e
Statistik der Sterbefälle,Deutschland,Insgesamt,2004,Insgesamt,11.08.,2261,e
Statistik der Sterbefälle,Deutschland,Insgesamt,2004,Insgesamt,12.08.,2278,e
Statistik der Sterbefälle,Deutschland,Insgesamt,2004,Insgesamt,13.08.,2091,e
Statistik der Sterbefälle,Deutschland,Insgesamt,2004,Insgesamt,14.08.,2014,e
Statistik der Sterbefälle,Deutschland,Insgesamt,2004,Insgesamt,15.08.,2005,e
Statistik der Sterbefälle,Deutschland,Insgesamt,2004,Insgesamt,16.08.,2030,e
Statistik der Sterbefälle,Deutschland,Insgesamt,2004,Insgesamt,17.08.,2107,e
Statistik der Sterbefälle,Deutschland,Insgesamt,2004,Insgesamt,18.08.,2178,e
Statistik der Sterbefälle,Deutschland,Insgesamt,2004,Insgesamt,19.08.,2127,e
Statistik der Sterbefälle,Deutschland,Insgesamt,2004,Insgesamt,20.08.,2184,e
Statistik der Sterbefälle,Deutschland,Insgesamt,2004,Insgesamt,21.08.,1960,e
Statistik der Sterbefälle,Deutschland,Insgesamt,2004,Insgesamt,22.08.,1900,e
Statistik der Sterbefälle,Deutschland,Insgesamt,2004,Insgesamt,23.08.,2014,e
Statistik der Sterbefälle,Deutschland,Insgesamt,2004,Insgesamt,24.08.,2122,e
Statistik der Sterbefälle,Deutschland,Insgesamt,2004,Insgesamt,25.08.,2079,e
Statistik der Sterbefälle,Deutschland,Insgesamt,2004,Insgesamt,26.08.,2037,e
Statistik der Sterbefälle,Deutschland,Insgesamt,2004,Insgesamt,27.08.,2003,e
Statistik der Sterbefälle,Deutschland,Insgesamt,2004,Insgesamt,28.08.,1999,e
Statistik der Sterbefälle,Deutschland,Insgesamt,2004,Insgesamt,29.08.,2043,e
Statistik der Sterbefälle,Deutschland,Insgesamt,2004,Insgesamt,30.08.,2039,e
Statistik der Sterbefälle,Deutschland,Insgesamt,2004,Insgesamt,31.08.,1974,e
Statistik der Sterbefälle,Deutschland,Insgesamt,2004,Insgesamt,01.09.,2054,e
Statistik der Sterbefälle,Deutschland,Insgesamt,2004,Insgesamt,02.09.,2095,e
Statistik der Sterbefälle,Deutschland,Insgesamt,2004,Insgesamt,03.09.,2207,e
Statistik der Sterbefälle,Deutschland,Insgesamt,2004,Insgesamt,04.09.,2162,e
Statistik der Sterbefälle,Deutschland,Insgesamt,2004,Insgesamt,05.09.,2108,e
Statistik der Sterbefälle,Deutschland,Insgesamt,2004,Insgesamt,06.09.,2207,e
Statistik der Sterbefälle,Deutschland,Insgesamt,2004,Insgesamt,07.09.,2151,e
Statistik der Sterbefälle,Deutschland,Insgesamt,2004,Insgesamt,08.09.,2036,e
Statistik der Sterbefälle,Deutschland,Insgesamt,2004,Insgesamt,09.09.,2032,e
Statistik der Sterbefälle,Deutschland,Insgesamt,2004,Insgesamt,10.09.,2197,e
Statistik der Sterbefälle,Deutschland,Insgesamt,2004,Insgesamt,11.09.,2123,e
Statistik der Sterbefälle,Deutschland,Insgesamt,2004,Insgesamt,12.09.,2104,e
Statistik der Sterbefälle,Deutschland,Insgesamt,2004,Insgesamt,13.09.,2068,e
Statistik der Sterbefälle,Deutschland,Insgesamt,2004,Insgesamt,14.09.,2077,e
Statistik der Sterbefälle,Deutschland,Insgesamt,2004,Insgesamt,15.09.,2109,e
Statistik der Sterbefälle,Deutschland,Insgesamt,2004,Insgesamt,16.09.,2065,e
Statistik der Sterbefälle,Deutschland,Insgesamt,2004,Insgesamt,17.09.,2139,e
Statistik der Sterbefälle,Deutschland,Insgesamt,2004,Insgesamt,18.09.,2108,e
Statistik der Sterbefälle,Deutschland,Insgesamt,2004,Insgesamt,19.09.,2064,e
Statistik der Sterbefälle,Deutschland,Insgesamt,2004,Insgesamt,20.09.,2126,e
Statistik der Sterbefälle,Deutschland,Insgesamt,2004,Insgesamt,21.09.,2074,e
Statistik der Sterbefälle,Deutschland,Insgesamt,2004,Insgesamt,22.09.,2089,e
Statistik der Sterbefälle,Deutschland,Insgesamt,2004,Insgesamt,23.09.,2176,e
Statistik der Sterbefälle,Deutschland,Insgesamt,2004,Insgesamt,24.09.,2159,e
Statistik der Sterbefälle,Deutschland,Insgesamt,2004,Insgesamt,25.09.,2133,e
Statistik der Sterbefälle,Deutschland,Insgesamt,2004,Insgesamt,26.09.,2056,e
Statistik der Sterbefälle,Deutschland,Insgesamt,2004,Insgesamt,27.09.,2146,e
Statistik der Sterbefälle,Deutschland,Insgesamt,2004,Insgesamt,28.09.,2153,e
Statistik der Sterbefälle,Deutschland,Insgesamt,2004,Insgesamt,29.09.,2135,e
Statistik der Sterbefälle,Deutschland,Insgesamt,2004,Insgesamt,30.09.,2157,e
Statistik der Sterbefälle,Deutschland,Insgesamt,2004,Insgesamt,01.10.,2139,e
Statistik der Sterbefälle,Deutschland,Insgesamt,2004,Insgesamt,02.10.,2239,e
Statistik der Sterbefälle,Deutschland,Insgesamt,2004,Insgesamt,03.10.,2129,e
Statistik der Sterbefälle,Deutschland,Insgesamt,2004,Insgesamt,04.10.,2256,e
Statistik der Sterbefälle,Deutschland,Insgesamt,2004,Insgesamt,05.10.,2308,e
Statistik der Sterbefälle,Deutschland,Insgesamt,2004,Insgesamt,06.10.,2145,e
Statistik der Sterbefälle,Deutschland,Insgesamt,2004,Insgesamt,07.10.,2153,e
Statistik der Sterbefälle,Deutschland,Insgesamt,2004,Insgesamt,08.10.,2193,e
Statistik der Sterbefälle,Deutschland,Insgesamt,2004,Insgesamt,09.10.,2044,e
Statistik der Sterbefälle,Deutschland,Insgesamt,2004,Insgesamt,10.10.,2060,e
Statistik der Sterbefälle,Deutschland,Insgesamt,2004,Insgesamt,11.10.,2160,e
Statistik der Sterbefälle,Deutschland,Insgesamt,2004,Insgesamt,12.10.,2076,e
Statistik der Sterbefälle,Deutschland,Insgesamt,2004,Insgesamt,13.10.,2109,e
Statistik der Sterbefälle,Deutschland,Insgesamt,2004,Insgesamt,14.10.,2219,e
Statistik der Sterbefälle,Deutschland,Insgesamt,2004,Insgesamt,15.10.,2333,e
Statistik der Sterbefälle,Deutschland,Insgesamt,2004,Insgesamt,16.10.,2199,e
Statistik der Sterbefälle,Deutschland,Insgesamt,2004,Insgesamt,17.10.,2232,e
Statistik der Sterbefälle,Deutschland,Insgesamt,2004,Insgesamt,18.10.,2273,e
Statistik der Sterbefälle,Deutschland,Insgesamt,2004,Insgesamt,19.10.,2211,e
Statistik der Sterbefälle,Deutschland,Insgesamt,2004,Insgesamt,20.10.,2273,e
Statistik der Sterbefälle,Deutschland,Insgesamt,2004,Insgesamt,21.10.,2284,e
Statistik der Sterbefälle,Deutschland,Insgesamt,2004,Insgesamt,22.10.,2206,e
Statistik der Sterbefälle,Deutschland,Insgesamt,2004,Insgesamt,23.10.,2322,e
Statistik der Sterbefälle,Deutschland,Insgesamt,2004,Insgesamt,24.10.,2321,e
Statistik der Sterbefälle,Deutschland,Insgesamt,2004,Insgesamt,25.10.,2223,e
Statistik der Sterbefälle,Deutschland,Insgesamt,2004,Insgesamt,26.10.,2226,e
Statistik der Sterbefälle,Deutschland,Insgesamt,2004,Insgesamt,27.10.,2183,e
Statistik der Sterbefälle,Deutschland,Insgesamt,2004,Insgesamt,28.10.,2233,e
Statistik der Sterbefälle,Deutschland,Insgesamt,2004,Insgesamt,29.10.,2274,e
Statistik der Sterbefälle,Deutschland,Insgesamt,2004,Insgesamt,30.10.,2209,e
Statistik der Sterbefälle,Deutschland,Insgesamt,2004,Insgesamt,31.10.,2174,e
Statistik der Sterbefälle,Deutschland,Insgesamt,2004,Insgesamt,01.11.,2074,e
Statistik der Sterbefälle,Deutschland,Insgesamt,2004,Insgesamt,02.11.,2109,e
Statistik der Sterbefälle,Deutschland,Insgesamt,2004,Insgesamt,03.11.,2151,e
Statistik der Sterbefälle,Deutschland,Insgesamt,2004,Insgesamt,04.11.,2163,e
Statistik der Sterbefälle,Deutschland,Insgesamt,2004,Insgesamt,05.11.,2210,e
Statistik der Sterbefälle,Deutschland,Insgesamt,2004,Insgesamt,06.11.,2047,e
Statistik der Sterbefälle,Deutschland,Insgesamt,2004,Insgesamt,07.11.,1999,e
Statistik der Sterbefälle,Deutschland,Insgesamt,2004,Insgesamt,08.11.,2194,e
Statistik der Sterbefälle,Deutschland,Insgesamt,2004,Insgesamt,09.11.,2216,e
Statistik der Sterbefälle,Deutschland,Insgesamt,2004,Insgesamt,10.11.,2221,e
Statistik der Sterbefälle,Deutschland,Insgesamt,2004,Insgesamt,11.11.,2228,e
Statistik der Sterbefälle,Deutschland,Insgesamt,2004,Insgesamt,12.11.,2311,e
Statistik der Sterbefälle,Deutschland,Insgesamt,2004,Insgesamt,13.11.,2267,e
Statistik der Sterbefälle,Deutschland,Insgesamt,2004,Insgesamt,14.11.,2175,e
Statistik der Sterbefälle,Deutschland,Insgesamt,2004,Insgesamt,15.11.,2274,e
Statistik der Sterbefälle,Deutschland,Insgesamt,2004,Insgesamt,16.11.,2339,e
Statistik der Sterbefälle,Deutschland,Insgesamt,2004,Insgesamt,17.11.,2238,e
Statistik der Sterbefälle,Deutschland,Insgesamt,2004,Insgesamt,18.11.,2334,e
Statistik der Sterbefälle,Deutschland,Insgesamt,2004,Insgesamt,19.11.,2374,e
Statistik der Sterbefälle,Deutschland,Insgesamt,2004,Insgesamt,20.11.,2255,e
Statistik der Sterbefälle,Deutschland,Insgesamt,2004,Insgesamt,21.11.,2139,e
Statistik der Sterbefälle,Deutschland,Insgesamt,2004,Insgesamt,22.11.,2279,e
Statistik der Sterbefälle,Deutschland,Insgesamt,2004,Insgesamt,23.11.,2358,e
Statistik der Sterbefälle,Deutschland,Insgesamt,2004,Insgesamt,24.11.,2216,e
Statistik der Sterbefälle,Deutschland,Insgesamt,2004,Insgesamt,25.11.,2294,e
Statistik der Sterbefälle,Deutschland,Insgesamt,2004,Insgesamt,26.11.,2258,e
Statistik der Sterbefälle,Deutschland,Insgesamt,2004,Insgesamt,27.11.,2349,e
Statistik der Sterbefälle,Deutschland,Insgesamt,2004,Insgesamt,28.11.,2249,e
Statistik der Sterbefälle,Deutschland,Insgesamt,2004,Insgesamt,29.11.,2298,e
Statistik der Sterbefälle,Deutschland,Insgesamt,2004,Insgesamt,30.11.,2208,e
Statistik der Sterbefälle,Deutschland,Insgesamt,2004,Insgesamt,01.12.,2319,e
Statistik der Sterbefälle,Deutschland,Insgesamt,2004,Insgesamt,02.12.,2348,e
Statistik der Sterbefälle,Deutschland,Insgesamt,2004,Insgesamt,03.12.,2361,e
Statistik der Sterbefälle,Deutschland,Insgesamt,2004,Insgesamt,04.12.,2191,e
Statistik der Sterbefälle,Deutschland,Insgesamt,2004,Insgesamt,05.12.,2198,e
Statistik der Sterbefälle,Deutschland,Insgesamt,2004,Insgesamt,06.12.,2347,e
Statistik der Sterbefälle,Deutschland,Insgesamt,2004,Insgesamt,07.12.,2320,e
Statistik der Sterbefälle,Deutschland,Insgesamt,2004,Insgesamt,08.12.,2343,e
Statistik der Sterbefälle,Deutschland,Insgesamt,2004,Insgesamt,09.12.,2334,e
Statistik der Sterbefälle,Deutschland,Insgesamt,2004,Insgesamt,10.12.,2323,e
Statistik der Sterbefälle,Deutschland,Insgesamt,2004,Insgesamt,11.12.,2261,e
Statistik der Sterbefälle,Deutschland,Insgesamt,2004,Insgesamt,12.12.,2151,e
Statistik der Sterbefälle,Deutschland,Insgesamt,2004,Insgesamt,13.12.,2331,e
Statistik der Sterbefälle,Deutschland,Insgesamt,2004,Insgesamt,14.12.,2215,e
Statistik der Sterbefälle,Deutschland,Insgesamt,2004,Insgesamt,15.12.,2315,e
Statistik der Sterbefälle,Deutschland,Insgesamt,2004,Insgesamt,16.12.,2363,e
Statistik der Sterbefälle,Deutschland,Insgesamt,2004,Insgesamt,17.12.,2451,e
Statistik der Sterbefälle,Deutschland,Insgesamt,2004,Insgesamt,18.12.,2463,e
Statistik der Sterbefälle,Deutschland,Insgesamt,2004,Insgesamt,19.12.,2372,e
Statistik der Sterbefälle,Deutschland,Insgesamt,2004,Insgesamt,20.12.,2398,e
Statistik der Sterbefälle,Deutschland,Insgesamt,2004,Insgesamt,21.12.,2380,e
Statistik der Sterbefälle,Deutschland,Insgesamt,2004,Insgesamt,22.12.,2412,e
Statistik der Sterbefälle,Deutschland,Insgesamt,2004,Insgesamt,23.12.,2450,e
Statistik der Sterbefälle,Deutschland,Insgesamt,2004,Insgesamt,24.12.,2453,e
Statistik der Sterbefälle,Deutschland,Insgesamt,2004,Insgesamt,25.12.,2388,e
Statistik der Sterbefälle,Deutschland,Insgesamt,2004,Insgesamt,26.12.,2380,e
Statistik der Sterbefälle,Deutschland,Insgesamt,2004,Insgesamt,27.12.,2527,e
Statistik der Sterbefälle,Deutschland,Insgesamt,2004,Insgesamt,28.12.,2440,e
Statistik der Sterbefälle,Deutschland,Insgesamt,2004,Insgesamt,29.12.,2329,e
Statistik der Sterbefälle,Deutschland,Insgesamt,2004,Insgesamt,30.12.,2424,e
Statistik der Sterbefälle,Deutschland,Insgesamt,2004,Insgesamt,31.12.,2435,e
Statistik der Sterbefälle,Deutschland,Insgesamt,2005,Insgesamt,Insgesamt,830227,e
Statistik der Sterbefälle,Deutschland,Insgesamt,2005,Insgesamt,01.01.,2393,e
Statistik der Sterbefälle,Deutschland,Insgesamt,2005,Insgesamt,02.01.,2304,e
Statistik der Sterbefälle,Deutschland,Insgesamt,2005,Insgesamt,03.01.,2483,e
Statistik der Sterbefälle,Deutschland,Insgesamt,2005,Insgesamt,04.01.,2428,e
Statistik der Sterbefälle,Deutschland,Insgesamt,2005,Insgesamt,05.01.,2449,e
Statistik der Sterbefälle,Deutschland,Insgesamt,2005,Insgesamt,06.01.,2411,e
Statistik der Sterbefälle,Deutschland,Insgesamt,2005,Insgesamt,07.01.,2422,e
Statistik der Sterbefälle,Deutschland,Insgesamt,2005,Insgesamt,08.01.,2420,e
Statistik der Sterbefälle,Deutschland,Insgesamt,2005,Insgesamt,09.01.,2389,e
Statistik der Sterbefälle,Deutschland,Insgesamt,2005,Insgesamt,10.01.,2427,e
Statistik der Sterbefälle,Deutschland,Insgesamt,2005,Insgesamt,11.01.,2474,e
Statistik der Sterbefälle,Deutschland,Insgesamt,2005,Insgesamt,12.01.,2368,e
Statistik der Sterbefälle,Deutschland,Insgesamt,2005,Insgesamt,13.01.,2262,e
Statistik der Sterbefälle,Deutschland,Insgesamt,2005,Insgesamt,14.01.,2312,e
Statistik der Sterbefälle,Deutschland,Insgesamt,2005,Insgesamt,15.01.,2306,e
Statistik der Sterbefälle,Deutschland,Insgesamt,2005,Insgesamt,16.01.,2212,e
Statistik der Sterbefälle,Deutschland,Insgesamt,2005,Insgesamt,17.01.,2417,e
Statistik der Sterbefälle,Deutschland,Insgesamt,2005,Insgesamt,18.01.,2500,e
Statistik der Sterbefälle,Deutschland,Insgesamt,2005,Insgesamt,19.01.,2299,e
Statistik der Sterbefälle,Deutschland,Insgesamt,2005,Insgesamt,20.01.,2415,e
Statistik der Sterbefälle,Deutschland,Insgesamt,2005,Insgesamt,21.01.,2409,e
Statistik der Sterbefälle,Deutschland,Insgesamt,2005,Insgesamt,22.01.,2287,e
Statistik der Sterbefälle,Deutschland,Insgesamt,2005,Insgesamt,23.01.,2177,e
Statistik der Sterbefälle,Deutschland,Insgesamt,2005,Insgesamt,24.01.,2373,e
Statistik der Sterbefälle,Deutschland,Insgesamt,2005,Insgesamt,25.01.,2350,e
Statistik der Sterbefälle,Deutschland,Insgesamt,2005,Insgesamt,26.01.,2342,e
Statistik der Sterbefälle,Deutschland,Insgesamt,2005,Insgesamt,27.01.,2373,e
Statistik der Sterbefälle,Deutschland,Insgesamt,2005,Insgesamt,28.01.,2465,e
Statistik der Sterbefälle,Deutschland,Insgesamt,2005,Insgesamt,29.01.,2355,e
Statistik der Sterbefälle,Deutschland,Insgesamt,2005,Insgesamt,30.01.,2330,e
Statistik der Sterbefälle,Deutschland,Insgesamt,2005,Insgesamt,31.01.,2407,e
Statistik der Sterbefälle,Deutschland,Insgesamt,2005,Insgesamt,01.02.,2466,e
Statistik der Sterbefälle,Deutschland,Insgesamt,2005,Insgesamt,02.02.,2458,e
Statistik der Sterbefälle,Deutschland,Insgesamt,2005,Insgesamt,03.02.,2403,e
Statistik der Sterbefälle,Deutschland,Insgesamt,2005,Insgesamt,04.02.,2371,e
Statistik der Sterbefälle,Deutschland,Insgesamt,2005,Insgesamt,05.02.,2412,e
Statistik der Sterbefälle,Deutschland,Insgesamt,2005,Insgesamt,06.02.,2342,e
Statistik der Sterbefälle,Deutschland,Insgesamt,2005,Insgesamt,07.02.,2546,e
Statistik der Sterbefälle,Deutschland,Insgesamt,2005,Insgesamt,08.02.,2444,e
Statistik der Sterbefälle,Deutschland,Insgesamt,2005,Insgesamt,09.02.,2462,e
Statistik der Sterbefälle,Deutschland,Insgesamt,2005,Insgesamt,10.02.,2499,e
Statistik der Sterbefälle,Deutschland,Insgesamt,2005,Insgesamt,11.02.,2484,e
Statistik der Sterbefälle,Deutschland,Insgesamt,2005,Insgesamt,12.02.,2504,e
Statistik der Sterbefälle,Deutschland,Insgesamt,2005,Insgesamt,13.02.,2693,e
Statistik der Sterbefälle,Deutschland,Insgesamt,2005,Insgesamt,14.02.,2665,e
Statistik der Sterbefälle,Deutschland,Insgesamt,2005,Insgesamt,15.02.,2596,e
Statistik der Sterbefälle,Deutschland,Insgesamt,2005,Insgesamt,16.02.,2597,e
Statistik der Sterbefälle,Deutschland,Insgesamt,2005,Insgesamt,17.02.,2576,e
Statistik der Sterbefälle,Deutschland,Insgesamt,2005,Insgesamt,18.02.,2621,e
Statistik der Sterbefälle,Deutschland,Insgesamt,2005,Insgesamt,19.02.,2674,e
Statistik der Sterbefälle,Deutschland,Insgesamt,2005,Insgesamt,20.02.,2555,e
Statistik der Sterbefälle,Deutschland,Insgesamt,2005,Insgesamt,21.02.,2707,e
Statistik der Sterbefälle,Deutschland,Insgesamt,2005,Insgesamt,22.02.,2766,e
Statistik der Sterbefälle,Deutschland,Insgesamt,2005,Insgesamt,23.02.,2720,e
Statistik der Sterbefälle,Deutschland,Insgesamt,2005,Insgesamt,24.02.,2779,e
Statistik der Sterbefälle,Deutschland,Insgesamt,2005,Insgesamt,25.02.,2725,e
Statistik der Sterbefälle,Deutschland,Insgesamt,2005,Insgesamt,26.02.,2661,e
Statistik der Sterbefälle,Deutschland,Insgesamt,2005,Insgesamt,27.02.,2668,e
Statistik der Sterbefälle,Deutschland,Insgesamt,2005,Insgesamt,28.02.,2881,e
Statistik der Sterbefälle,Deutschland,Insgesamt,2005,Insgesamt,29.02.,X,e
Statistik der Sterbefälle,Deutschland,Insgesamt,2005,Insgesamt,01.03.,2798,e
Statistik der Sterbefälle,Deutschland,Insgesamt,2005,Insgesamt,02.03.,2876,e
Statistik der Sterbefälle,Deutschland,Insgesamt,2005,Insgesamt,03.03.,2842,e
Statistik der Sterbefälle,Deutschland,Insgesamt,2005,Insgesamt,04.03.,2857,e
Statistik der Sterbefälle,Deutschland,Insgesamt,2005,Insgesamt,05.03.,2935,e
Statistik der Sterbefälle,Deutschland,Insgesamt,2005,Insgesamt,06.03.,2703,e
Statistik der Sterbefälle,Deutschland,Insgesamt,2005,Insgesamt,07.03.,2875,e
Statistik der Sterbefälle,Deutschland,Insgesamt,2005,Insgesamt,08.03.,2831,e
Statistik der Sterbefälle,Deutschland,Insgesamt,2005,Insgesamt,09.03.,2816,e
Statistik der Sterbefälle,Deutschland,Insgesamt,2005,Insgesamt,10.03.,2863,e
Statistik der Sterbefälle,Deutschland,Insgesamt,2005,Insgesamt,11.03.,2849,e
Statistik der Sterbefälle,Deutschland,Insgesamt,2005,Insgesamt,12.03.,2864,e
Statistik der Sterbefälle,Deutschland,Insgesamt,2005,Insgesamt,13.03.,2691,e
Statistik der Sterbefälle,Deutschland,Insgesamt,2005,Insgesamt,14.03.,2800,e
Statistik der Sterbefälle,Deutschland,Insgesamt,2005,Insgesamt,15.03.,2793,e
Statistik der Sterbefälle,Deutschland,Insgesamt,2005,Insgesamt,16.03.,2829,e
Statistik der Sterbefälle,Deutschland,Insgesamt,2005,Insgesamt,17.03.,2760,e
Statistik der Sterbefälle,Deutschland,Insgesamt,2005,Insgesamt,18.03.,2855,e
Statistik der Sterbefälle,Deutschland,Insgesamt,2005,Insgesamt,19.03.,2639,e
Statistik der Sterbefälle,Deutschland,Insgesamt,2005,Insgesamt,20.03.,2562,e
Statistik der Sterbefälle,Deutschland,Insgesamt,2005,Insgesamt,21.03.,2540,e
Statistik der Sterbefälle,Deutschland,Insgesamt,2005,Insgesamt,22.03.,2624,e
Statistik der Sterbefälle,Deutschland,Insgesamt,2005,Insgesamt,23.03.,2615,e
Statistik der Sterbefälle,Deutschland,Insgesamt,2005,Insgesamt,24.03.,2668,e
Statistik der Sterbefälle,Deutschland,Insgesamt,2005,Insgesamt,25.03.,2485,e
Statistik der Sterbefälle,Deutschland,Insgesamt,2005,Insgesamt,26.03.,2436,e
Statistik der Sterbefälle,Deutschland,Insgesamt,2005,Insgesamt,27.03.,2453,e
Statistik der Sterbefälle,Deutschland,Insgesamt,2005,Insgesamt,28.03.,2265,e
Statistik der Sterbefälle,Deutschland,Insgesamt,2005,Insgesamt,29.03.,2491,e
Statistik der Sterbefälle,Deutschland,Insgesamt,2005,Insgesamt,30.03.,2371,e
Statistik der Sterbefälle,Deutschland,Insgesamt,2005,Insgesamt,31.03.,2285,e
Statistik der Sterbefälle,Deutschland,Insgesamt,2005,Insgesamt,01.04.,2300,e
Statistik der Sterbefälle,Deutschland,Insgesamt,2005,Insgesamt,02.04.,2317,e
Statistik der Sterbefälle,Deutschland,Insgesamt,2005,Insgesamt,03.04.,2325,e
Statistik der Sterbefälle,Deutschland,Insgesamt,2005,Insgesamt,04.04.,2442,e
Statistik der Sterbefälle,Deutschland,Insgesamt,2005,Insgesamt,05.04.,2301,e
Statistik der Sterbefälle,Deutschland,Insgesamt,2005,Insgesamt,06.04.,2306,e
Statistik der Sterbefälle,Deutschland,Insgesamt,2005,Insgesamt,07.04.,2372,e
Statistik der Sterbefälle,Deutschland,Insgesamt,2005,Insgesamt,08.04.,2438,e
Statistik der Sterbefälle,Deutschland,Insgesamt,2005,Insgesamt,09.04.,2192,e
Statistik der Sterbefälle,Deutschland,Insgesamt,2005,Insgesamt,10.04.,2244,e
Statistik der Sterbefälle,Deutschland,Insgesamt,2005,Insgesamt,11.04.,2322,e
Statistik der Sterbefälle,Deutschland,Insgesamt,2005,Insgesamt,12.04.,2299,e
Statistik der Sterbefälle,Deutschland,Insgesamt,2005,Insgesamt,13.04.,2329,e
Statistik der Sterbefälle,Deutschland,Insgesamt,2005,Insgesamt,14.04.,2304,e
Statistik der Sterbefälle,Deutschland,Insgesamt,2005,Insgesamt,15.04.,2380,e
Statistik der Sterbefälle,Deutschland,Insgesamt,2005,Insgesamt,16.04.,2273,e
Statistik der Sterbefälle,Deutschland,Insgesamt,2005,Insgesamt,17.04.,2257,e
Statistik der Sterbefälle,Deutschland,Insgesamt,2005,Insgesamt,18.04.,2288,e
Statistik der Sterbefälle,Deutschland,Insgesamt,2005,Insgesamt,19.04.,2289,e
Statistik der Sterbefälle,Deutschland,Insgesamt,2005,Insgesamt,20.04.,2104,e
Statistik der Sterbefälle,Deutschland,Insgesamt,2005,Insgesamt,21.04.,2222,e
Statistik der Sterbefälle,Deutschland,Insgesamt,2005,Insgesamt,22.04.,2206,e
Statistik der Sterbefälle,Deutschland,Insgesamt,2005,Insgesamt,23.04.,2254,e
Statistik der Sterbefälle,Deutschland,Insgesamt,2005,Insgesamt,24.04.,2186,e
Statistik der Sterbefälle,Deutschland,Insgesamt,2005,Insgesamt,25.04.,2334,e
Statistik der Sterbefälle,Deutschland,Insgesamt,2005,Insgesamt,26.04.,2216,e
Statistik der Sterbefälle,Deutschland,Insgesamt,2005,Insgesamt,27.04.,2101,e
Statistik der Sterbefälle,Deutschland,Insgesamt,2005,Insgesamt,28.04.,2245,e
Statistik der Sterbefälle,Deutschland,Insgesamt,2005,Insgesamt,29.04.,2148,e
Statistik der Sterbefälle,Deutschland,Insgesamt,2005,Insgesamt,30.04.,2251,e
Statistik der Sterbefälle,Deutschland,Insgesamt,2005,Insgesamt,01.05.,2320,e
Statistik der Sterbefälle,Deutschland,Insgesamt,2005,Insgesamt,02.05.,2440,e
Statistik der Sterbefälle,Deutschland,Insgesamt,2005,Insgesamt,03.05.,2351,e
Statistik der Sterbefälle,Deutschland,Insgesamt,2005,Insgesamt,04.05.,2191,e
Statistik der Sterbefälle,Deutschland,Insgesamt,2005,Insgesamt,05.05.,2120,e
Statistik der Sterbefälle,Deutschland,Insgesamt,2005,Insgesamt,06.05.,2133,e
Statistik der Sterbefälle,Deutschland,Insgesamt,2005,Insgesamt,07.05.,2072,e
Statistik der Sterbefälle,Deutschland,Insgesamt,2005,Insgesamt,08.05.,2119,e
Statistik der Sterbefälle,Deutschland,Insgesamt,2005,Insgesamt,09.05.,2211,e
Statistik der Sterbefälle,Deutschland,Insgesamt,2005,Insgesamt,10.05.,2129,e
Statistik der Sterbefälle,Deutschland,Insgesamt,2005,Insgesamt,11.05.,2244,e
Statistik der Sterbefälle,Deutschland,Insgesamt,2005,Insgesamt,12.05.,2169,e
Statistik der Sterbefälle,Deutschland,Insgesamt,2005,Insgesamt,13.05.,2264,e
Statistik der Sterbefälle,Deutschland,Insgesamt,2005,Insgesamt,14.05.,2209,e
Statistik der Sterbefälle,Deutschland,Insgesamt,2005,Insgesamt,15.05.,2210,e
Statistik der Sterbefälle,Deutschland,Insgesamt,2005,Insgesamt,16.05.,2126,e
Statistik der Sterbefälle,Deutschland,Insgesamt,2005,Insgesamt,17.05.,2204,e
Statistik der Sterbefälle,Deutschland,Insgesamt,2005,Insgesamt,18.05.,2182,e
Statistik der Sterbefälle,Deutschland,Insgesamt,2005,Insgesamt,19.05.,2141,e
Statistik der Sterbefälle,Deutschland,Insgesamt,2005,Insgesamt,20.05.,2284,e
Statistik der Sterbefälle,Deutschland,Insgesamt,2005,Insgesamt,21.05.,2275,e
Statistik der Sterbefälle,Deutschland,Insgesamt,2005,Insgesamt,22.05.,2178,e
Statistik der Sterbefälle,Deutschland,Insgesamt,2005,Insgesamt,23.05.,2211,e
Statistik der Sterbefälle,Deutschland,Insgesamt,2005,Insgesamt,24.05.,2140,e
Statistik der Sterbefälle,Deutschland,Insgesamt,2005,Insgesamt,25.05.,2220,e
Statistik der Sterbefälle,Deutschland,Insgesamt,2005,Insgesamt,26.05.,2249,e
Statistik der Sterbefälle,Deutschland,Insgesamt,2005,Insgesamt,27.05.,2476,e
Statistik der Sterbefälle,Deutschland,Insgesamt,2005,Insgesamt,28.05.,2633,e
Statistik der Sterbefälle,Deutschland,Insgesamt,2005,Insgesamt,29.05.,2335,e
Statistik der Sterbefälle,Deutschland,Insgesamt,2005,Insgesamt,30.05.,2326,e
Statistik der Sterbefälle,Deutschland,Insgesamt,2005,Insgesamt,31.05.,2166,e
Statistik der Sterbefälle,Deutschland,Insgesamt,2005,Insgesamt,01.06.,2147,e
Statistik der Sterbefälle,Deutschland,Insgesamt,2005,Insgesamt,02.06.,2159,e
Statistik der Sterbefälle,Deutschland,Insgesamt,2005,Insgesamt,03.06.,2175,e
Statistik der Sterbefälle,Deutschland,Insgesamt,2005,Insgesamt,04.06.,2158,e
Statistik der Sterbefälle,Deutschland,Insgesamt,2005,Insgesamt,05.06.,1994,e
Statistik der Sterbefälle,Deutschland,Insgesamt,2005,Insgesamt,06.06.,2127,e
Statistik der Sterbefälle,Deutschland,Insgesamt,2005,Insgesamt,07.06.,1981,e
Statistik der Sterbefälle,Deutschland,Insgesamt,2005,Insgesamt,08.06.,2035,e
Statistik der Sterbefälle,Deutschland,Insgesamt,2005,Insgesamt,09.06.,1995,e
Statistik der Sterbefälle,Deutschland,Insgesamt,2005,Insgesamt,10.06.,2090,e
Statistik der Sterbefälle,Deutschland,Insgesamt,2005,Insgesamt,11.06.,2022,e
Statistik der Sterbefälle,Deutschland,Insgesamt,2005,Insgesamt,12.06.,1995,e
Statistik der Sterbefälle,Deutschland,Insgesamt,2005,Insgesamt,13.06.,2210,e
Statistik der Sterbefälle,Deutschland,Insgesamt,2005,Insgesamt,14.06.,2120,e
Statistik der Sterbefälle,Deutschland,Insgesamt,2005,Insgesamt,15.06.,2179,e
Statistik der Sterbefälle,Deutschland,Insgesamt,2005,Insgesamt,16.06.,2218,e
Statistik der Sterbefälle,Deutschland,Insgesamt,2005,Insgesamt,17.06.,2197,e
Statistik der Sterbefälle,Deutschland,Insgesamt,2005,Insgesamt,18.06.,2155,e
Statistik der Sterbefälle,Deutschland,Insgesamt,2005,Insgesamt,19.06.,2059,e
Statistik der Sterbefälle,Deutschland,Insgesamt,2005,Insgesamt,20.06.,2261,e
Statistik der Sterbefälle,Deutschland,Insgesamt,2005,Insgesamt,21.06.,2346,e
Statistik der Sterbefälle,Deutschland,Insgesamt,2005,Insgesamt,22.06.,2241,e
Statistik der Sterbefälle,Deutschland,Insgesamt,2005,Insgesamt,23.06.,2213,e
Statistik der Sterbefälle,Deutschland,Insgesamt,2005,Insgesamt,24.06.,2384,e
Statistik der Sterbefälle,Deutschland,Insgesamt,2005,Insgesamt,25.06.,2421,e
Statistik der Sterbefälle,Deutschland,Insgesamt,2005,Insgesamt,26.06.,2102,e
Statistik der Sterbefälle,Deutschland,Insgesamt,2005,Insgesamt,27.06.,2066,e
Statistik der Sterbefälle,Deutschland,Insgesamt,2005,Insgesamt,28.06.,2199,e
Statistik der Sterbefälle,Deutschland,Insgesamt,2005,Insgesamt,29.06.,2166,e
Statistik der Sterbefälle,Deutschland,Insgesamt,2005,Insgesamt,30.06.,2070,e
Statistik der Sterbefälle,Deutschland,Insgesamt,2005,Insgesamt,01.07.,2089,e
Statistik der Sterbefälle,Deutschland,Insgesamt,2005,Insgesamt,02.07.,1992,e
Statistik der Sterbefälle,Deutschland,Insgesamt,2005,Insgesamt,03.07.,2078,e
Statistik der Sterbefälle,Deutschland,Insgesamt,2005,Insgesamt,04.07.,2148,e
Statistik der Sterbefälle,Deutschland,Insgesamt,2005,Insgesamt,05.07.,2006,e
Statistik der Sterbefälle,Deutschland,Insgesamt,2005,Insgesamt,06.07.,1965,e
Statistik der Sterbefälle,Deutschland,Insgesamt,2005,Insgesamt,07.07.,2051,e
Statistik der Sterbefälle,Deutschland,Insgesamt,2005,Insgesamt,08.07.,1998,e
Statistik der Sterbefälle,Deutschland,Insgesamt,2005,Insgesamt,09.07.,2030,e
Statistik der Sterbefälle,Deutschland,Insgesamt,2005,Insgesamt,10.07.,2017,e
Statistik der Sterbefälle,Deutschland,Insgesamt,2005,Insgesamt,11.07.,2112,e
Statistik der Sterbefälle,Deutschland,Insgesamt,2005,Insgesamt,12.07.,2080,e
Statistik der Sterbefälle,Deutschland,Insgesamt,2005,Insgesamt,13.07.,2167,e
Statistik der Sterbefälle,Deutschland,Insgesamt,2005,Insgesamt,14.07.,2195,e
Statistik der Sterbefälle,Deutschland,Insgesamt,2005,Insgesamt,15.07.,2211,e
Statistik der Sterbefälle,Deutschland,Insgesamt,2005,Insgesamt,16.07.,2197,e
Statistik der Sterbefälle,Deutschland,Insgesamt,2005,Insgesamt,17.07.,2107,e
Statistik der Sterbefälle,Deutschland,Insgesamt,2005,Insgesamt,18.07.,2118,e
Statistik der Sterbefälle,Deutschland,Insgesamt,2005,Insgesamt,19.07.,2183,e
Statistik der Sterbefälle,Deutschland,Insgesamt,2005,Insgesamt,20.07.,2060,e
Statistik der Sterbefälle,Deutschland,Insgesamt,2005,Insgesamt,21.07.,1940,e
Statistik der Sterbefälle,Deutschland,Insgesamt,2005,Insgesamt,22.07.,2022,e
Statistik der Sterbefälle,Deutschland,Insgesamt,2005,Insgesamt,23.07.,2049,e
Statistik der Sterbefälle,Deutschland,Insgesamt,2005,Insgesamt,24.07.,1919,e
Statistik der Sterbefälle,Deutschland,Insgesamt,2005,Insgesamt,25.07.,2120,e
Statistik der Sterbefälle,Deutschland,Insgesamt,2005,Insgesamt,26.07.,2064,e
Statistik der Sterbefälle,Deutschland,Insgesamt,2005,Insgesamt,27.07.,2145,e
Statistik der Sterbefälle,Deutschland,Insgesamt,2005,Insgesamt,28.07.,2332,e
Statistik der Sterbefälle,Deutschland,Insgesamt,2005,Insgesamt,29.07.,2307,e
Statistik der Sterbefälle,Deutschland,Insgesamt,2005,Insgesamt,30.07.,2089,e
Statistik der Sterbefälle,Deutschland,Insgesamt,2005,Insgesamt,31.07.,1934,e
Statistik der Sterbefälle,Deutschland,Insgesamt,2005,Insgesamt,01.08.,2078,e
Statistik der Sterbefälle,Deutschland,Insgesamt,2005,Insgesamt,02.08.,1934,e
Statistik der Sterbefälle,Deutschland,Insgesamt,2005,Insgesamt,03.08.,2038,e
Statistik der Sterbefälle,Deutschland,Insgesamt,2005,Insgesamt,04.08.,1914,e
Statistik der Sterbefälle,Deutschland,Insgesamt,2005,Insgesamt,05.08.,2058,e
Statistik der Sterbefälle,Deutschland,Insgesamt,2005,Insgesamt,06.08.,1901,e
Statistik der Sterbefälle,Deutschland,Insgesamt,2005,Insgesamt,07.08.,1909,e
Statistik der Sterbefälle,Deutschland,Insgesamt,2005,Insgesamt,08.08.,2045,e
Statistik der Sterbefälle,Deutschland,Insgesamt,2005,Insgesamt,09.08.,2069,e
Statistik der Sterbefälle,Deutschland,Insgesamt,2005,Insgesamt,10.08.,2122,e
Statistik der Sterbefälle,Deutschland,Insgesamt,2005,Insgesamt,11.08.,2134,e
Statistik der Sterbefälle,Deutschland,Insgesamt,2005,Insgesamt,12.08.,2106,e
Statistik der Sterbefälle,Deutschland,Insgesamt,2005,Insgesamt,13.08.,1991,e
Statistik der Sterbefälle,Deutschland,Insgesamt,2005,Insgesamt,14.08.,1994,e
Statistik der Sterbefälle,Deutschland,Insgesamt,2005,Insgesamt,15.08.,2154,e
Statistik der Sterbefälle,Deutschland,Insgesamt,2005,Insgesamt,16.08.,2140,e
Statistik der Sterbefälle,Deutschland,Insgesamt,2005,Insgesamt,17.08.,2113,e
Statistik der Sterbefälle,Deutschland,Insgesamt,2005,Insgesamt,18.08.,2214,e
Statistik der Sterbefälle,Deutschland,Insgesamt,2005,Insgesamt,19.08.,2211,e
Statistik der Sterbefälle,Deutschland,Insgesamt,2005,Insgesamt,20.08.,2231,e
Statistik der Sterbefälle,Deutschland,Insgesamt,2005,Insgesamt,21.08.,2028,e
Statistik der Sterbefälle,Deutschland,Insgesamt,2005,Insgesamt,22.08.,2083,e
Statistik der Sterbefälle,Deutschland,Insgesamt,2005,Insgesamt,23.08.,2076,e
Statistik der Sterbefälle,Deutschland,Insgesamt,2005,Insgesamt,24.08.,2033,e
Statistik der Sterbefälle,Deutschland,Insgesamt,2005,Insgesamt,25.08.,2048,e
Statistik der Sterbefälle,Deutschland,Insgesamt,2005,Insgesamt,26.08.,2085,e
Statistik der Sterbefälle,Deutschland,Insgesamt,2005,Insgesamt,27.08.,1922,e
Statistik der Sterbefälle,Deutschland,Insgesamt,2005,Insgesamt,28.08.,1946,e
Statistik der Sterbefälle,Deutschland,Insgesamt,2005,Insgesamt,29.08.,2110,e
Statistik der Sterbefälle,Deutschland,Insgesamt,2005,Insgesamt,30.08.,2157,e
Statistik der Sterbefälle,Deutschland,Insgesamt,2005,Insgesamt,31.08.,2231,e
Statistik der Sterbefälle,Deutschland,Insgesamt,2005,Insgesamt,01.09.,2296,e
Statistik der Sterbefälle,Deutschland,Insgesamt,2005,Insgesamt,02.09.,2189,e
Statistik der Sterbefälle,Deutschland,Insgesamt,2005,Insgesamt,03.09.,2036,e
Statistik der Sterbefälle,Deutschland,Insgesamt,2005,Insgesamt,04.09.,2049,e
Statistik der Sterbefälle,Deutschland,Insgesamt,2005,Insgesamt,05.09.,2011,e
Statistik der Sterbefälle,Deutschland,Insgesamt,2005,Insgesamt,06.09.,2062,e
Statistik der Sterbefälle,Deutschland,Insgesamt,2005,Insgesamt,07.09.,2083,e
Statistik der Sterbefälle,Deutschland,Insgesamt,2005,Insgesamt,08.09.,2229,e
Statistik der Sterbefälle,Deutschland,Insgesamt,2005,Insgesamt,09.09.,2222,e
Statistik der Sterbefälle,Deutschland,Insgesamt,2005,Insgesamt,10.09.,2161,e
Statistik der Sterbefälle,Deutschland,Insgesamt,2005,Insgesamt,11.09.,2039,e
Statistik der Sterbefälle,Deutschland,Insgesamt,2005,Insgesamt,12.09.,2046,e
Statistik der Sterbefälle,Deutschland,Insgesamt,2005,Insgesamt,13.09.,1946,e
Statistik der Sterbefälle,Deutschland,Insgesamt,2005,Insgesamt,14.09.,2048,e
Statistik der Sterbefälle,Deutschland,Insgesamt,2005,Insgesamt,15.09.,2069,e
Statistik der Sterbefälle,Deutschland,Insgesamt,2005,Insgesamt,16.09.,2098,e
Statistik der Sterbefälle,Deutschland,Insgesamt,2005,Insgesamt,17.09.,1924,e
Statistik der Sterbefälle,Deutschland,Insgesamt,2005,Insgesamt,18.09.,1948,e
Statistik der Sterbefälle,Deutschland,Insgesamt,2005,Insgesamt,19.09.,1976,e
Statistik der Sterbefälle,Deutschland,Insgesamt,2005,Insgesamt,20.09.,1944,e
Statistik der Sterbefälle,Deutschland,Insgesamt,2005,Insgesamt,21.09.,2025,e
Statistik der Sterbefälle,Deutschland,Insgesamt,2005,Insgesamt,22.09.,2078,e
Statistik der Sterbefälle,Deutschland,Insgesamt,2005,Insgesamt,23.09.,2229,e
Statistik der Sterbefälle,Deutschland,Insgesamt,2005,Insgesamt,24.09.,2017,e
Statistik der Sterbefälle,Deutschland,Insgesamt,2005,Insgesamt,25.09.,2054,e
Statistik der Sterbefälle,Deutschland,Insgesamt,2005,Insgesamt,26.09.,2114,e
Statistik der Sterbefälle,Deutschland,Insgesamt,2005,Insgesamt,27.09.,2134,e
Statistik der Sterbefälle,Deutschland,Insgesamt,2005,Insgesamt,28.09.,2026,e
Statistik der Sterbefälle,Deutschland,Insgesamt,2005,Insgesamt,29.09.,2116,e
Statistik der Sterbefälle,Deutschland,Insgesamt,2005,Insgesamt,30.09.,2092,e
Statistik der Sterbefälle,Deutschland,Insgesamt,2005,Insgesamt,01.10.,2042,e
Statistik der Sterbefälle,Deutschland,Insgesamt,2005,Insgesamt,02.10.,2007,e
Statistik der Sterbefälle,Deutschland,Insgesamt,2005,Insgesamt,03.10.,2032,e
Statistik der Sterbefälle,Deutschland,Insgesamt,2005,Insgesamt,04.10.,2151,e
Statistik der Sterbefälle,Deutschland,Insgesamt,2005,Insgesamt,05.10.,2150,e
Statistik der Sterbefälle,Deutschland,Insgesamt,2005,Insgesamt,06.10.,2145,e
Statistik der Sterbefälle,Deutschland,Insgesamt,2005,Insgesamt,07.10.,2180,e
Statistik der Sterbefälle,Deutschland,Insgesamt,2005,Insgesamt,08.10.,2146,e
Statistik der Sterbefälle,Deutschland,Insgesamt,2005,Insgesamt,09.10.,2078,e
Statistik der Sterbefälle,Deutschland,Insgesamt,2005,Insgesamt,10.10.,2124,e
Statistik der Sterbefälle,Deutschland,Insgesamt,2005,Insgesamt,11.10.,2187,e
Statistik der Sterbefälle,Deutschland,Insgesamt,2005,Insgesamt,12.10.,2174,e
Statistik der Sterbefälle,Deutschland,Insgesamt,2005,Insgesamt,13.10.,2144,e
Statistik der Sterbefälle,Deutschland,Insgesamt,2005,Insgesamt,14.10.,2180,e
Statistik der Sterbefälle,Deutschland,Insgesamt,2005,Insgesamt,15.10.,2164,e
Statistik der Sterbefälle,Deutschland,Insgesamt,2005,Insgesamt,16.10.,1999,e
Statistik der Sterbefälle,Deutschland,Insgesamt,2005,Insgesamt,17.10.,2140,e
Statistik der Sterbefälle,Deutschland,Insgesamt,2005,Insgesamt,18.10.,2202,e
Statistik der Sterbefälle,Deutschland,Insgesamt,2005,Insgesamt,19.10.,2161,e
Statistik der Sterbefälle,Deutschland,Insgesamt,2005,Insgesamt,20.10.,2243,e
Statistik der Sterbefälle,Deutschland,Insgesamt,2005,Insgesamt,21.10.,2322,e
Statistik der Sterbefälle,Deutschland,Insgesamt,2005,Insgesamt,22.10.,2204,e
Statistik der Sterbefälle,Deutschland,Insgesamt,2005,Insgesamt,23.10.,2155,e
Statistik der Sterbefälle,Deutschland,Insgesamt,2005,Insgesamt,24.10.,2245,e
Statistik der Sterbefälle,Deutschland,Insgesamt,2005,Insgesamt,25.10.,2242,e
Statistik der Sterbefälle,Deutschland,Insgesamt,2005,Insgesamt,26.10.,2116,e
Statistik der Sterbefälle,Deutschland,Insgesamt,2005,Insgesamt,27.10.,2250,e
Statistik der Sterbefälle,Deutschland,Insgesamt,2005,Insgesamt,28.10.,2250,e
Statistik der Sterbefälle,Deutschland,Insgesamt,2005,Insgesamt,29.10.,2166,e
Statistik der Sterbefälle,Deutschland,Insgesamt,2005,Insgesamt,30.10.,2216,e
Statistik der Sterbefälle,Deutschland,Insgesamt,2005,Insgesamt,31.10.,2218,e
Statistik der Sterbefälle,Deutschland,Insgesamt,2005,Insgesamt,01.11.,2149,e
Statistik der Sterbefälle,Deutschland,Insgesamt,2005,Insgesamt,02.11.,2238,e
Statistik der Sterbefälle,Deutschland,Insgesamt,2005,Insgesamt,03.11.,2200,e
Statistik der Sterbefälle,Deutschland,Insgesamt,2005,Insgesamt,04.11.,2263,e
Statistik der Sterbefälle,Deutschland,Insgesamt,2005,Insgesamt,05.11.,2107,e
Statistik der Sterbefälle,Deutschland,Insgesamt,2005,Insgesamt,06.11.,1974,e
Statistik der Sterbefälle,Deutschland,Insgesamt,2005,Insgesamt,07.11.,2085,e
Statistik der Sterbefälle,Deutschland,Insgesamt,2005,Insgesamt,08.11.,2214,e
Statistik der Sterbefälle,Deutschland,Insgesamt,2005,Insgesamt,09.11.,2198,e
Statistik der Sterbefälle,Deutschland,Insgesamt,2005,Insgesamt,10.11.,2149,e
Statistik der Sterbefälle,Deutschland,Insgesamt,2005,Insgesamt,11.11.,2302,e
Statistik der Sterbefälle,Deutschland,Insgesamt,2005,Insgesamt,12.11.,2235,e
Statistik der Sterbefälle,Deutschland,Insgesamt,2005,Insgesamt,13.11.,2131,e
Statistik der Sterbefälle,Deutschland,Insgesamt,2005,Insgesamt,14.11.,2154,e
Statistik der Sterbefälle,Deutschland,Insgesamt,2005,Insgesamt,15.11.,2251,e
Statistik der Sterbefälle,Deutschland,Insgesamt,2005,Insgesamt,16.11.,2284,e
Statistik der Sterbefälle,Deutschland,Insgesamt,2005,Insgesamt,17.11.,2266,e
Statistik der Sterbefälle,Deutschland,Insgesamt,2005,Insgesamt,18.11.,2300,e
Statistik der Sterbefälle,Deutschland,Insgesamt,2005,Insgesamt,19.11.,2169,e
Statistik der Sterbefälle,Deutschland,Insgesamt,2005,Insgesamt,20.11.,2187,e
Statistik der Sterbefälle,Deutschland,Insgesamt,2005,Insgesamt,21.11.,2229,e
Statistik der Sterbefälle,Deutschland,Insgesamt,2005,Insgesamt,22.11.,2293,e
Statistik der Sterbefälle,Deutschland,Insgesamt,2005,Insgesamt,23.11.,2261,e
Statistik der Sterbefälle,Deutschland,Insgesamt,2005,Insgesamt,24.11.,2356,e
Statistik der Sterbefälle,Deutschland,Insgesamt,2005,Insgesamt,25.11.,2454,e
Statistik der Sterbefälle,Deutschland,Insgesamt,2005,Insgesamt,26.11.,2396,e
Statistik der Sterbefälle,Deutschland,Insgesamt,2005,Insgesamt,27.11.,2291,e
Statistik der Sterbefälle,Deutschland,Insgesamt,2005,Insgesamt,28.11.,2449,e
Statistik der Sterbefälle,Deutschland,Insgesamt,2005,Insgesamt,29.11.,2380,e
Statistik der Sterbefälle,Deutschland,Insgesamt,2005,Insgesamt,30.11.,2374,e
Statistik der Sterbefälle,Deutschland,Insgesamt,2005,Insgesamt,01.12.,2457,e
Statistik der Sterbefälle,Deutschland,Insgesamt,2005,Insgesamt,02.12.,2437,e
Statistik der Sterbefälle,Deutschland,Insgesamt,2005,Insgesamt,03.12.,2455,e
Statistik der Sterbefälle,Deutschland,Insgesamt,2005,Insgesamt,04.12.,2314,e
Statistik der Sterbefälle,Deutschland,Insgesamt,2005,Insgesamt,05.12.,2463,e
Statistik der Sterbefälle,Deutschland,Insgesamt,2005,Insgesamt,06.12.,2317,e
Statistik der Sterbefälle,Deutschland,Insgesamt,2005,Insgesamt,07.12.,2402,e
Statistik der Sterbefälle,Deutschland,Insgesamt,2005,Insgesamt,08.12.,2401,e
Statistik der Sterbefälle,Deutschland,Insgesamt,2005,Insgesamt,09.12.,2298,e
Statistik der Sterbefälle,Deutschland,Insgesamt,2005,Insgesamt,10.12.,2285,e
Statistik der Sterbefälle,Deutschland,Insgesamt,2005,Insgesamt,11.12.,2190,e
Statistik der Sterbefälle,Deutschland,Insgesamt,2005,Insgesamt,12.12.,2389,e
Statistik der Sterbefälle,Deutschland,Insgesamt,2005,Insgesamt,13.12.,2346,e
Statistik der Sterbefälle,Deutschland,Insgesamt,2005,Insgesamt,14.12.,2283,e
Statistik der Sterbefälle,Deutschland,Insgesamt,2005,Insgesamt,15.12.,2458,e
Statistik der Sterbefälle,Deutschland,Insgesamt,2005,Insgesamt,16.12.,2456,e
Statistik der Sterbefälle,Deutschland,Insgesamt,2005,Insgesamt,17.12.,2372,e
Statistik der Sterbefälle,Deutschland,Insgesamt,2005,Insgesamt,18.12.,2382,e
Statistik der Sterbefälle,Deutschland,Insgesamt,2005,Insgesamt,19.12.,2342,e
Statistik der Sterbefälle,Deutschland,Insgesamt,2005,Insgesamt,20.12.,2379,e
Statistik der Sterbefälle,Deutschland,Insgesamt,2005,Insgesamt,21.12.,2383,e
Statistik der Sterbefälle,Deutschland,Insgesamt,2005,Insgesamt,22.12.,2304,e
Statistik der Sterbefälle,Deutschland,Insgesamt,2005,Insgesamt,23.12.,2343,e
Statistik der Sterbefälle,Deutschland,Insgesamt,2005,Insgesamt,24.12.,2372,e
Statistik der Sterbefälle,Deutschland,Insgesamt,2005,Insgesamt,25.12.,2377,e
Statistik der Sterbefälle,Deutschland,Insgesamt,2005,Insgesamt,26.12.,2343,e
Statistik der Sterbefälle,Deutschland,Insgesamt,2005,Insgesamt,27.12.,2411,e
Statistik der Sterbefälle,Deutschland,Insgesamt,2005,Insgesamt,28.12.,2448,e
Statistik der Sterbefälle,Deutschland,Insgesamt,2005,Insgesamt,29.12.,2483,e
Statistik der Sterbefälle,Deutschland,Insgesamt,2005,Insgesamt,30.12.,2289,e
Statistik der Sterbefälle,Deutschland,Insgesamt,2005,Insgesamt,31.12.,2452,e
Statistik der Sterbefälle,Deutschland,Insgesamt,2006,Insgesamt,Insgesamt,821627,e
Statistik der Sterbefälle,Deutschland,Insgesamt,2006,Insgesamt,01.01.,2399,e
Statistik der Sterbefälle,Deutschland,Insgesamt,2006,Insgesamt,02.01.,2464,e
Statistik der Sterbefälle,Deutschland,Insgesamt,2006,Insgesamt,03.01.,2400,e
Statistik der Sterbefälle,Deutschland,Insgesamt,2006,Insgesamt,04.01.,2374,e
Statistik der Sterbefälle,Deutschland,Insgesamt,2006,Insgesamt,05.01.,2354,e
Statistik der Sterbefälle,Deutschland,Insgesamt,2006,Insgesamt,06.01.,2375,e
Statistik der Sterbefälle,Deutschland,Insgesamt,2006,Insgesamt,07.01.,2341,e
Statistik der Sterbefälle,Deutschland,Insgesamt,2006,Insgesamt,08.01.,2363,e
Statistik der Sterbefälle,Deutschland,Insgesamt,2006,Insgesamt,09.01.,2303,e
Statistik der Sterbefälle,Deutschland,Insgesamt,2006,Insgesamt,10.01.,2332,e
Statistik der Sterbefälle,Deutschland,Insgesamt,2006,Insgesamt,11.01.,2444,e
Statistik der Sterbefälle,Deutschland,Insgesamt,2006,Insgesamt,12.01.,2410,e
Statistik der Sterbefälle,Deutschland,Insgesamt,2006,Insgesamt,13.01.,2473,e
Statistik der Sterbefälle,Deutschland,Insgesamt,2006,Insgesamt,14.01.,2307,e
Statistik der Sterbefälle,Deutschland,Insgesamt,2006,Insgesamt,15.01.,2380,e
Statistik der Sterbefälle,Deutschland,Insgesamt,2006,Insgesamt,16.01.,2470,e
Statistik der Sterbefälle,Deutschland,Insgesamt,2006,Insgesamt,17.01.,2466,e
Statistik der Sterbefälle,Deutschland,Insgesamt,2006,Insgesamt,18.01.,2465,e
Statistik der Sterbefälle,Deutschland,Insgesamt,2006,Insgesamt,19.01.,2383,e
Statistik der Sterbefälle,Deutschland,Insgesamt,2006,Insgesamt,20.01.,2533,e
Statistik der Sterbefälle,Deutschland,Insgesamt,2006,Insgesamt,21.01.,2365,e
Statistik der Sterbefälle,Deutschland,Insgesamt,2006,Insgesamt,22.01.,2309,e
Statistik der Sterbefälle,Deutschland,Insgesamt,2006,Insgesamt,23.01.,2380,e
Statistik der Sterbefälle,Deutschland,Insgesamt,2006,Insgesamt,24.01.,2335,e
Statistik der Sterbefälle,Deutschland,Insgesamt,2006,Insgesamt,25.01.,2454,e
Statistik der Sterbefälle,Deutschland,Insgesamt,2006,Insgesamt,26.01.,2436,e
Statistik der Sterbefälle,Deutschland,Insgesamt,2006,Insgesamt,27.01.,2385,e
Statistik der Sterbefälle,Deutschland,Insgesamt,2006,Insgesamt,28.01.,2474,e
Statistik der Sterbefälle,Deutschland,Insgesamt,2006,Insgesamt,29.01.,2252,e
Statistik der Sterbefälle,Deutschland,Insgesamt,2006,Insgesamt,30.01.,2419,e
Statistik der Sterbefälle,Deutschland,Insgesamt,2006,Insgesamt,31.01.,2382,e
Statistik der Sterbefälle,Deutschland,Insgesamt,2006,Insgesamt,01.02.,2445,e
Statistik der Sterbefälle,Deutschland,Insgesamt,2006,Insgesamt,02.02.,2340,e
Statistik der Sterbefälle,Deutschland,Insgesamt,2006,Insgesamt,03.02.,2479,e
Statistik der Sterbefälle,Deutschland,Insgesamt,2006,Insgesamt,04.02.,2345,e
Statistik der Sterbefälle,Deutschland,Insgesamt,2006,Insgesamt,05.02.,2474,e
Statistik der Sterbefälle,Deutschland,Insgesamt,2006,Insgesamt,06.02.,2473,e
Statistik der Sterbefälle,Deutschland,Insgesamt,2006,Insgesamt,07.02.,2469,e
Statistik der Sterbefälle,Deutschland,Insgesamt,2006,Insgesamt,08.02.,2402,e
Statistik der Sterbefälle,Deutschland,Insgesamt,2006,Insgesamt,09.02.,2484,e
Statistik der Sterbefälle,Deutschland,Insgesamt,2006,Insgesamt,10.02.,2480,e
Statistik der Sterbefälle,Deutschland,Insgesamt,2006,Insgesamt,11.02.,2320,e
Statistik der Sterbefälle,Deutschland,Insgesamt,2006,Insgesamt,12.02.,2277,e
Statistik der Sterbefälle,Deutschland,Insgesamt,2006,Insgesamt,13.02.,2389,e
Statistik der Sterbefälle,Deutschland,Insgesamt,2006,Insgesamt,14.02.,2412,e
Statistik der Sterbefälle,Deutschland,Insgesamt,2006,Insgesamt,15.02.,2543,e
Statistik der Sterbefälle,Deutschland,Insgesamt,2006,Insgesamt,16.02.,2452,e
Statistik der Sterbefälle,Deutschland,Insgesamt,2006,Insgesamt,17.02.,2415,e
Statistik der Sterbefälle,Deutschland,Insgesamt,2006,Insgesamt,18.02.,2321,e
Statistik der Sterbefälle,Deutschland,Insgesamt,2006,Insgesamt,19.02.,2214,e
Statistik der Sterbefälle,Deutschland,Insgesamt,2006,Insgesamt,20.02.,2403,e
Statistik der Sterbefälle,Deutschland,Insgesamt,2006,Insgesamt,21.02.,2357,e
Statistik der Sterbefälle,Deutschland,Insgesamt,2006,Insgesamt,22.02.,2386,e
Statistik der Sterbefälle,Deutschland,Insgesamt,2006,Insgesamt,23.02.,2312,e
Statistik der Sterbefälle,Deutschland,Insgesamt,2006,Insgesamt,24.02.,2342,e
Statistik der Sterbefälle,Deutschland,Insgesamt,2006,Insgesamt,25.02.,2299,e
Statistik der Sterbefälle,Deutschland,Insgesamt,2006,Insgesamt,26.02.,2208,e
Statistik der Sterbefälle,Deutschland,Insgesamt,2006,Insgesamt,27.02.,2412,e
Statistik der Sterbefälle,Deutschland,Insgesamt,2006,Insgesamt,28.02.,2339,e
Statistik der Sterbefälle,Deutschland,Insgesamt,2006,Insgesamt,29.02.,X,e
Statistik der Sterbefälle,Deutschland,Insgesamt,2006,Insgesamt,01.03.,2417,e
Statistik der Sterbefälle,Deutschland,Insgesamt,2006,Insgesamt,02.03.,2369,e
Statistik der Sterbefälle,Deutschland,Insgesamt,2006,Insgesamt,03.03.,2501,e
Statistik der Sterbefälle,Deutschland,Insgesamt,2006,Insgesamt,04.03.,2434,e
Statistik der Sterbefälle,Deutschland,Insgesamt,2006,Insgesamt,05.03.,2348,e
Statistik der Sterbefälle,Deutschland,Insgesamt,2006,Insgesamt,06.03.,2326,e
Statistik der Sterbefälle,Deutschland,Insgesamt,2006,Insgesamt,07.03.,2366,e
Statistik der Sterbefälle,Deutschland,Insgesamt,2006,Insgesamt,08.03.,2389,e
Statistik der Sterbefälle,Deutschland,Insgesamt,2006,Insgesamt,09.03.,2393,e
Statistik der Sterbefälle,Deutschland,Insgesamt,2006,Insgesamt,10.03.,2539,e
Statistik der Sterbefälle,Deutschland,Insgesamt,2006,Insgesamt,11.03.,2295,e
Statistik der Sterbefälle,Deutschland,Insgesamt,2006,Insgesamt,12.03.,2304,e
Statistik der Sterbefälle,Deutschland,Insgesamt,2006,Insgesamt,13.03.,2315,e
Statistik der Sterbefälle,Deutschland,Insgesamt,2006,Insgesamt,14.03.,2345,e
Statistik der Sterbefälle,Deutschland,Insgesamt,2006,Insgesamt,15.03.,2399,e
Statistik der Sterbefälle,Deutschland,Insgesamt,2006,Insgesamt,16.03.,2339,e
Statistik der Sterbefälle,Deutschland,Insgesamt,2006,Insgesamt,17.03.,2385,e
Statistik der Sterbefälle,Deutschland,Insgesamt,2006,Insgesamt,18.03.,2332,e
Statistik der Sterbefälle,Deutschland,Insgesamt,2006,Insgesamt,19.03.,2281,e
Statistik der Sterbefälle,Deutschland,Insgesamt,2006,Insgesamt,20.03.,2437,e
Statistik der Sterbefälle,Deutschland,Insgesamt,2006,Insgesamt,21.03.,2392,e
Statistik der Sterbefälle,Deutschland,Insgesamt,2006,Insgesamt,22.03.,2329,e
Statistik der Sterbefälle,Deutschland,Insgesamt,2006,Insgesamt,23.03.,2382,e
Statistik der Sterbefälle,Deutschland,Insgesamt,2006,Insgesamt,24.03.,2433,e
Statistik der Sterbefälle,Deutschland,Insgesamt,2006,Insgesamt,25.03.,2446,e
Statistik der Sterbefälle,Deutschland,Insgesamt,2006,Insgesamt,26.03.,2203,e
Statistik der Sterbefälle,Deutschland,Insgesamt,2006,Insgesamt,27.03.,2452,e
Statistik der Sterbefälle,Deutschland,Insgesamt,2006,Insgesamt,28.03.,2436,e
Statistik der Sterbefälle,Deutschland,Insgesamt,2006,Insgesamt,29.03.,2282,e
Statistik der Sterbefälle,Deutschland,Insgesamt,2006,Insgesamt,30.03.,2399,e
Statistik der Sterbefälle,Deutschland,Insgesamt,2006,Insgesamt,31.03.,2412,e
Statistik der Sterbefälle,Deutschland,Insgesamt,2006,Insgesamt,01.04.,2369,e
Statistik der Sterbefälle,Deutschland,Insgesamt,2006,Insgesamt,02.04.,2295,e
Statistik der Sterbefälle,Deutschland,Insgesamt,2006,Insgesamt,03.04.,2385,e
Statistik der Sterbefälle,Deutschland,Insgesamt,2006,Insgesamt,04.04.,2318,e
Statistik der Sterbefälle,Deutschland,Insgesamt,2006,Insgesamt,05.04.,2352,e
Statistik der Sterbefälle,Deutschland,Insgesamt,2006,Insgesamt,06.04.,2235,e
Statistik der Sterbefälle,Deutschland,Insgesamt,2006,Insgesamt,07.04.,2259,e
Statistik der Sterbefälle,Deutschland,Insgesamt,2006,Insgesamt,08.04.,2323,e
Statistik der Sterbefälle,Deutschland,Insgesamt,2006,Insgesamt,09.04.,2241,e
Statistik der Sterbefälle,Deutschland,Insgesamt,2006,Insgesamt,10.04.,2433,e
Statistik der Sterbefälle,Deutschland,Insgesamt,2006,Insgesamt,11.04.,2223,e
Statistik der Sterbefälle,Deutschland,Insgesamt,2006,Insgesamt,12.04.,2262,e
Statistik der Sterbefälle,Deutschland,Insgesamt,2006,Insgesamt,13.04.,2365,e
Statistik der Sterbefälle,Deutschland,Insgesamt,2006,Insgesamt,14.04.,2287,e
Statistik der Sterbefälle,Deutschland,Insgesamt,2006,Insgesamt,15.04.,2273,e
Statistik der Sterbefälle,Deutschland,Insgesamt,2006,Insgesamt,16.04.,2222,e
Statistik der Sterbefälle,Deutschland,Insgesamt,2006,Insgesamt,17.04.,2229,e
Statistik der Sterbefälle,Deutschland,Insgesamt,2006,Insgesamt,18.04.,2238,e
Statistik der Sterbefälle,Deutschland,Insgesamt,2006,Insgesamt,19.04.,2214,e
Statistik der Sterbefälle,Deutschland,Insgesamt,2006,Insgesamt,20.04.,2330,e
Statistik der Sterbefälle,Deutschland,Insgesamt,2006,Insgesamt,21.04.,2198,e
Statistik der Sterbefälle,Deutschland,Insgesamt,2006,Insgesamt,22.04.,2331,e
Statistik der Sterbefälle,Deutschland,Insgesamt,2006,Insgesamt,23.04.,2148,e
Statistik der Sterbefälle,Deutschland,Insgesamt,2006,Insgesamt,24.04.,2302,e
Statistik der Sterbefälle,Deutschland,Insgesamt,2006,Insgesamt,25.04.,2337,e
Statistik der Sterbefälle,Deutschland,Insgesamt,2006,Insgesamt,26.04.,2201,e
Statistik der Sterbefälle,Deutschland,Insgesamt,2006,Insgesamt,27.04.,2219,e
Statistik der Sterbefälle,Deutschland,Insgesamt,2006,Insgesamt,28.04.,2181,e
Statistik der Sterbefälle,Deutschland,Insgesamt,2006,Insgesamt,29.04.,2183,e
Statistik der Sterbefälle,Deutschland,Insgesamt,2006,Insgesamt,30.04.,2152,e
Statistik der Sterbefälle,Deutschland,Insgesamt,2006,Insgesamt,01.05.,2151,e
Statistik der Sterbefälle,Deutschland,Insgesamt,2006,Insgesamt,02.05.,2246,e
Statistik der Sterbefälle,Deutschland,Insgesamt,2006,Insgesamt,03.05.,2286,e
Statistik der Sterbefälle,Deutschland,Insgesamt,2006,Insgesamt,04.05.,2203,e
Statistik der Sterbefälle,Deutschland,Insgesamt,2006,Insgesamt,05.05.,2352,e
Statistik der Sterbefälle,Deutschland,Insgesamt,2006,Insgesamt,06.05.,2266,e
Statistik der Sterbefälle,Deutschland,Insgesamt,2006,Insgesamt,07.05.,2236,e
Statistik der Sterbefälle,Deutschland,Insgesamt,2006,Insgesamt,08.05.,2293,e
Statistik der Sterbefälle,Deutschland,Insgesamt,2006,Insgesamt,09.05.,2365,e
Statistik der Sterbefälle,Deutschland,Insgesamt,2006,Insgesamt,10.05.,2262,e
Statistik der Sterbefälle,Deutschland,Insgesamt,2006,Insgesamt,11.05.,2295,e
Statistik der Sterbefälle,Deutschland,Insgesamt,2006,Insgesamt,12.05.,2280,e
Statistik der Sterbefälle,Deutschland,Insgesamt,2006,Insgesamt,13.05.,2280,e
Statistik der Sterbefälle,Deutschland,Insgesamt,2006,Insgesamt,14.05.,2207,e
Statistik der Sterbefälle,Deutschland,Insgesamt,2006,Insgesamt,15.05.,2161,e
Statistik der Sterbefälle,Deutschland,Insgesamt,2006,Insgesamt,16.05.,2200,e
Statistik der Sterbefälle,Deutschland,Insgesamt,2006,Insgesamt,17.05.,2291,e
Statistik der Sterbefälle,Deutschland,Insgesamt,2006,Insgesamt,18.05.,2200,e
Statistik der Sterbefälle,Deutschland,Insgesamt,2006,Insgesamt,19.05.,2181,e
Statistik der Sterbefälle,Deutschland,Insgesamt,2006,Insgesamt,20.05.,2092,e
Statistik der Sterbefälle,Deutschland,Insgesamt,2006,Insgesamt,21.05.,2031,e
Statistik der Sterbefälle,Deutschland,Insgesamt,2006,Insgesamt,22.05.,2198,e
Statistik der Sterbefälle,Deutschland,Insgesamt,2006,Insgesamt,23.05.,2107,e
Statistik der Sterbefälle,Deutschland,Insgesamt,2006,Insgesamt,24.05.,2110,e
Statistik der Sterbefälle,Deutschland,Insgesamt,2006,Insgesamt,25.05.,2073,e
Statistik der Sterbefälle,Deutschland,Insgesamt,2006,Insgesamt,26.05.,2143,e
Statistik der Sterbefälle,Deutschland,Insgesamt,2006,Insgesamt,27.05.,1991,e
Statistik der Sterbefälle,Deutschland,Insgesamt,2006,Insgesamt,28.05.,2123,e
Statistik der Sterbefälle,Deutschland,Insgesamt,2006,Insgesamt,29.05.,2064,e
Statistik der Sterbefälle,Deutschland,Insgesamt,2006,Insgesamt,30.05.,2033,e
Statistik der Sterbefälle,Deutschland,Insgesamt,2006,Insgesamt,31.05.,2117,e
Statistik der Sterbefälle,Deutschland,Insgesamt,2006,Insgesamt,01.06.,2178,e
Statistik der Sterbefälle,Deutschland,Insgesamt,2006,Insgesamt,02.06.,2195,e
Statistik der Sterbefälle,Deutschland,Insgesamt,2006,Insgesamt,03.06.,2206,e
Statistik der Sterbefälle,Deutschland,Insgesamt,2006,Insgesamt,04.06.,2141,e
Statistik der Sterbefälle,Deutschland,Insgesamt,2006,Insgesamt,05.06.,2078,e
Statistik der Sterbefälle,Deutschland,Insgesamt,2006,Insgesamt,06.06.,2213,e
Statistik der Sterbefälle,Deutschland,Insgesamt,2006,Insgesamt,07.06.,2161,e
Statistik der Sterbefälle,Deutschland,Insgesamt,2006,Insgesamt,08.06.,2170,e
Statistik der Sterbefälle,Deutschland,Insgesamt,2006,Insgesamt,09.06.,2193,e
Statistik der Sterbefälle,Deutschland,Insgesamt,2006,Insgesamt,10.06.,2245,e
Statistik der Sterbefälle,Deutschland,Insgesamt,2006,Insgesamt,11.06.,2260,e
Statistik der Sterbefälle,Deutschland,Insgesamt,2006,Insgesamt,12.06.,2385,e
Statistik der Sterbefälle,Deutschland,Insgesamt,2006,Insgesamt,13.06.,2426,e
Statistik der Sterbefälle,Deutschland,Insgesamt,2006,Insgesamt,14.06.,2558,e
Statistik der Sterbefälle,Deutschland,Insgesamt,2006,Insgesamt,15.06.,2365,e
Statistik der Sterbefälle,Deutschland,Insgesamt,2006,Insgesamt,16.06.,2268,e
Statistik der Sterbefälle,Deutschland,Insgesamt,2006,Insgesamt,17.06.,2172,e
Statistik der Sterbefälle,Deutschland,Insgesamt,2006,Insgesamt,18.06.,2073,e
Statistik der Sterbefälle,Deutschland,Insgesamt,2006,Insgesamt,19.06.,2389,e
Statistik der Sterbefälle,Deutschland,Insgesamt,2006,Insgesamt,20.06.,2232,e
Statistik der Sterbefälle,Deutschland,Insgesamt,2006,Insgesamt,21.06.,2221,e
Statistik der Sterbefälle,Deutschland,Insgesamt,2006,Insgesamt,22.06.,2129,e
Statistik der Sterbefälle,Deutschland,Insgesamt,2006,Insgesamt,23.06.,2060,e
Statistik der Sterbefälle,Deutschland,Insgesamt,2006,Insgesamt,24.06.,2069,e
Statistik der Sterbefälle,Deutschland,Insgesamt,2006,Insgesamt,25.06.,2210,e
Statistik der Sterbefälle,Deutschland,Insgesamt,2006,Insgesamt,26.06.,2326,e
Statistik der Sterbefälle,Deutschland,Insgesamt,2006,Insgesamt,27.06.,2141,e
Statistik der Sterbefälle,Deutschland,Insgesamt,2006,Insgesamt,28.06.,2086,e
Statistik der Sterbefälle,Deutschland,Insgesamt,2006,Insgesamt,29.06.,2017,e
Statistik der Sterbefälle,Deutschland,Insgesamt,2006,Insgesamt,30.06.,2010,e
Statistik der Sterbefälle,Deutschland,Insgesamt,2006,Insgesamt,01.07.,2094,e
Statistik der Sterbefälle,Deutschland,Insgesamt,2006,Insgesamt,02.07.,2080,e
Statistik der Sterbefälle,Deutschland,Insgesamt,2006,Insgesamt,03.07.,2141,e
Statistik der Sterbefälle,Deutschland,Insgesamt,2006,Insgesamt,04.07.,2392,e
Statistik der Sterbefälle,Deutschland,Insgesamt,2006,Insgesamt,05.07.,2429,e
Statistik der Sterbefälle,Deutschland,Insgesamt,2006,Insgesamt,06.07.,2499,e
Statistik der Sterbefälle,Deutschland,Insgesamt,2006,Insgesamt,07.07.,2316,e
Statistik der Sterbefälle,Deutschland,Insgesamt,2006,Insgesamt,08.07.,2091,e
Statistik der Sterbefälle,Deutschland,Insgesamt,2006,Insgesamt,09.07.,2116,e
Statistik der Sterbefälle,Deutschland,Insgesamt,2006,Insgesamt,10.07.,2084,e
Statistik der Sterbefälle,Deutschland,Insgesamt,2006,Insgesamt,11.07.,2292,e
Statistik der Sterbefälle,Deutschland,Insgesamt,2006,Insgesamt,12.07.,2202,e
Statistik der Sterbefälle,Deutschland,Insgesamt,2006,Insgesamt,13.07.,2263,e
Statistik der Sterbefälle,Deutschland,Insgesamt,2006,Insgesamt,14.07.,2187,e
Statistik der Sterbefälle,Deutschland,Insgesamt,2006,Insgesamt,15.07.,1991,e
Statistik der Sterbefälle,Deutschland,Insgesamt,2006,Insgesamt,16.07.,2082,e
Statistik der Sterbefälle,Deutschland,Insgesamt,2006,Insgesamt,17.07.,2173,e
Statistik der Sterbefälle,Deutschland,Insgesamt,2006,Insgesamt,18.07.,2217,e
Statistik der Sterbefälle,Deutschland,Insgesamt,2006,Insgesamt,19.07.,2333,e
Statistik der Sterbefälle,Deutschland,Insgesamt,2006,Insgesamt,20.07.,2613,e
Statistik der Sterbefälle,Deutschland,Insgesamt,2006,Insgesamt,21.07.,2742,e
Statistik der Sterbefälle,Deutschland,Insgesamt,2006,Insgesamt,22.07.,2643,e
Statistik der Sterbefälle,Deutschland,Insgesamt,2006,Insgesamt,23.07.,2512,e
Statistik der Sterbefälle,Deutschland,Insgesamt,2006,Insgesamt,24.07.,2609,e
Statistik der Sterbefälle,Deutschland,Insgesamt,2006,Insgesamt,25.07.,2522,e
Statistik der Sterbefälle,Deutschland,Insgesamt,2006,Insgesamt,26.07.,2745,e
Statistik der Sterbefälle,Deutschland,Insgesamt,2006,Insgesamt,27.07.,2741,e
Statistik der Sterbefälle,Deutschland,Insgesamt,2006,Insgesamt,28.07.,2707,e
Statistik der Sterbefälle,Deutschland,Insgesamt,2006,Insgesamt,29.07.,2430,e
Statistik der Sterbefälle,Deutschland,Insgesamt,2006,Insgesamt,30.07.,2298,e
Statistik der Sterbefälle,Deutschland,Insgesamt,2006,Insgesamt,31.07.,2320,e
Statistik der Sterbefälle,Deutschland,Insgesamt,2006,Insgesamt,01.08.,2199,e
Statistik der Sterbefälle,Deutschland,Insgesamt,2006,Insgesamt,02.08.,2059,e
Statistik der Sterbefälle,Deutschland,Insgesamt,2006,Insgesamt,03.08.,2140,e
Statistik der Sterbefälle,Deutschland,Insgesamt,2006,Insgesamt,04.08.,2091,e
Statistik der Sterbefälle,Deutschland,Insgesamt,2006,Insgesamt,05.08.,2059,e
Statistik der Sterbefälle,Deutschland,Insgesamt,2006,Insgesamt,06.08.,2028,e
Statistik der Sterbefälle,Deutschland,Insgesamt,2006,Insgesamt,07.08.,2164,e
Statistik der Sterbefälle,Deutschland,Insgesamt,2006,Insgesamt,08.08.,2035,e
Statistik der Sterbefälle,Deutschland,Insgesamt,2006,Insgesamt,09.08.,2081,e
Statistik der Sterbefälle,Deutschland,Insgesamt,2006,Insgesamt,10.08.,2045,e
Statistik der Sterbefälle,Deutschland,Insgesamt,2006,Insgesamt,11.08.,2041,e
Statistik der Sterbefälle,Deutschland,Insgesamt,2006,Insgesamt,12.08.,2068,e
Statistik der Sterbefälle,Deutschland,Insgesamt,2006,Insgesamt,13.08.,2034,e
Statistik der Sterbefälle,Deutschland,Insgesamt,2006,Insgesamt,14.08.,2068,e
Statistik der Sterbefälle,Deutschland,Insgesamt,2006,Insgesamt,15.08.,2158,e
Statistik der Sterbefälle,Deutschland,Insgesamt,2006,Insgesamt,16.08.,2155,e
Statistik der Sterbefälle,Deutschland,Insgesamt,2006,Insgesamt,17.08.,2136,e
Statistik der Sterbefälle,Deutschland,Insgesamt,2006,Insgesamt,18.08.,2224,e
Statistik der Sterbefälle,Deutschland,Insgesamt,2006,Insgesamt,19.08.,2144,e
Statistik der Sterbefälle,Deutschland,Insgesamt,2006,Insgesamt,20.08.,2055,e
Statistik der Sterbefälle,Deutschland,Insgesamt,2006,Insgesamt,21.08.,2137,e
Statistik der Sterbefälle,Deutschland,Insgesamt,2006,Insgesamt,22.08.,2183,e
Statistik der Sterbefälle,Deutschland,Insgesamt,2006,Insgesamt,23.08.,2122,e
Statistik der Sterbefälle,Deutschland,Insgesamt,2006,Insgesamt,24.08.,2071,e
Statistik der Sterbefälle,Deutschland,Insgesamt,2006,Insgesamt,25.08.,2115,e
Statistik der Sterbefälle,Deutschland,Insgesamt,2006,Insgesamt,26.08.,2004,e
Statistik der Sterbefälle,Deutschland,Insgesamt,2006,Insgesamt,27.08.,2004,e
Statistik der Sterbefälle,Deutschland,Insgesamt,2006,Insgesamt,28.08.,1999,e
Statistik der Sterbefälle,Deutschland,Insgesamt,2006,Insgesamt,29.08.,2038,e
Statistik der Sterbefälle,Deutschland,Insgesamt,2006,Insgesamt,30.08.,2039,e
Statistik der Sterbefälle,Deutschland,Insgesamt,2006,Insgesamt,31.08.,2081,e
Statistik der Sterbefälle,Deutschland,Insgesamt,2006,Insgesamt,01.09.,2216,e
Statistik der Sterbefälle,Deutschland,Insgesamt,2006,Insgesamt,02.09.,2146,e
Statistik der Sterbefälle,Deutschland,Insgesamt,2006,Insgesamt,03.09.,2171,e
Statistik der Sterbefälle,Deutschland,Insgesamt,2006,Insgesamt,04.09.,2252,e
Statistik der Sterbefälle,Deutschland,Insgesamt,2006,Insgesamt,05.09.,2158,e
Statistik der Sterbefälle,Deutschland,Insgesamt,2006,Insgesamt,06.09.,2153,e
Statistik der Sterbefälle,Deutschland,Insgesamt,2006,Insgesamt,07.09.,2168,e
Statistik der Sterbefälle,Deutschland,Insgesamt,2006,Insgesamt,08.09.,2053,e
Statistik der Sterbefälle,Deutschland,Insgesamt,2006,Insgesamt,09.09.,2051,e
Statistik der Sterbefälle,Deutschland,Insgesamt,2006,Insgesamt,10.09.,2054,e
Statistik der Sterbefälle,Deutschland,Insgesamt,2006,Insgesamt,11.09.,2266,e
Statistik der Sterbefälle,Deutschland,Insgesamt,2006,Insgesamt,12.09.,2208,e
Statistik der Sterbefälle,Deutschland,Insgesamt,2006,Insgesamt,13.09.,2238,e
Statistik der Sterbefälle,Deutschland,Insgesamt,2006,Insgesamt,14.09.,2148,e
Statistik der Sterbefälle,Deutschland,Insgesamt,2006,Insgesamt,15.09.,2246,e
Statistik der Sterbefälle,Deutschland,Insgesamt,2006,Insgesamt,16.09.,2296,e
Statistik der Sterbefälle,Deutschland,Insgesamt,2006,Insgesamt,17.09.,2224,e
Statistik der Sterbefälle,Deutschland,Insgesamt,2006,Insgesamt,18.09.,2239,e
Statistik der Sterbefälle,Deutschland,Insgesamt,2006,Insgesamt,19.09.,2200,e
Statistik der Sterbefälle,Deutschland,Insgesamt,2006,Insgesamt,20.09.,2087,e
Statistik der Sterbefälle,Deutschland,Insgesamt,2006,Insgesamt,21.09.,2127,e
Statistik der Sterbefälle,Deutschland,Insgesamt,2006,Insgesamt,22.09.,2117,e
Statistik der Sterbefälle,Deutschland,Insgesamt,2006,Insgesamt,23.09.,2130,e
Statistik der Sterbefälle,Deutschland,Insgesamt,2006,Insgesamt,24.09.,2083,e
Statistik der Sterbefälle,Deutschland,Insgesamt,2006,Insgesamt,25.09.,2126,e
Statistik der Sterbefälle,Deutschland,Insgesamt,2006,Insgesamt,26.09.,2063,e
Statistik der Sterbefälle,Deutschland,Insgesamt,2006,Insgesamt,27.09.,2074,e
Statistik der Sterbefälle,Deutschland,Insgesamt,2006,Insgesamt,28.09.,2047,e
Statistik der Sterbefälle,Deutschland,Insgesamt,2006,Insgesamt,29.09.,2096,e
Statistik der Sterbefälle,Deutschland,Insgesamt,2006,Insgesamt,30.09.,2065,e
Statistik der Sterbefälle,Deutschland,Insgesamt,2006,Insgesamt,01.10.,2066,e
Statistik der Sterbefälle,Deutschland,Insgesamt,2006,Insgesamt,02.10.,2086,e
Statistik der Sterbefälle,Deutschland,Insgesamt,2006,Insgesamt,03.10.,1982,e
Statistik der Sterbefälle,Deutschland,Insgesamt,2006,Insgesamt,04.10.,1976,e
Statistik der Sterbefälle,Deutschland,Insgesamt,2006,Insgesamt,05.10.,2019,e
Statistik der Sterbefälle,Deutschland,Insgesamt,2006,Insgesamt,06.10.,2056,e
Statistik der Sterbefälle,Deutschland,Insgesamt,2006,Insgesamt,07.10.,2103,e
Statistik der Sterbefälle,Deutschland,Insgesamt,2006,Insgesamt,08.10.,1950,e
Statistik der Sterbefälle,Deutschland,Insgesamt,2006,Insgesamt,09.10.,2062,e
Statistik der Sterbefälle,Deutschland,Insgesamt,2006,Insgesamt,10.10.,2108,e
Statistik der Sterbefälle,Deutschland,Insgesamt,2006,Insgesamt,11.10.,2202,e
Statistik der Sterbefälle,Deutschland,Insgesamt,2006,Insgesamt,12.10.,2144,e
Statistik der Sterbefälle,Deutschland,Insgesamt,2006,Insgesamt,13.10.,2181,e
Statistik der Sterbefälle,Deutschland,Insgesamt,2006,Insgesamt,14.10.,2052,e
Statistik der Sterbefälle,Deutschland,Insgesamt,2006,Insgesamt,15.10.,2002,e
Statistik der Sterbefälle,Deutschland,Insgesamt,2006,Insgesamt,16.10.,2179,e
Statistik der Sterbefälle,Deutschland,Insgesamt,2006,Insgesamt,17.10.,2220,e
Statistik der Sterbefälle,Deutschland,Insgesamt,2006,Insgesamt,18.10.,2186,e
Statistik der Sterbefälle,Deutschland,Insgesamt,2006,Insgesamt,19.10.,2234,e
Statistik der Sterbefälle,Deutschland,Insgesamt,2006,Insgesamt,20.10.,2340,e
Statistik der Sterbefälle,Deutschland,Insgesamt,2006,Insgesamt,21.10.,2210,e
Statistik der Sterbefälle,Deutschland,Insgesamt,2006,Insgesamt,22.10.,2117,e
Statistik der Sterbefälle,Deutschland,Insgesamt,2006,Insgesamt,23.10.,2270,e
Statistik der Sterbefälle,Deutschland,Insgesamt,2006,Insgesamt,24.10.,2199,e
Statistik der Sterbefälle,Deutschland,Insgesamt,2006,Insgesamt,25.10.,2127,e
Statistik der Sterbefälle,Deutschland,Insgesamt,2006,Insgesamt,26.10.,2244,e
Statistik der Sterbefälle,Deutschland,Insgesamt,2006,Insgesamt,27.10.,2180,e
Statistik der Sterbefälle,Deutschland,Insgesamt,2006,Insgesamt,28.10.,2122,e
Statistik der Sterbefälle,Deutschland,Insgesamt,2006,Insgesamt,29.10.,2147,e
Statistik der Sterbefälle,Deutschland,Insgesamt,2006,Insgesamt,30.10.,2056,e
Statistik der Sterbefälle,Deutschland,Insgesamt,2006,Insgesamt,31.10.,2145,e
Statistik der Sterbefälle,Deutschland,Insgesamt,2006,Insgesamt,01.11.,2171,e
Statistik der Sterbefälle,Deutschland,Insgesamt,2006,Insgesamt,02.11.,2179,e
Statistik der Sterbefälle,Deutschland,Insgesamt,2006,Insgesamt,03.11.,2213,e
Statistik der Sterbefälle,Deutschland,Insgesamt,2006,Insgesamt,04.11.,2175,e
Statistik der Sterbefälle,Deutschland,Insgesamt,2006,Insgesamt,05.11.,2189,e
Statistik der Sterbefälle,Deutschland,Insgesamt,2006,Insgesamt,06.11.,2165,e
Statistik der Sterbefälle,Deutschland,Insgesamt,2006,Insgesamt,07.11.,2229,e
Statistik der Sterbefälle,Deutschland,Insgesamt,2006,Insgesamt,08.11.,2266,e
Statistik der Sterbefälle,Deutschland,Insgesamt,2006,Insgesamt,09.11.,2310,e
Statistik der Sterbefälle,Deutschland,Insgesamt,2006,Insgesamt,10.11.,2212,e
Statistik der Sterbefälle,Deutschland,Insgesamt,2006,Insgesamt,11.11.,2310,e
Statistik der Sterbefälle,Deutschland,Insgesamt,2006,Insgesamt,12.11.,2201,e
Statistik der Sterbefälle,Deutschland,Insgesamt,2006,Insgesamt,13.11.,2262,e
Statistik der Sterbefälle,Deutschland,Insgesamt,2006,Insgesamt,14.11.,2286,e
Statistik der Sterbefälle,Deutschland,Insgesamt,2006,Insgesamt,15.11.,2198,e
Statistik der Sterbefälle,Deutschland,Insgesamt,2006,Insgesamt,16.11.,2196,e
Statistik der Sterbefälle,Deutschland,Insgesamt,2006,Insgesamt,17.11.,2278,e
Statistik der Sterbefälle,Deutschland,Insgesamt,2006,Insgesamt,18.11.,2170,e
Statistik der Sterbefälle,Deutschland,Insgesamt,2006,Insgesamt,19.11.,2118,e
Statistik der Sterbefälle,Deutschland,Insgesamt,2006,Insgesamt,20.11.,2257,e
Statistik der Sterbefälle,Deutschland,Insgesamt,2006,Insgesamt,21.11.,2288,e
Statistik der Sterbefälle,Deutschland,Insgesamt,2006,Insgesamt,22.11.,2193,e
Statistik der Sterbefälle,Deutschland,Insgesamt,2006,Insgesamt,23.11.,2242,e
Statistik der Sterbefälle,Deutschland,Insgesamt,2006,Insgesamt,24.11.,2237,e
Statistik der Sterbefälle,Deutschland,Insgesamt,2006,Insgesamt,25.11.,2178,e
Statistik der Sterbefälle,Deutschland,Insgesamt,2006,Insgesamt,26.11.,2074,e
Statistik der Sterbefälle,Deutschland,Insgesamt,2006,Insgesamt,27.11.,2203,e
Statistik der Sterbefälle,Deutschland,Insgesamt,2006,Insgesamt,28.11.,2168,e
Statistik der Sterbefälle,Deutschland,Insgesamt,2006,Insgesamt,29.11.,2157,e
Statistik der Sterbefälle,Deutschland,Insgesamt,2006,Insgesamt,30.11.,2163,e
Statistik der Sterbefälle,Deutschland,Insgesamt,2006,Insgesamt,01.12.,2279,e
Statistik der Sterbefälle,Deutschland,Insgesamt,2006,Insgesamt,02.12.,2239,e
Statistik der Sterbefälle,Deutschland,Insgesamt,2006,Insgesamt,03.12.,2212,e
Statistik der Sterbefälle,Deutschland,Insgesamt,2006,Insgesamt,04.12.,2226,e
Statistik der Sterbefälle,Deutschland,Insgesamt,2006,Insgesamt,05.12.,2301,e
Statistik der Sterbefälle,Deutschland,Insgesamt,2006,Insgesamt,06.12.,2327,e
Statistik der Sterbefälle,Deutschland,Insgesamt,2006,Insgesamt,07.12.,2212,e
Statistik der Sterbefälle,Deutschland,Insgesamt,2006,Insgesamt,08.12.,2349,e
Statistik der Sterbefälle,Deutschland,Insgesamt,2006,Insgesamt,09.12.,2256,e
Statistik der Sterbefälle,Deutschland,Insgesamt,2006,Insgesamt,10.12.,2175,e
Statistik der Sterbefälle,Deutschland,Insgesamt,2006,Insgesamt,11.12.,2170,e
Statistik der Sterbefälle,Deutschland,Insgesamt,2006,Insgesamt,12.12.,2255,e
Statistik der Sterbefälle,Deutschland,Insgesamt,2006,Insgesamt,13.12.,2249,e
Statistik der Sterbefälle,Deutschland,Insgesamt,2006,Insgesamt,14.12.,2254,e
Statistik der Sterbefälle,Deutschland,Insgesamt,2006,Insgesamt,15.12.,2344,e
Statistik der Sterbefälle,Deutschland,Insgesamt,2006,Insgesamt,16.12.,2252,e
Statistik der Sterbefälle,Deutschland,Insgesamt,2006,Insgesamt,17.12.,2176,e
Statistik der Sterbefälle,Deutschland,Insgesamt,2006,Insgesamt,18.12.,2362,e
Statistik der Sterbefälle,Deutschland,Insgesamt,2006,Insgesamt,19.12.,2206,e
Statistik der Sterbefälle,Deutschland,Insgesamt,2006,Insgesamt,20.12.,2232,e
Statistik der Sterbefälle,Deutschland,Insgesamt,2006,Insgesamt,21.12.,2382,e
Statistik der Sterbefälle,Deutschland,Insgesamt,2006,Insgesamt,22.12.,2239,e
Statistik der Sterbefälle,Deutschland,Insgesamt,2006,Insgesamt,23.12.,2222,e
Statistik der Sterbefälle,Deutschland,Insgesamt,2006,Insgesamt,24.12.,2331,e
Statistik der Sterbefälle,Deutschland,Insgesamt,2006,Insgesamt,25.12.,2308,e
Statistik der Sterbefälle,Deutschland,Insgesamt,2006,Insgesamt,26.12.,2230,e
Statistik der Sterbefälle,Deutschland,Insgesamt,2006,Insgesamt,27.12.,2312,e
Statistik der Sterbefälle,Deutschland,Insgesamt,2006,Insgesamt,28.12.,2352,e
Statistik der Sterbefälle,Deutschland,Insgesamt,2006,Insgesamt,29.12.,2412,e
Statistik der Sterbefälle,Deutschland,Insgesamt,2006,Insgesamt,30.12.,2289,e
Statistik der Sterbefälle,Deutschland,Insgesamt,2006,Insgesamt,31.12.,2260,e
Statistik der Sterbefälle,Deutschland,Insgesamt,2007,Insgesamt,Insgesamt,827155,e
Statistik der Sterbefälle,Deutschland,Insgesamt,2007,Insgesamt,01.01.,2480,e
Statistik der Sterbefälle,Deutschland,Insgesamt,2007,Insgesamt,02.01.,2506,e
Statistik der Sterbefälle,Deutschland,Insgesamt,2007,Insgesamt,03.01.,2435,e
Statistik der Sterbefälle,Deutschland,Insgesamt,2007,Insgesamt,04.01.,2412,e
Statistik der Sterbefälle,Deutschland,Insgesamt,2007,Insgesamt,05.01.,2477,e
Statistik der Sterbefälle,Deutschland,Insgesamt,2007,Insgesamt,06.01.,2395,e
Statistik der Sterbefälle,Deutschland,Insgesamt,2007,Insgesamt,07.01.,2240,e
Statistik der Sterbefälle,Deutschland,Insgesamt,2007,Insgesamt,08.01.,2430,e
Statistik der Sterbefälle,Deutschland,Insgesamt,2007,Insgesamt,09.01.,2386,e
Statistik der Sterbefälle,Deutschland,Insgesamt,2007,Insgesamt,10.01.,2459,e
Statistik der Sterbefälle,Deutschland,Insgesamt,2007,Insgesamt,11.01.,2357,e
Statistik der Sterbefälle,Deutschland,Insgesamt,2007,Insgesamt,12.01.,2345,e
Statistik der Sterbefälle,Deutschland,Insgesamt,2007,Insgesamt,13.01.,2185,e
Statistik der Sterbefälle,Deutschland,Insgesamt,2007,Insgesamt,14.01.,2261,e
Statistik der Sterbefälle,Deutschland,Insgesamt,2007,Insgesamt,15.01.,2283,e
Statistik der Sterbefälle,Deutschland,Insgesamt,2007,Insgesamt,16.01.,2337,e
Statistik der Sterbefälle,Deutschland,Insgesamt,2007,Insgesamt,17.01.,2423,e
Statistik der Sterbefälle,Deutschland,Insgesamt,2007,Insgesamt,18.01.,2442,e
Statistik der Sterbefälle,Deutschland,Insgesamt,2007,Insgesamt,19.01.,2394,e
Statistik der Sterbefälle,Deutschland,Insgesamt,2007,Insgesamt,20.01.,2277,e
Statistik der Sterbefälle,Deutschland,Insgesamt,2007,Insgesamt,21.01.,2136,e
Statistik der Sterbefälle,Deutschland,Insgesamt,2007,Insgesamt,22.01.,2321,e
Statistik der Sterbefälle,Deutschland,Insgesamt,2007,Insgesamt,23.01.,2236,e
Statistik der Sterbefälle,Deutschland,Insgesamt,2007,Insgesamt,24.01.,2349,e
Statistik der Sterbefälle,Deutschland,Insgesamt,2007,Insgesamt,25.01.,2316,e
Statistik der Sterbefälle,Deutschland,Insgesamt,2007,Insgesamt,26.01.,2310,e
Statistik der Sterbefälle,Deutschland,Insgesamt,2007,Insgesamt,27.01.,2351,e
Statistik der Sterbefälle,Deutschland,Insgesamt,2007,Insgesamt,28.01.,2178,e
Statistik der Sterbefälle,Deutschland,Insgesamt,2007,Insgesamt,29.01.,2415,e
Statistik der Sterbefälle,Deutschland,Insgesamt,2007,Insgesamt,30.01.,2250,e
Statistik der Sterbefälle,Deutschland,Insgesamt,2007,Insgesamt,31.01.,2279,e
Statistik der Sterbefälle,Deutschland,Insgesamt,2007,Insgesamt,01.02.,2321,e
Statistik der Sterbefälle,Deutschland,Insgesamt,2007,Insgesamt,02.02.,2399,e
Statistik der Sterbefälle,Deutschland,Insgesamt,2007,Insgesamt,03.02.,2222,e
Statistik der Sterbefälle,Deutschland,Insgesamt,2007,Insgesamt,04.02.,2232,e
Statistik der Sterbefälle,Deutschland,Insgesamt,2007,Insgesamt,05.02.,2335,e
Statistik der Sterbefälle,Deutschland,Insgesamt,2007,Insgesamt,06.02.,2417,e
Statistik der Sterbefälle,Deutschland,Insgesamt,2007,Insgesamt,07.02.,2395,e
Statistik der Sterbefälle,Deutschland,Insgesamt,2007,Insgesamt,08.02.,2394,e
Statistik der Sterbefälle,Deutschland,Insgesamt,2007,Insgesamt,09.02.,2356,e
Statistik der Sterbefälle,Deutschland,Insgesamt,2007,Insgesamt,10.02.,2352,e
Statistik der Sterbefälle,Deutschland,Insgesamt,2007,Insgesamt,11.02.,2420,e
Statistik der Sterbefälle,Deutschland,Insgesamt,2007,Insgesamt,12.02.,2498,e
Statistik der Sterbefälle,Deutschland,Insgesamt,2007,Insgesamt,13.02.,2392,e
Statistik der Sterbefälle,Deutschland,Insgesamt,2007,Insgesamt,14.02.,2408,e
Statistik der Sterbefälle,Deutschland,Insgesamt,2007,Insgesamt,15.02.,2401,e
Statistik der Sterbefälle,Deutschland,Insgesamt,2007,Insgesamt,16.02.,2415,e
Statistik der Sterbefälle,Deutschland,Insgesamt,2007,Insgesamt,17.02.,2309,e
Statistik der Sterbefälle,Deutschland,Insgesamt,2007,Insgesamt,18.02.,2291,e
Statistik der Sterbefälle,Deutschland,Insgesamt,2007,Insgesamt,19.02.,2474,e
Statistik der Sterbefälle,Deutschland,Insgesamt,2007,Insgesamt,20.02.,2477,e
Statistik der Sterbefälle,Deutschland,Insgesamt,2007,Insgesamt,21.02.,2520,e
Statistik der Sterbefälle,Deutschland,Insgesamt,2007,Insgesamt,22.02.,2527,e
Statistik der Sterbefälle,Deutschland,Insgesamt,2007,Insgesamt,23.02.,2536,e
Statistik der Sterbefälle,Deutschland,Insgesamt,2007,Insgesamt,24.02.,2414,e
Statistik der Sterbefälle,Deutschland,Insgesamt,2007,Insgesamt,25.02.,2401,e
Statistik der Sterbefälle,Deutschland,Insgesamt,2007,Insgesamt,26.02.,2462,e
Statistik der Sterbefälle,Deutschland,Insgesamt,2007,Insgesamt,27.02.,2441,e
Statistik der Sterbefälle,Deutschland,Insgesamt,2007,Insgesamt,28.02.,2501,e
Statistik der Sterbefälle,Deutschland,Insgesamt,2007,Insgesamt,29.02.,X,e
Statistik der Sterbefälle,Deutschland,Insgesamt,2007,Insgesamt,01.03.,2625,e
Statistik der Sterbefälle,Deutschland,Insgesamt,2007,Insgesamt,02.03.,2587,e
Statistik der Sterbefälle,Deutschland,Insgesamt,2007,Insgesamt,03.03.,2449,e
Statistik der Sterbefälle,Deutschland,Insgesamt,2007,Insgesamt,04.03.,2448,e
Statistik der Sterbefälle,Deutschland,Insgesamt,2007,Insgesamt,05.03.,2553,e
Statistik der Sterbefälle,Deutschland,Insgesamt,2007,Insgesamt,06.03.,2662,e
Statistik der Sterbefälle,Deutschland,Insgesamt,2007,Insgesamt,07.03.,2531,e
Statistik der Sterbefälle,Deutschland,Insgesamt,2007,Insgesamt,08.03.,2473,e
Statistik der Sterbefälle,Deutschland,Insgesamt,2007,Insgesamt,09.03.,2496,e
Statistik der Sterbefälle,Deutschland,Insgesamt,2007,Insgesamt,10.03.,2399,e
Statistik der Sterbefälle,Deutschland,Insgesamt,2007,Insgesamt,11.03.,2296,e
Statistik der Sterbefälle,Deutschland,Insgesamt,2007,Insgesamt,12.03.,2468,e
Statistik der Sterbefälle,Deutschland,Insgesamt,2007,Insgesamt,13.03.,2445,e
Statistik der Sterbefälle,Deutschland,Insgesamt,2007,Insgesamt,14.03.,2440,e
Statistik der Sterbefälle,Deutschland,Insgesamt,2007,Insgesamt,15.03.,2431,e
Statistik der Sterbefälle,Deutschland,Insgesamt,2007,Insgesamt,16.03.,2459,e
Statistik der Sterbefälle,Deutschland,Insgesamt,2007,Insgesamt,17.03.,2444,e
Statistik der Sterbefälle,Deutschland,Insgesamt,2007,Insgesamt,18.03.,2398,e
Statistik der Sterbefälle,Deutschland,Insgesamt,2007,Insgesamt,19.03.,2498,e
Statistik der Sterbefälle,Deutschland,Insgesamt,2007,Insgesamt,20.03.,2583,e
Statistik der Sterbefälle,Deutschland,Insgesamt,2007,Insgesamt,21.03.,2403,e
Statistik der Sterbefälle,Deutschland,Insgesamt,2007,Insgesamt,22.03.,2492,e
Statistik der Sterbefälle,Deutschland,Insgesamt,2007,Insgesamt,23.03.,2479,e
Statistik der Sterbefälle,Deutschland,Insgesamt,2007,Insgesamt,24.03.,2319,e
Statistik der Sterbefälle,Deutschland,Insgesamt,2007,Insgesamt,25.03.,2220,e
Statistik der Sterbefälle,Deutschland,Insgesamt,2007,Insgesamt,26.03.,2456,e
Statistik der Sterbefälle,Deutschland,Insgesamt,2007,Insgesamt,27.03.,2469,e
Statistik der Sterbefälle,Deutschland,Insgesamt,2007,Insgesamt,28.03.,2424,e
Statistik der Sterbefälle,Deutschland,Insgesamt,2007,Insgesamt,29.03.,2430,e
Statistik der Sterbefälle,Deutschland,Insgesamt,2007,Insgesamt,30.03.,2511,e
Statistik der Sterbefälle,Deutschland,Insgesamt,2007,Insgesamt,31.03.,2333,e
Statistik der Sterbefälle,Deutschland,Insgesamt,2007,Insgesamt,01.04.,2371,e
Statistik der Sterbefälle,Deutschland,Insgesamt,2007,Insgesamt,02.04.,2504,e
Statistik der Sterbefälle,Deutschland,Insgesamt,2007,Insgesamt,03.04.,2473,e
Statistik der Sterbefälle,Deutschland,Insgesamt,2007,Insgesamt,04.04.,2436,e
Statistik der Sterbefälle,Deutschland,Insgesamt,2007,Insgesamt,05.04.,2379,e
Statistik der Sterbefälle,Deutschland,Insgesamt,2007,Insgesamt,06.04.,2343,e
Statistik der Sterbefälle,Deutschland,Insgesamt,2007,Insgesamt,07.04.,2245,e
Statistik der Sterbefälle,Deutschland,Insgesamt,2007,Insgesamt,08.04.,2301,e
Statistik der Sterbefälle,Deutschland,Insgesamt,2007,Insgesamt,09.04.,2360,e
Statistik der Sterbefälle,Deutschland,Insgesamt,2007,Insgesamt,10.04.,2434,e
Statistik der Sterbefälle,Deutschland,Insgesamt,2007,Insgesamt,11.04.,2365,e
Statistik der Sterbefälle,Deutschland,Insgesamt,2007,Insgesamt,12.04.,2355,e
Statistik der Sterbefälle,Deutschland,Insgesamt,2007,Insgesamt,13.04.,2362,e
Statistik der Sterbefälle,Deutschland,Insgesamt,2007,Insgesamt,14.04.,2436,e
Statistik der Sterbefälle,Deutschland,Insgesamt,2007,Insgesamt,15.04.,2287,e
Statistik der Sterbefälle,Deutschland,Insgesamt,2007,Insgesamt,16.04.,2456,e
Statistik der Sterbefälle,Deutschland,Insgesamt,2007,Insgesamt,17.04.,2405,e
Statistik der Sterbefälle,Deutschland,Insgesamt,2007,Insgesamt,18.04.,2294,e
Statistik der Sterbefälle,Deutschland,Insgesamt,2007,Insgesamt,19.04.,2218,e
Statistik der Sterbefälle,Deutschland,Insgesamt,2007,Insgesamt,20.04.,2173,e
Statistik der Sterbefälle,Deutschland,Insgesamt,2007,Insgesamt,21.04.,2239,e
Statistik der Sterbefälle,Deutschland,Insgesamt,2007,Insgesamt,22.04.,2129,e
Statistik der Sterbefälle,Deutschland,Insgesamt,2007,Insgesamt,23.04.,2321,e
Statistik der Sterbefälle,Deutschland,Insgesamt,2007,Insgesamt,24.04.,2341,e
Statistik der Sterbefälle,Deutschland,Insgesamt,2007,Insgesamt,25.04.,2331,e
Statistik der Sterbefälle,Deutschland,Insgesamt,2007,Insgesamt,26.04.,2333,e
Statistik der Sterbefälle,Deutschland,Insgesamt,2007,Insgesamt,27.04.,2392,e
Statistik der Sterbefälle,Deutschland,Insgesamt,2007,Insgesamt,28.04.,2301,e
Statistik der Sterbefälle,Deutschland,Insgesamt,2007,Insgesamt,29.04.,2148,e
Statistik der Sterbefälle,Deutschland,Insgesamt,2007,Insgesamt,30.04.,2212,e
Statistik der Sterbefälle,Deutschland,Insgesamt,2007,Insgesamt,01.05.,2199,e
Statistik der Sterbefälle,Deutschland,Insgesamt,2007,Insgesamt,02.05.,2204,e
Statistik der Sterbefälle,Deutschland,Insgesamt,2007,Insgesamt,03.05.,2257,e
Statistik der Sterbefälle,Deutschland,Insgesamt,2007,Insgesamt,04.05.,2303,e
Statistik der Sterbefälle,Deutschland,Insgesamt,2007,Insgesamt,05.05.,2079,e
Statistik der Sterbefälle,Deutschland,Insgesamt,2007,Insgesamt,06.05.,2079,e
Statistik der Sterbefälle,Deutschland,Insgesamt,2007,Insgesamt,07.05.,2282,e
Statistik der Sterbefälle,Deutschland,Insgesamt,2007,Insgesamt,08.05.,2197,e
Statistik der Sterbefälle,Deutschland,Insgesamt,2007,Insgesamt,09.05.,2161,e
Statistik der Sterbefälle,Deutschland,Insgesamt,2007,Insgesamt,10.05.,2146,e
Statistik der Sterbefälle,Deutschland,Insgesamt,2007,Insgesamt,11.05.,2227,e
Statistik der Sterbefälle,Deutschland,Insgesamt,2007,Insgesamt,12.05.,2123,e
Statistik der Sterbefälle,Deutschland,Insgesamt,2007,Insgesamt,13.05.,2098,e
Statistik der Sterbefälle,Deutschland,Insgesamt,2007,Insgesamt,14.05.,2226,e
Statistik der Sterbefälle,Deutschland,Insgesamt,2007,Insgesamt,15.05.,2163,e
Statistik der Sterbefälle,Deutschland,Insgesamt,2007,Insgesamt,16.05.,2096,e
Statistik der Sterbefälle,Deutschland,Insgesamt,2007,Insgesamt,17.05.,2094,e
Statistik der Sterbefälle,Deutschland,Insgesamt,2007,Insgesamt,18.05.,2198,e
Statistik der Sterbefälle,Deutschland,Insgesamt,2007,Insgesamt,19.05.,2169,e
Statistik der Sterbefälle,Deutschland,Insgesamt,2007,Insgesamt,20.05.,2225,e
Statistik der Sterbefälle,Deutschland,Insgesamt,2007,Insgesamt,21.05.,2393,e
Statistik der Sterbefälle,Deutschland,Insgesamt,2007,Insgesamt,22.05.,2348,e
Statistik der Sterbefälle,Deutschland,Insgesamt,2007,Insgesamt,23.05.,2247,e
Statistik der Sterbefälle,Deutschland,Insgesamt,2007,Insgesamt,24.05.,2229,e
Statistik der Sterbefälle,Deutschland,Insgesamt,2007,Insgesamt,25.05.,2304,e
Statistik der Sterbefälle,Deutschland,Insgesamt,2007,Insgesamt,26.05.,2238,e
Statistik der Sterbefälle,Deutschland,Insgesamt,2007,Insgesamt,27.05.,2133,e
Statistik der Sterbefälle,Deutschland,Insgesamt,2007,Insgesamt,28.05.,1955,e
Statistik der Sterbefälle,Deutschland,Insgesamt,2007,Insgesamt,29.05.,2014,e
Statistik der Sterbefälle,Deutschland,Insgesamt,2007,Insgesamt,30.05.,2032,e
Statistik der Sterbefälle,Deutschland,Insgesamt,2007,Insgesamt,31.05.,2081,e
Statistik der Sterbefälle,Deutschland,Insgesamt,2007,Insgesamt,01.06.,2110,e
Statistik der Sterbefälle,Deutschland,Insgesamt,2007,Insgesamt,02.06.,2097,e
Statistik der Sterbefälle,Deutschland,Insgesamt,2007,Insgesamt,03.06.,2086,e
Statistik der Sterbefälle,Deutschland,Insgesamt,2007,Insgesamt,04.06.,2191,e
Statistik der Sterbefälle,Deutschland,Insgesamt,2007,Insgesamt,05.06.,2137,e
Statistik der Sterbefälle,Deutschland,Insgesamt,2007,Insgesamt,06.06.,2232,e
Statistik der Sterbefälle,Deutschland,Insgesamt,2007,Insgesamt,07.06.,2189,e
Statistik der Sterbefälle,Deutschland,Insgesamt,2007,Insgesamt,08.06.,2283,e
Statistik der Sterbefälle,Deutschland,Insgesamt,2007,Insgesamt,09.06.,2297,e
Statistik der Sterbefälle,Deutschland,Insgesamt,2007,Insgesamt,10.06.,2140,e
Statistik der Sterbefälle,Deutschland,Insgesamt,2007,Insgesamt,11.06.,2278,e
Statistik der Sterbefälle,Deutschland,Insgesamt,2007,Insgesamt,12.06.,2215,e
Statistik der Sterbefälle,Deutschland,Insgesamt,2007,Insgesamt,13.06.,2052,e
Statistik der Sterbefälle,Deutschland,Insgesamt,2007,Insgesamt,14.06.,2165,e
Statistik der Sterbefälle,Deutschland,Insgesamt,2007,Insgesamt,15.06.,2205,e
Statistik der Sterbefälle,Deutschland,Insgesamt,2007,Insgesamt,16.06.,2155,e
Statistik der Sterbefälle,Deutschland,Insgesamt,2007,Insgesamt,17.06.,1966,e
Statistik der Sterbefälle,Deutschland,Insgesamt,2007,Insgesamt,18.06.,2157,e
Statistik der Sterbefälle,Deutschland,Insgesamt,2007,Insgesamt,19.06.,2198,e
Statistik der Sterbefälle,Deutschland,Insgesamt,2007,Insgesamt,20.06.,2191,e
Statistik der Sterbefälle,Deutschland,Insgesamt,2007,Insgesamt,21.06.,2185,e
Statistik der Sterbefälle,Deutschland,Insgesamt,2007,Insgesamt,22.06.,2141,e
Statistik der Sterbefälle,Deutschland,Insgesamt,2007,Insgesamt,23.06.,1992,e
Statistik der Sterbefälle,Deutschland,Insgesamt,2007,Insgesamt,24.06.,2013,e
Statistik der Sterbefälle,Deutschland,Insgesamt,2007,Insgesamt,25.06.,2127,e
Statistik der Sterbefälle,Deutschland,Insgesamt,2007,Insgesamt,26.06.,2036,e
Statistik der Sterbefälle,Deutschland,Insgesamt,2007,Insgesamt,27.06.,1946,e
Statistik der Sterbefälle,Deutschland,Insgesamt,2007,Insgesamt,28.06.,2086,e
Statistik der Sterbefälle,Deutschland,Insgesamt,2007,Insgesamt,29.06.,2093,e
Statistik der Sterbefälle,Deutschland,Insgesamt,2007,Insgesamt,30.06.,2070,e
Statistik der Sterbefälle,Deutschland,Insgesamt,2007,Insgesamt,01.07.,2121,e
Statistik der Sterbefälle,Deutschland,Insgesamt,2007,Insgesamt,02.07.,2181,e
Statistik der Sterbefälle,Deutschland,Insgesamt,2007,Insgesamt,03.07.,2122,e
Statistik der Sterbefälle,Deutschland,Insgesamt,2007,Insgesamt,04.07.,2065,e
Statistik der Sterbefälle,Deutschland,Insgesamt,2007,Insgesamt,05.07.,2051,e
Statistik der Sterbefälle,Deutschland,Insgesamt,2007,Insgesamt,06.07.,2131,e
Statistik der Sterbefälle,Deutschland,Insgesamt,2007,Insgesamt,07.07.,2073,e
Statistik der Sterbefälle,Deutschland,Insgesamt,2007,Insgesamt,08.07.,2095,e
Statistik der Sterbefälle,Deutschland,Insgesamt,2007,Insgesamt,09.07.,2096,e
Statistik der Sterbefälle,Deutschland,Insgesamt,2007,Insgesamt,10.07.,2064,e
Statistik der Sterbefälle,Deutschland,Insgesamt,2007,Insgesamt,11.07.,2108,e
Statistik der Sterbefälle,Deutschland,Insgesamt,2007,Insgesamt,12.07.,2082,e
Statistik der Sterbefälle,Deutschland,Insgesamt,2007,Insgesamt,13.07.,2198,e
Statistik der Sterbefälle,Deutschland,Insgesamt,2007,Insgesamt,14.07.,2240,e
Statistik der Sterbefälle,Deutschland,Insgesamt,2007,Insgesamt,15.07.,2325,e
Statistik der Sterbefälle,Deutschland,Insgesamt,2007,Insgesamt,16.07.,2520,e
Statistik der Sterbefälle,Deutschland,Insgesamt,2007,Insgesamt,17.07.,2561,e
Statistik der Sterbefälle,Deutschland,Insgesamt,2007,Insgesamt,18.07.,2271,e
Statistik der Sterbefälle,Deutschland,Insgesamt,2007,Insgesamt,19.07.,2340,e
Statistik der Sterbefälle,Deutschland,Insgesamt,2007,Insgesamt,20.07.,2230,e
Statistik der Sterbefälle,Deutschland,Insgesamt,2007,Insgesamt,21.07.,2210,e
Statistik der Sterbefälle,Deutschland,Insgesamt,2007,Insgesamt,22.07.,2056,e
Statistik der Sterbefälle,Deutschland,Insgesamt,2007,Insgesamt,23.07.,2061,e
Statistik der Sterbefälle,Deutschland,Insgesamt,2007,Insgesamt,24.07.,2092,e
Statistik der Sterbefälle,Deutschland,Insgesamt,2007,Insgesamt,25.07.,2049,e
Statistik der Sterbefälle,Deutschland,Insgesamt,2007,Insgesamt,26.07.,2110,e
Statistik der Sterbefälle,Deutschland,Insgesamt,2007,Insgesamt,27.07.,2138,e
Statistik der Sterbefälle,Deutschland,Insgesamt,2007,Insgesamt,28.07.,2095,e
Statistik der Sterbefälle,Deutschland,Insgesamt,2007,Insgesamt,29.07.,2007,e
Statistik der Sterbefälle,Deutschland,Insgesamt,2007,Insgesamt,30.07.,2037,e
Statistik der Sterbefälle,Deutschland,Insgesamt,2007,Insgesamt,31.07.,1954,e
Statistik der Sterbefälle,Deutschland,Insgesamt,2007,Insgesamt,01.08.,2028,e
Statistik der Sterbefälle,Deutschland,Insgesamt,2007,Insgesamt,02.08.,2070,e
Statistik der Sterbefälle,Deutschland,Insgesamt,2007,Insgesamt,03.08.,2095,e
Statistik der Sterbefälle,Deutschland,Insgesamt,2007,Insgesamt,04.08.,2070,e
Statistik der Sterbefälle,Deutschland,Insgesamt,2007,Insgesamt,05.08.,2079,e
Statistik der Sterbefälle,Deutschland,Insgesamt,2007,Insgesamt,06.08.,2303,e
Statistik der Sterbefälle,Deutschland,Insgesamt,2007,Insgesamt,07.08.,2322,e
Statistik der Sterbefälle,Deutschland,Insgesamt,2007,Insgesamt,08.08.,2132,e
Statistik der Sterbefälle,Deutschland,Insgesamt,2007,Insgesamt,09.08.,2107,e
Statistik der Sterbefälle,Deutschland,Insgesamt,2007,Insgesamt,10.08.,2089,e
Statistik der Sterbefälle,Deutschland,Insgesamt,2007,Insgesamt,11.08.,2089,e
Statistik der Sterbefälle,Deutschland,Insgesamt,2007,Insgesamt,12.08.,1980,e
Statistik der Sterbefälle,Deutschland,Insgesamt,2007,Insgesamt,13.08.,2112,e
Statistik der Sterbefälle,Deutschland,Insgesamt,2007,Insgesamt,14.08.,2124,e
Statistik der Sterbefälle,Deutschland,Insgesamt,2007,Insgesamt,15.08.,2271,e
Statistik der Sterbefälle,Deutschland,Insgesamt,2007,Insgesamt,16.08.,2216,e
Statistik der Sterbefälle,Deutschland,Insgesamt,2007,Insgesamt,17.08.,1938,e
Statistik der Sterbefälle,Deutschland,Insgesamt,2007,Insgesamt,18.08.,1999,e
Statistik der Sterbefälle,Deutschland,Insgesamt,2007,Insgesamt,19.08.,1971,e
Statistik der Sterbefälle,Deutschland,Insgesamt,2007,Insgesamt,20.08.,2123,e
Statistik der Sterbefälle,Deutschland,Insgesamt,2007,Insgesamt,21.08.,2090,e
Statistik der Sterbefälle,Deutschland,Insgesamt,2007,Insgesamt,22.08.,2050,e
Statistik der Sterbefälle,Deutschland,Insgesamt,2007,Insgesamt,23.08.,2012,e
Statistik der Sterbefälle,Deutschland,Insgesamt,2007,Insgesamt,24.08.,2093,e
Statistik der Sterbefälle,Deutschland,Insgesamt,2007,Insgesamt,25.08.,2092,e
Statistik der Sterbefälle,Deutschland,Insgesamt,2007,Insgesamt,26.08.,2056,e
Statistik der Sterbefälle,Deutschland,Insgesamt,2007,Insgesamt,27.08.,1979,e
Statistik der Sterbefälle,Deutschland,Insgesamt,2007,Insgesamt,28.08.,2011,e
Statistik der Sterbefälle,Deutschland,Insgesamt,2007,Insgesamt,29.08.,1923,e
Statistik der Sterbefälle,Deutschland,Insgesamt,2007,Insgesamt,30.08.,1927,e
Statistik der Sterbefälle,Deutschland,Insgesamt,2007,Insgesamt,31.08.,2001,e
Statistik der Sterbefälle,Deutschland,Insgesamt,2007,Insgesamt,01.09.,2022,e
Statistik der Sterbefälle,Deutschland,Insgesamt,2007,Insgesamt,02.09.,1942,e
Statistik der Sterbefälle,Deutschland,Insgesamt,2007,Insgesamt,03.09.,2073,e
Statistik der Sterbefälle,Deutschland,Insgesamt,2007,Insgesamt,04.09.,2042,e
Statistik der Sterbefälle,Deutschland,Insgesamt,2007,Insgesamt,05.09.,2033,e
Statistik der Sterbefälle,Deutschland,Insgesamt,2007,Insgesamt,06.09.,2111,e
Statistik der Sterbefälle,Deutschland,Insgesamt,2007,Insgesamt,07.09.,2106,e
Statistik der Sterbefälle,Deutschland,Insgesamt,2007,Insgesamt,08.09.,2067,e
Statistik der Sterbefälle,Deutschland,Insgesamt,2007,Insgesamt,09.09.,2025,e
Statistik der Sterbefälle,Deutschland,Insgesamt,2007,Insgesamt,10.09.,2167,e
Statistik der Sterbefälle,Deutschland,Insgesamt,2007,Insgesamt,11.09.,2070,e
Statistik der Sterbefälle,Deutschland,Insgesamt,2007,Insgesamt,12.09.,2020,e
Statistik der Sterbefälle,Deutschland,Insgesamt,2007,Insgesamt,13.09.,2051,e
Statistik der Sterbefälle,Deutschland,Insgesamt,2007,Insgesamt,14.09.,2103,e
Statistik der Sterbefälle,Deutschland,Insgesamt,2007,Insgesamt,15.09.,2100,e
Statistik der Sterbefälle,Deutschland,Insgesamt,2007,Insgesamt,16.09.,2038,e
Statistik der Sterbefälle,Deutschland,Insgesamt,2007,Insgesamt,17.09.,2256,e
Statistik der Sterbefälle,Deutschland,Insgesamt,2007,Insgesamt,18.09.,2205,e
Statistik der Sterbefälle,Deutschland,Insgesamt,2007,Insgesamt,19.09.,2041,e
Statistik der Sterbefälle,Deutschland,Insgesamt,2007,Insgesamt,20.09.,2088,e
Statistik der Sterbefälle,Deutschland,Insgesamt,2007,Insgesamt,21.09.,2197,e
Statistik der Sterbefälle,Deutschland,Insgesamt,2007,Insgesamt,22.09.,2107,e
Statistik der Sterbefälle,Deutschland,Insgesamt,2007,Insgesamt,23.09.,2226,e
Statistik der Sterbefälle,Deutschland,Insgesamt,2007,Insgesamt,24.09.,2273,e
Statistik der Sterbefälle,Deutschland,Insgesamt,2007,Insgesamt,25.09.,2176,e
Statistik der Sterbefälle,Deutschland,Insgesamt,2007,Insgesamt,26.09.,2138,e
Statistik der Sterbefälle,Deutschland,Insgesamt,2007,Insgesamt,27.09.,2125,e
Statistik der Sterbefälle,Deutschland,Insgesamt,2007,Insgesamt,28.09.,2103,e
Statistik der Sterbefälle,Deutschland,Insgesamt,2007,Insgesamt,29.09.,2150,e
Statistik der Sterbefälle,Deutschland,Insgesamt,2007,Insgesamt,30.09.,2074,e
Statistik der Sterbefälle,Deutschland,Insgesamt,2007,Insgesamt,01.10.,2144,e
Statistik der Sterbefälle,Deutschland,Insgesamt,2007,Insgesamt,02.10.,2195,e
Statistik der Sterbefälle,Deutschland,Insgesamt,2007,Insgesamt,03.10.,2235,e
Statistik der Sterbefälle,Deutschland,Insgesamt,2007,Insgesamt,04.10.,2250,e
Statistik der Sterbefälle,Deutschland,Insgesamt,2007,Insgesamt,05.10.,2237,e
Statistik der Sterbefälle,Deutschland,Insgesamt,2007,Insgesamt,06.10.,2074,e
Statistik der Sterbefälle,Deutschland,Insgesamt,2007,Insgesamt,07.10.,2068,e
Statistik der Sterbefälle,Deutschland,Insgesamt,2007,Insgesamt,08.10.,2188,e
Statistik der Sterbefälle,Deutschland,Insgesamt,2007,Insgesamt,09.10.,2135,e
Statistik der Sterbefälle,Deutschland,Insgesamt,2007,Insgesamt,10.10.,2229,e
Statistik der Sterbefälle,Deutschland,Insgesamt,2007,Insgesamt,11.10.,2181,e
Statistik der Sterbefälle,Deutschland,Insgesamt,2007,Insgesamt,12.10.,2240,e
Statistik der Sterbefälle,Deutschland,Insgesamt,2007,Insgesamt,13.10.,2098,e
Statistik der Sterbefälle,Deutschland,Insgesamt,2007,Insgesamt,14.10.,2020,e
Statistik der Sterbefälle,Deutschland,Insgesamt,2007,Insgesamt,15.10.,2181,e
Statistik der Sterbefälle,Deutschland,Insgesamt,2007,Insgesamt,16.10.,2246,e
Statistik der Sterbefälle,Deutschland,Insgesamt,2007,Insgesamt,17.10.,2304,e
Statistik der Sterbefälle,Deutschland,Insgesamt,2007,Insgesamt,18.10.,2164,e
Statistik der Sterbefälle,Deutschland,Insgesamt,2007,Insgesamt,19.10.,2197,e
Statistik der Sterbefälle,Deutschland,Insgesamt,2007,Insgesamt,20.10.,2151,e
Statistik der Sterbefälle,Deutschland,Insgesamt,2007,Insgesamt,21.10.,2206,e
Statistik der Sterbefälle,Deutschland,Insgesamt,2007,Insgesamt,22.10.,2271,e
Statistik der Sterbefälle,Deutschland,Insgesamt,2007,Insgesamt,23.10.,2310,e
Statistik der Sterbefälle,Deutschland,Insgesamt,2007,Insgesamt,24.10.,2275,e
Statistik der Sterbefälle,Deutschland,Insgesamt,2007,Insgesamt,25.10.,2304,e
Statistik der Sterbefälle,Deutschland,Insgesamt,2007,Insgesamt,26.10.,2273,e
Statistik der Sterbefälle,Deutschland,Insgesamt,2007,Insgesamt,27.10.,2273,e
Statistik der Sterbefälle,Deutschland,Insgesamt,2007,Insgesamt,28.10.,2289,e
Statistik der Sterbefälle,Deutschland,Insgesamt,2007,Insgesamt,29.10.,2349,e
Statistik der Sterbefälle,Deutschland,Insgesamt,2007,Insgesamt,30.10.,2344,e
Statistik der Sterbefälle,Deutschland,Insgesamt,2007,Insgesamt,31.10.,2275,e
Statistik der Sterbefälle,Deutschland,Insgesamt,2007,Insgesamt,01.11.,2269,e
Statistik der Sterbefälle,Deutschland,Insgesamt,2007,Insgesamt,02.11.,2295,e
Statistik der Sterbefälle,Deutschland,Insgesamt,2007,Insgesamt,03.11.,2298,e
Statistik der Sterbefälle,Deutschland,Insgesamt,2007,Insgesamt,04.11.,2186,e
Statistik der Sterbefälle,Deutschland,Insgesamt,2007,Insgesamt,05.11.,2247,e
Statistik der Sterbefälle,Deutschland,Insgesamt,2007,Insgesamt,06.11.,2235,e
Statistik der Sterbefälle,Deutschland,Insgesamt,2007,Insgesamt,07.11.,2282,e
Statistik der Sterbefälle,Deutschland,Insgesamt,2007,Insgesamt,08.11.,2383,e
Statistik der Sterbefälle,Deutschland,Insgesamt,2007,Insgesamt,09.11.,2401,e
Statistik der Sterbefälle,Deutschland,Insgesamt,2007,Insgesamt,10.11.,2316,e
Statistik der Sterbefälle,Deutschland,Insgesamt,2007,Insgesamt,11.11.,2349,e
Statistik der Sterbefälle,Deutschland,Insgesamt,2007,Insgesamt,12.11.,2288,e
Statistik der Sterbefälle,Deutschland,Insgesamt,2007,Insgesamt,13.11.,2238,e
Statistik der Sterbefälle,Deutschland,Insgesamt,2007,Insgesamt,14.11.,2323,e
Statistik der Sterbefälle,Deutschland,Insgesamt,2007,Insgesamt,15.11.,2443,e
Statistik der Sterbefälle,Deutschland,Insgesamt,2007,Insgesamt,16.11.,2298,e
Statistik der Sterbefälle,Deutschland,Insgesamt,2007,Insgesamt,17.11.,2249,e
Statistik der Sterbefälle,Deutschland,Insgesamt,2007,Insgesamt,18.11.,2233,e
Statistik der Sterbefälle,Deutschland,Insgesamt,2007,Insgesamt,19.11.,2347,e
Statistik der Sterbefälle,Deutschland,Insgesamt,2007,Insgesamt,20.11.,2297,e
Statistik der Sterbefälle,Deutschland,Insgesamt,2007,Insgesamt,21.11.,2434,e
Statistik der Sterbefälle,Deutschland,Insgesamt,2007,Insgesamt,22.11.,2431,e
Statistik der Sterbefälle,Deutschland,Insgesamt,2007,Insgesamt,23.11.,2439,e
Statistik der Sterbefälle,Deutschland,Insgesamt,2007,Insgesamt,24.11.,2418,e
Statistik der Sterbefälle,Deutschland,Insgesamt,2007,Insgesamt,25.11.,2269,e
Statistik der Sterbefälle,Deutschland,Insgesamt,2007,Insgesamt,26.11.,2327,e
Statistik der Sterbefälle,Deutschland,Insgesamt,2007,Insgesamt,27.11.,2428,e
Statistik der Sterbefälle,Deutschland,Insgesamt,2007,Insgesamt,28.11.,2419,e
Statistik der Sterbefälle,Deutschland,Insgesamt,2007,Insgesamt,29.11.,2426,e
Statistik der Sterbefälle,Deutschland,Insgesamt,2007,Insgesamt,30.11.,2494,e
Statistik der Sterbefälle,Deutschland,Insgesamt,2007,Insgesamt,01.12.,2491,e
Statistik der Sterbefälle,Deutschland,Insgesamt,2007,Insgesamt,02.12.,2388,e
Statistik der Sterbefälle,Deutschland,Insgesamt,2007,Insgesamt,03.12.,2569,e
Statistik der Sterbefälle,Deutschland,Insgesamt,2007,Insgesamt,04.12.,2475,e
Statistik der Sterbefälle,Deutschland,Insgesamt,2007,Insgesamt,05.12.,2400,e
Statistik der Sterbefälle,Deutschland,Insgesamt,2007,Insgesamt,06.12.,2509,e
Statistik der Sterbefälle,Deutschland,Insgesamt,2007,Insgesamt,07.12.,2565,e
Statistik der Sterbefälle,Deutschland,Insgesamt,2007,Insgesamt,08.12.,2403,e
Statistik der Sterbefälle,Deutschland,Insgesamt,2007,Insgesamt,09.12.,2451,e
Statistik der Sterbefälle,Deutschland,Insgesamt,2007,Insgesamt,10.12.,2475,e
Statistik der Sterbefälle,Deutschland,Insgesamt,2007,Insgesamt,11.12.,2354,e
Statistik der Sterbefälle,Deutschland,Insgesamt,2007,Insgesamt,12.12.,2358,e
Statistik der Sterbefälle,Deutschland,Insgesamt,2007,Insgesamt,13.12.,2353,e
Statistik der Sterbefälle,Deutschland,Insgesamt,2007,Insgesamt,14.12.,2443,e
Statistik der Sterbefälle,Deutschland,Insgesamt,2007,Insgesamt,15.12.,2363,e
Statistik der Sterbefälle,Deutschland,Insgesamt,2007,Insgesamt,16.12.,2267,e
Statistik der Sterbefälle,Deutschland,Insgesamt,2007,Insgesamt,17.12.,2487,e
Statistik der Sterbefälle,Deutschland,Insgesamt,2007,Insgesamt,18.12.,2422,e
Statistik der Sterbefälle,Deutschland,Insgesamt,2007,Insgesamt,19.12.,2407,e
Statistik der Sterbefälle,Deutschland,Insgesamt,2007,Insgesamt,20.12.,2434,e
Statistik der Sterbefälle,Deutschland,Insgesamt,2007,Insgesamt,21.12.,2562,e
Statistik der Sterbefälle,Deutschland,Insgesamt,2007,Insgesamt,22.12.,2513,e
Statistik der Sterbefälle,Deutschland,Insgesamt,2007,Insgesamt,23.12.,2476,e
Statistik der Sterbefälle,Deutschland,Insgesamt,2007,Insgesamt,24.12.,2561,e
Statistik der Sterbefälle,Deutschland,Insgesamt,2007,Insgesamt,25.12.,2494,e
Statistik der Sterbefälle,Deutschland,Insgesamt,2007,Insgesamt,26.12.,2631,e
Statistik der Sterbefälle,Deutschland,Insgesamt,2007,Insgesamt,27.12.,2619,e
Statistik der Sterbefälle,Deutschland,Insgesamt,2007,Insgesamt,28.12.,2588,e
Statistik der Sterbefälle,Deutschland,Insgesamt,2007,Insgesamt,29.12.,2560,e
Statistik der Sterbefälle,Deutschland,Insgesamt,2007,Insgesamt,30.12.,2435,e
Statistik der Sterbefälle,Deutschland,Insgesamt,2007,Insgesamt,31.12.,2497,e
Statistik der Sterbefälle,Deutschland,Insgesamt,2008,Insgesamt,Insgesamt,844439,e
Statistik der Sterbefälle,Deutschland,Insgesamt,2008,Insgesamt,01.01.,2584,e
Statistik der Sterbefälle,Deutschland,Insgesamt,2008,Insgesamt,02.01.,2646,e
Statistik der Sterbefälle,Deutschland,Insgesamt,2008,Insgesamt,03.01.,2706,e
Statistik der Sterbefälle,Deutschland,Insgesamt,2008,Insgesamt,04.01.,2675,e
Statistik der Sterbefälle,Deutschland,Insgesamt,2008,Insgesamt,05.01.,2636,e
Statistik der Sterbefälle,Deutschland,Insgesamt,2008,Insgesamt,06.01.,2650,e
Statistik der Sterbefälle,Deutschland,Insgesamt,2008,Insgesamt,07.01.,2777,e
Statistik der Sterbefälle,Deutschland,Insgesamt,2008,Insgesamt,08.01.,2708,e
Statistik der Sterbefälle,Deutschland,Insgesamt,2008,Insgesamt,09.01.,2690,e
Statistik der Sterbefälle,Deutschland,Insgesamt,2008,Insgesamt,10.01.,2599,e
Statistik der Sterbefälle,Deutschland,Insgesamt,2008,Insgesamt,11.01.,2723,e
Statistik der Sterbefälle,Deutschland,Insgesamt,2008,Insgesamt,12.01.,2618,e
Statistik der Sterbefälle,Deutschland,Insgesamt,2008,Insgesamt,13.01.,2412,e
Statistik der Sterbefälle,Deutschland,Insgesamt,2008,Insgesamt,14.01.,2587,e
Statistik der Sterbefälle,Deutschland,Insgesamt,2008,Insgesamt,15.01.,2704,e
Statistik der Sterbefälle,Deutschland,Insgesamt,2008,Insgesamt,16.01.,2669,e
Statistik der Sterbefälle,Deutschland,Insgesamt,2008,Insgesamt,17.01.,2557,e
Statistik der Sterbefälle,Deutschland,Insgesamt,2008,Insgesamt,18.01.,2612,e
Statistik der Sterbefälle,Deutschland,Insgesamt,2008,Insgesamt,19.01.,2588,e
Statistik der Sterbefälle,Deutschland,Insgesamt,2008,Insgesamt,20.01.,2453,e
Statistik der Sterbefälle,Deutschland,Insgesamt,2008,Insgesamt,21.01.,2564,e
Statistik der Sterbefälle,Deutschland,Insgesamt,2008,Insgesamt,22.01.,2550,e
Statistik der Sterbefälle,Deutschland,Insgesamt,2008,Insgesamt,23.01.,2383,e
Statistik der Sterbefälle,Deutschland,Insgesamt,2008,Insgesamt,24.01.,2393,e
Statistik der Sterbefälle,Deutschland,Insgesamt,2008,Insgesamt,25.01.,2438,e
Statistik der Sterbefälle,Deutschland,Insgesamt,2008,Insgesamt,26.01.,2468,e
Statistik der Sterbefälle,Deutschland,Insgesamt,2008,Insgesamt,27.01.,2329,e
Statistik der Sterbefälle,Deutschland,Insgesamt,2008,Insgesamt,28.01.,2479,e
Statistik der Sterbefälle,Deutschland,Insgesamt,2008,Insgesamt,29.01.,2399,e
Statistik der Sterbefälle,Deutschland,Insgesamt,2008,Insgesamt,30.01.,2430,e
Statistik der Sterbefälle,Deutschland,Insgesamt,2008,Insgesamt,31.01.,2510,e
Statistik der Sterbefälle,Deutschland,Insgesamt,2008,Insgesamt,01.02.,2447,e
Statistik der Sterbefälle,Deutschland,Insgesamt,2008,Insgesamt,02.02.,2386,e
Statistik der Sterbefälle,Deutschland,Insgesamt,2008,Insgesamt,03.02.,2453,e
Statistik der Sterbefälle,Deutschland,Insgesamt,2008,Insgesamt,04.02.,2543,e
Statistik der Sterbefälle,Deutschland,Insgesamt,2008,Insgesamt,05.02.,2494,e
Statistik der Sterbefälle,Deutschland,Insgesamt,2008,Insgesamt,06.02.,2400,e
Statistik der Sterbefälle,Deutschland,Insgesamt,2008,Insgesamt,07.02.,2361,e
Statistik der Sterbefälle,Deutschland,Insgesamt,2008,Insgesamt,08.02.,2506,e
Statistik der Sterbefälle,Deutschland,Insgesamt,2008,Insgesamt,09.02.,2331,e
Statistik der Sterbefälle,Deutschland,Insgesamt,2008,Insgesamt,10.02.,2371,e
Statistik der Sterbefälle,Deutschland,Insgesamt,2008,Insgesamt,11.02.,2411,e
Statistik der Sterbefälle,Deutschland,Insgesamt,2008,Insgesamt,12.02.,2378,e
Statistik der Sterbefälle,Deutschland,Insgesamt,2008,Insgesamt,13.02.,2390,e
Statistik der Sterbefälle,Deutschland,Insgesamt,2008,Insgesamt,14.02.,2446,e
Statistik der Sterbefälle,Deutschland,Insgesamt,2008,Insgesamt,15.02.,2528,e
Statistik der Sterbefälle,Deutschland,Insgesamt,2008,Insgesamt,16.02.,2348,e
Statistik der Sterbefälle,Deutschland,Insgesamt,2008,Insgesamt,17.02.,2291,e
Statistik der Sterbefälle,Deutschland,Insgesamt,2008,Insgesamt,18.02.,2563,e
Statistik der Sterbefälle,Deutschland,Insgesamt,2008,Insgesamt,19.02.,2535,e
Statistik der Sterbefälle,Deutschland,Insgesamt,2008,Insgesamt,20.02.,2516,e
Statistik der Sterbefälle,Deutschland,Insgesamt,2008,Insgesamt,21.02.,2530,e
Statistik der Sterbefälle,Deutschland,Insgesamt,2008,Insgesamt,22.02.,2515,e
Statistik der Sterbefälle,Deutschland,Insgesamt,2008,Insgesamt,23.02.,2536,e
Statistik der Sterbefälle,Deutschland,Insgesamt,2008,Insgesamt,24.02.,2487,e
Statistik der Sterbefälle,Deutschland,Insgesamt,2008,Insgesamt,25.02.,2434,e
Statistik der Sterbefälle,Deutschland,Insgesamt,2008,Insgesamt,26.02.,2540,e
Statistik der Sterbefälle,Deutschland,Insgesamt,2008,Insgesamt,27.02.,2425,e
Statistik der Sterbefälle,Deutschland,Insgesamt,2008,Insgesamt,28.02.,2408,e
Statistik der Sterbefälle,Deutschland,Insgesamt,2008,Insgesamt,29.02.,2452,e
Statistik der Sterbefälle,Deutschland,Insgesamt,2008,Insgesamt,01.03.,2541,e
Statistik der Sterbefälle,Deutschland,Insgesamt,2008,Insgesamt,02.03.,2424,e
Statistik der Sterbefälle,Deutschland,Insgesamt,2008,Insgesamt,03.03.,2476,e
Statistik der Sterbefälle,Deutschland,Insgesamt,2008,Insgesamt,04.03.,2474,e
Statistik der Sterbefälle,Deutschland,Insgesamt,2008,Insgesamt,05.03.,2400,e
Statistik der Sterbefälle,Deutschland,Insgesamt,2008,Insgesamt,06.03.,2562,e
Statistik der Sterbefälle,Deutschland,Insgesamt,2008,Insgesamt,07.03.,2453,e
Statistik der Sterbefälle,Deutschland,Insgesamt,2008,Insgesamt,08.03.,2516,e
Statistik der Sterbefälle,Deutschland,Insgesamt,2008,Insgesamt,09.03.,2324,e
Statistik der Sterbefälle,Deutschland,Insgesamt,2008,Insgesamt,10.03.,2586,e
Statistik der Sterbefälle,Deutschland,Insgesamt,2008,Insgesamt,11.03.,2523,e
Statistik der Sterbefälle,Deutschland,Insgesamt,2008,Insgesamt,12.03.,2535,e
Statistik der Sterbefälle,Deutschland,Insgesamt,2008,Insgesamt,13.03.,2563,e
Statistik der Sterbefälle,Deutschland,Insgesamt,2008,Insgesamt,14.03.,2375,e
Statistik der Sterbefälle,Deutschland,Insgesamt,2008,Insgesamt,15.03.,2473,e
Statistik der Sterbefälle,Deutschland,Insgesamt,2008,Insgesamt,16.03.,2394,e
Statistik der Sterbefälle,Deutschland,Insgesamt,2008,Insgesamt,17.03.,2453,e
Statistik der Sterbefälle,Deutschland,Insgesamt,2008,Insgesamt,18.03.,2404,e
Statistik der Sterbefälle,Deutschland,Insgesamt,2008,Insgesamt,19.03.,2433,e
Statistik der Sterbefälle,Deutschland,Insgesamt,2008,Insgesamt,20.03.,2398,e
Statistik der Sterbefälle,Deutschland,Insgesamt,2008,Insgesamt,21.03.,2533,e
Statistik der Sterbefälle,Deutschland,Insgesamt,2008,Insgesamt,22.03.,2484,e
Statistik der Sterbefälle,Deutschland,Insgesamt,2008,Insgesamt,23.03.,2329,e
Statistik der Sterbefälle,Deutschland,Insgesamt,2008,Insgesamt,24.03.,2396,e
Statistik der Sterbefälle,Deutschland,Insgesamt,2008,Insgesamt,25.03.,2538,e
Statistik der Sterbefälle,Deutschland,Insgesamt,2008,Insgesamt,26.03.,2442,e
Statistik der Sterbefälle,Deutschland,Insgesamt,2008,Insgesamt,27.03.,2427,e
Statistik der Sterbefälle,Deutschland,Insgesamt,2008,Insgesamt,28.03.,2472,e
Statistik der Sterbefälle,Deutschland,Insgesamt,2008,Insgesamt,29.03.,2382,e
Statistik der Sterbefälle,Deutschland,Insgesamt,2008,Insgesamt,30.03.,2277,e
Statistik der Sterbefälle,Deutschland,Insgesamt,2008,Insgesamt,31.03.,2477,e
Statistik der Sterbefälle,Deutschland,Insgesamt,2008,Insgesamt,01.04.,2508,e
Statistik der Sterbefälle,Deutschland,Insgesamt,2008,Insgesamt,02.04.,2475,e
Statistik der Sterbefälle,Deutschland,Insgesamt,2008,Insgesamt,03.04.,2436,e
Statistik der Sterbefälle,Deutschland,Insgesamt,2008,Insgesamt,04.04.,2446,e
Statistik der Sterbefälle,Deutschland,Insgesamt,2008,Insgesamt,05.04.,2446,e
Statistik der Sterbefälle,Deutschland,Insgesamt,2008,Insgesamt,06.04.,2353,e
Statistik der Sterbefälle,Deutschland,Insgesamt,2008,Insgesamt,07.04.,2332,e
Statistik der Sterbefälle,Deutschland,Insgesamt,2008,Insgesamt,08.04.,2301,e
Statistik der Sterbefälle,Deutschland,Insgesamt,2008,Insgesamt,09.04.,2368,e
Statistik der Sterbefälle,Deutschland,Insgesamt,2008,Insgesamt,10.04.,2356,e
Statistik der Sterbefälle,Deutschland,Insgesamt,2008,Insgesamt,11.04.,2463,e
Statistik der Sterbefälle,Deutschland,Insgesamt,2008,Insgesamt,12.04.,2390,e
Statistik der Sterbefälle,Deutschland,Insgesamt,2008,Insgesamt,13.04.,2284,e
Statistik der Sterbefälle,Deutschland,Insgesamt,2008,Insgesamt,14.04.,2425,e
Statistik der Sterbefälle,Deutschland,Insgesamt,2008,Insgesamt,15.04.,2220,e
Statistik der Sterbefälle,Deutschland,Insgesamt,2008,Insgesamt,16.04.,2349,e
Statistik der Sterbefälle,Deutschland,Insgesamt,2008,Insgesamt,17.04.,2399,e
Statistik der Sterbefälle,Deutschland,Insgesamt,2008,Insgesamt,18.04.,2388,e
Statistik der Sterbefälle,Deutschland,Insgesamt,2008,Insgesamt,19.04.,2437,e
Statistik der Sterbefälle,Deutschland,Insgesamt,2008,Insgesamt,20.04.,2392,e
Statistik der Sterbefälle,Deutschland,Insgesamt,2008,Insgesamt,21.04.,2323,e
Statistik der Sterbefälle,Deutschland,Insgesamt,2008,Insgesamt,22.04.,2390,e
Statistik der Sterbefälle,Deutschland,Insgesamt,2008,Insgesamt,23.04.,2409,e
Statistik der Sterbefälle,Deutschland,Insgesamt,2008,Insgesamt,24.04.,2322,e
Statistik der Sterbefälle,Deutschland,Insgesamt,2008,Insgesamt,25.04.,2316,e
Statistik der Sterbefälle,Deutschland,Insgesamt,2008,Insgesamt,26.04.,2271,e
Statistik der Sterbefälle,Deutschland,Insgesamt,2008,Insgesamt,27.04.,2309,e
Statistik der Sterbefälle,Deutschland,Insgesamt,2008,Insgesamt,28.04.,2352,e
Statistik der Sterbefälle,Deutschland,Insgesamt,2008,Insgesamt,29.04.,2318,e
Statistik der Sterbefälle,Deutschland,Insgesamt,2008,Insgesamt,30.04.,2370,e
Statistik der Sterbefälle,Deutschland,Insgesamt,2008,Insgesamt,01.05.,2289,e
Statistik der Sterbefälle,Deutschland,Insgesamt,2008,Insgesamt,02.05.,2270,e
Statistik der Sterbefälle,Deutschland,Insgesamt,2008,Insgesamt,03.05.,2166,e
Statistik der Sterbefälle,Deutschland,Insgesamt,2008,Insgesamt,04.05.,2174,e
Statistik der Sterbefälle,Deutschland,Insgesamt,2008,Insgesamt,05.05.,2297,e
Statistik der Sterbefälle,Deutschland,Insgesamt,2008,Insgesamt,06.05.,2353,e
Statistik der Sterbefälle,Deutschland,Insgesamt,2008,Insgesamt,07.05.,2390,e
Statistik der Sterbefälle,Deutschland,Insgesamt,2008,Insgesamt,08.05.,2306,e
Statistik der Sterbefälle,Deutschland,Insgesamt,2008,Insgesamt,09.05.,2419,e
Statistik der Sterbefälle,Deutschland,Insgesamt,2008,Insgesamt,10.05.,2327,e
Statistik der Sterbefälle,Deutschland,Insgesamt,2008,Insgesamt,11.05.,2292,e
Statistik der Sterbefälle,Deutschland,Insgesamt,2008,Insgesamt,12.05.,2220,e
Statistik der Sterbefälle,Deutschland,Insgesamt,2008,Insgesamt,13.05.,2333,e
Statistik der Sterbefälle,Deutschland,Insgesamt,2008,Insgesamt,14.05.,2332,e
Statistik der Sterbefälle,Deutschland,Insgesamt,2008,Insgesamt,15.05.,2291,e
Statistik der Sterbefälle,Deutschland,Insgesamt,2008,Insgesamt,16.05.,2300,e
Statistik der Sterbefälle,Deutschland,Insgesamt,2008,Insgesamt,17.05.,2248,e
Statistik der Sterbefälle,Deutschland,Insgesamt,2008,Insgesamt,18.05.,2175,e
Statistik der Sterbefälle,Deutschland,Insgesamt,2008,Insgesamt,19.05.,2140,e
Statistik der Sterbefälle,Deutschland,Insgesamt,2008,Insgesamt,20.05.,2126,e
Statistik der Sterbefälle,Deutschland,Insgesamt,2008,Insgesamt,21.05.,2155,e
Statistik der Sterbefälle,Deutschland,Insgesamt,2008,Insgesamt,22.05.,2175,e
Statistik der Sterbefälle,Deutschland,Insgesamt,2008,Insgesamt,23.05.,2297,e
Statistik der Sterbefälle,Deutschland,Insgesamt,2008,Insgesamt,24.05.,2161,e
Statistik der Sterbefälle,Deutschland,Insgesamt,2008,Insgesamt,25.05.,2149,e
Statistik der Sterbefälle,Deutschland,Insgesamt,2008,Insgesamt,26.05.,2239,e
Statistik der Sterbefälle,Deutschland,Insgesamt,2008,Insgesamt,27.05.,2329,e
Statistik der Sterbefälle,Deutschland,Insgesamt,2008,Insgesamt,28.05.,2309,e
Statistik der Sterbefälle,Deutschland,Insgesamt,2008,Insgesamt,29.05.,2372,e
Statistik der Sterbefälle,Deutschland,Insgesamt,2008,Insgesamt,30.05.,2334,e
Statistik der Sterbefälle,Deutschland,Insgesamt,2008,Insgesamt,31.05.,2261,e
Statistik der Sterbefälle,Deutschland,Insgesamt,2008,Insgesamt,01.06.,2154,e
Statistik der Sterbefälle,Deutschland,Insgesamt,2008,Insgesamt,02.06.,2269,e
Statistik der Sterbefälle,Deutschland,Insgesamt,2008,Insgesamt,03.06.,2316,e
Statistik der Sterbefälle,Deutschland,Insgesamt,2008,Insgesamt,04.06.,2256,e
Statistik der Sterbefälle,Deutschland,Insgesamt,2008,Insgesamt,05.06.,2118,e
Statistik der Sterbefälle,Deutschland,Insgesamt,2008,Insgesamt,06.06.,2158,e
Statistik der Sterbefälle,Deutschland,Insgesamt,2008,Insgesamt,07.06.,2023,e
Statistik der Sterbefälle,Deutschland,Insgesamt,2008,Insgesamt,08.06.,2055,e
Statistik der Sterbefälle,Deutschland,Insgesamt,2008,Insgesamt,09.06.,2167,e
Statistik der Sterbefälle,Deutschland,Insgesamt,2008,Insgesamt,10.06.,2161,e
Statistik der Sterbefälle,Deutschland,Insgesamt,2008,Insgesamt,11.06.,2103,e
Statistik der Sterbefälle,Deutschland,Insgesamt,2008,Insgesamt,12.06.,1996,e
Statistik der Sterbefälle,Deutschland,Insgesamt,2008,Insgesamt,13.06.,2155,e
Statistik der Sterbefälle,Deutschland,Insgesamt,2008,Insgesamt,14.06.,2009,e
Statistik der Sterbefälle,Deutschland,Insgesamt,2008,Insgesamt,15.06.,1996,e
Statistik der Sterbefälle,Deutschland,Insgesamt,2008,Insgesamt,16.06.,2073,e
Statistik der Sterbefälle,Deutschland,Insgesamt,2008,Insgesamt,17.06.,2116,e
Statistik der Sterbefälle,Deutschland,Insgesamt,2008,Insgesamt,18.06.,2229,e
Statistik der Sterbefälle,Deutschland,Insgesamt,2008,Insgesamt,19.06.,2140,e
Statistik der Sterbefälle,Deutschland,Insgesamt,2008,Insgesamt,20.06.,2204,e
Statistik der Sterbefälle,Deutschland,Insgesamt,2008,Insgesamt,21.06.,2154,e
Statistik der Sterbefälle,Deutschland,Insgesamt,2008,Insgesamt,22.06.,2316,e
Statistik der Sterbefälle,Deutschland,Insgesamt,2008,Insgesamt,23.06.,2276,e
Statistik der Sterbefälle,Deutschland,Insgesamt,2008,Insgesamt,24.06.,2147,e
Statistik der Sterbefälle,Deutschland,Insgesamt,2008,Insgesamt,25.06.,2204,e
Statistik der Sterbefälle,Deutschland,Insgesamt,2008,Insgesamt,26.06.,2135,e
Statistik der Sterbefälle,Deutschland,Insgesamt,2008,Insgesamt,27.06.,2156,e
Statistik der Sterbefälle,Deutschland,Insgesamt,2008,Insgesamt,28.06.,2071,e
Statistik der Sterbefälle,Deutschland,Insgesamt,2008,Insgesamt,29.06.,2105,e
Statistik der Sterbefälle,Deutschland,Insgesamt,2008,Insgesamt,30.06.,2136,e
Statistik der Sterbefälle,Deutschland,Insgesamt,2008,Insgesamt,01.07.,2207,e
Statistik der Sterbefälle,Deutschland,Insgesamt,2008,Insgesamt,02.07.,2269,e
Statistik der Sterbefälle,Deutschland,Insgesamt,2008,Insgesamt,03.07.,2374,e
Statistik der Sterbefälle,Deutschland,Insgesamt,2008,Insgesamt,04.07.,2215,e
Statistik der Sterbefälle,Deutschland,Insgesamt,2008,Insgesamt,05.07.,2113,e
Statistik der Sterbefälle,Deutschland,Insgesamt,2008,Insgesamt,06.07.,2066,e
Statistik der Sterbefälle,Deutschland,Insgesamt,2008,Insgesamt,07.07.,2225,e
Statistik der Sterbefälle,Deutschland,Insgesamt,2008,Insgesamt,08.07.,2037,e
Statistik der Sterbefälle,Deutschland,Insgesamt,2008,Insgesamt,09.07.,2043,e
Statistik der Sterbefälle,Deutschland,Insgesamt,2008,Insgesamt,10.07.,2136,e
Statistik der Sterbefälle,Deutschland,Insgesamt,2008,Insgesamt,11.07.,2214,e
Statistik der Sterbefälle,Deutschland,Insgesamt,2008,Insgesamt,12.07.,2015,e
Statistik der Sterbefälle,Deutschland,Insgesamt,2008,Insgesamt,13.07.,2013,e
Statistik der Sterbefälle,Deutschland,Insgesamt,2008,Insgesamt,14.07.,1966,e
Statistik der Sterbefälle,Deutschland,Insgesamt,2008,Insgesamt,15.07.,2094,e
Statistik der Sterbefälle,Deutschland,Insgesamt,2008,Insgesamt,16.07.,2274,e
Statistik der Sterbefälle,Deutschland,Insgesamt,2008,Insgesamt,17.07.,2108,e
Statistik der Sterbefälle,Deutschland,Insgesamt,2008,Insgesamt,18.07.,2016,e
Statistik der Sterbefälle,Deutschland,Insgesamt,2008,Insgesamt,19.07.,2116,e
Statistik der Sterbefälle,Deutschland,Insgesamt,2008,Insgesamt,20.07.,1951,e
Statistik der Sterbefälle,Deutschland,Insgesamt,2008,Insgesamt,21.07.,2025,e
Statistik der Sterbefälle,Deutschland,Insgesamt,2008,Insgesamt,22.07.,1931,e
Statistik der Sterbefälle,Deutschland,Insgesamt,2008,Insgesamt,23.07.,2067,e
Statistik der Sterbefälle,Deutschland,Insgesamt,2008,Insgesamt,24.07.,2128,e
Statistik der Sterbefälle,Deutschland,Insgesamt,2008,Insgesamt,25.07.,2225,e
Statistik der Sterbefälle,Deutschland,Insgesamt,2008,Insgesamt,26.07.,2225,e
Statistik der Sterbefälle,Deutschland,Insgesamt,2008,Insgesamt,27.07.,2292,e
Statistik der Sterbefälle,Deutschland,Insgesamt,2008,Insgesamt,28.07.,2365,e
Statistik der Sterbefälle,Deutschland,Insgesamt,2008,Insgesamt,29.07.,2365,e
Statistik der Sterbefälle,Deutschland,Insgesamt,2008,Insgesamt,30.07.,2325,e
Statistik der Sterbefälle,Deutschland,Insgesamt,2008,Insgesamt,31.07.,2315,e
Statistik der Sterbefälle,Deutschland,Insgesamt,2008,Insgesamt,01.08.,2419,e
Statistik der Sterbefälle,Deutschland,Insgesamt,2008,Insgesamt,02.08.,2292,e
Statistik der Sterbefälle,Deutschland,Insgesamt,2008,Insgesamt,03.08.,2157,e
Statistik der Sterbefälle,Deutschland,Insgesamt,2008,Insgesamt,04.08.,2091,e
Statistik der Sterbefälle,Deutschland,Insgesamt,2008,Insgesamt,05.08.,2173,e
Statistik der Sterbefälle,Deutschland,Insgesamt,2008,Insgesamt,06.08.,2175,e
Statistik der Sterbefälle,Deutschland,Insgesamt,2008,Insgesamt,07.08.,2237,e
Statistik der Sterbefälle,Deutschland,Insgesamt,2008,Insgesamt,08.08.,2214,e
Statistik der Sterbefälle,Deutschland,Insgesamt,2008,Insgesamt,09.08.,1985,e
Statistik der Sterbefälle,Deutschland,Insgesamt,2008,Insgesamt,10.08.,2054,e
Statistik der Sterbefälle,Deutschland,Insgesamt,2008,Insgesamt,11.08.,2126,e
Statistik der Sterbefälle,Deutschland,Insgesamt,2008,Insgesamt,12.08.,2157,e
Statistik der Sterbefälle,Deutschland,Insgesamt,2008,Insgesamt,13.08.,2040,e
Statistik der Sterbefälle,Deutschland,Insgesamt,2008,Insgesamt,14.08.,2107,e
Statistik der Sterbefälle,Deutschland,Insgesamt,2008,Insgesamt,15.08.,2128,e
Statistik der Sterbefälle,Deutschland,Insgesamt,2008,Insgesamt,16.08.,1993,e
Statistik der Sterbefälle,Deutschland,Insgesamt,2008,Insgesamt,17.08.,1972,e
Statistik der Sterbefälle,Deutschland,Insgesamt,2008,Insgesamt,18.08.,2133,e
Statistik der Sterbefälle,Deutschland,Insgesamt,2008,Insgesamt,19.08.,2245,e
Statistik der Sterbefälle,Deutschland,Insgesamt,2008,Insgesamt,20.08.,2047,e
Statistik der Sterbefälle,Deutschland,Insgesamt,2008,Insgesamt,21.08.,2059,e
Statistik der Sterbefälle,Deutschland,Insgesamt,2008,Insgesamt,22.08.,2112,e
Statistik der Sterbefälle,Deutschland,Insgesamt,2008,Insgesamt,23.08.,2074,e
Statistik der Sterbefälle,Deutschland,Insgesamt,2008,Insgesamt,24.08.,1946,e
Statistik der Sterbefälle,Deutschland,Insgesamt,2008,Insgesamt,25.08.,1997,e
Statistik der Sterbefälle,Deutschland,Insgesamt,2008,Insgesamt,26.08.,2105,e
Statistik der Sterbefälle,Deutschland,Insgesamt,2008,Insgesamt,27.08.,2099,e
Statistik der Sterbefälle,Deutschland,Insgesamt,2008,Insgesamt,28.08.,2099,e
Statistik der Sterbefälle,Deutschland,Insgesamt,2008,Insgesamt,29.08.,2170,e
Statistik der Sterbefälle,Deutschland,Insgesamt,2008,Insgesamt,30.08.,2092,e
Statistik der Sterbefälle,Deutschland,Insgesamt,2008,Insgesamt,31.08.,2107,e
Statistik der Sterbefälle,Deutschland,Insgesamt,2008,Insgesamt,01.09.,2272,e
Statistik der Sterbefälle,Deutschland,Insgesamt,2008,Insgesamt,02.09.,2095,e
Statistik der Sterbefälle,Deutschland,Insgesamt,2008,Insgesamt,03.09.,2145,e
Statistik der Sterbefälle,Deutschland,Insgesamt,2008,Insgesamt,04.09.,2123,e
Statistik der Sterbefälle,Deutschland,Insgesamt,2008,Insgesamt,05.09.,2187,e
Statistik der Sterbefälle,Deutschland,Insgesamt,2008,Insgesamt,06.09.,2180,e
Statistik der Sterbefälle,Deutschland,Insgesamt,2008,Insgesamt,07.09.,2007,e
Statistik der Sterbefälle,Deutschland,Insgesamt,2008,Insgesamt,08.09.,2120,e
Statistik der Sterbefälle,Deutschland,Insgesamt,2008,Insgesamt,09.09.,2043,e
Statistik der Sterbefälle,Deutschland,Insgesamt,2008,Insgesamt,10.09.,2211,e
Statistik der Sterbefälle,Deutschland,Insgesamt,2008,Insgesamt,11.09.,2219,e
Statistik der Sterbefälle,Deutschland,Insgesamt,2008,Insgesamt,12.09.,2145,e
Statistik der Sterbefälle,Deutschland,Insgesamt,2008,Insgesamt,13.09.,1982,e
Statistik der Sterbefälle,Deutschland,Insgesamt,2008,Insgesamt,14.09.,1985,e
Statistik der Sterbefälle,Deutschland,Insgesamt,2008,Insgesamt,15.09.,2070,e
Statistik der Sterbefälle,Deutschland,Insgesamt,2008,Insgesamt,16.09.,2117,e
Statistik der Sterbefälle,Deutschland,Insgesamt,2008,Insgesamt,17.09.,2081,e
Statistik der Sterbefälle,Deutschland,Insgesamt,2008,Insgesamt,18.09.,2087,e
Statistik der Sterbefälle,Deutschland,Insgesamt,2008,Insgesamt,19.09.,2095,e
Statistik der Sterbefälle,Deutschland,Insgesamt,2008,Insgesamt,20.09.,2151,e
Statistik der Sterbefälle,Deutschland,Insgesamt,2008,Insgesamt,21.09.,2098,e
Statistik der Sterbefälle,Deutschland,Insgesamt,2008,Insgesamt,22.09.,2181,e
Statistik der Sterbefälle,Deutschland,Insgesamt,2008,Insgesamt,23.09.,2234,e
Statistik der Sterbefälle,Deutschland,Insgesamt,2008,Insgesamt,24.09.,2171,e
Statistik der Sterbefälle,Deutschland,Insgesamt,2008,Insgesamt,25.09.,2194,e
Statistik der Sterbefälle,Deutschland,Insgesamt,2008,Insgesamt,26.09.,2292,e
Statistik der Sterbefälle,Deutschland,Insgesamt,2008,Insgesamt,27.09.,2106,e
Statistik der Sterbefälle,Deutschland,Insgesamt,2008,Insgesamt,28.09.,2110,e
Statistik der Sterbefälle,Deutschland,Insgesamt,2008,Insgesamt,29.09.,2237,e
Statistik der Sterbefälle,Deutschland,Insgesamt,2008,Insgesamt,30.09.,2271,e
Statistik der Sterbefälle,Deutschland,Insgesamt,2008,Insgesamt,01.10.,2318,e
Statistik der Sterbefälle,Deutschland,Insgesamt,2008,Insgesamt,02.10.,2272,e
Statistik der Sterbefälle,Deutschland,Insgesamt,2008,Insgesamt,03.10.,2204,e
Statistik der Sterbefälle,Deutschland,Insgesamt,2008,Insgesamt,04.10.,2137,e
Statistik der Sterbefälle,Deutschland,Insgesamt,2008,Insgesamt,05.10.,2192,e
Statistik der Sterbefälle,Deutschland,Insgesamt,2008,Insgesamt,06.10.,2304,e
Statistik der Sterbefälle,Deutschland,Insgesamt,2008,Insgesamt,07.10.,2292,e
Statistik der Sterbefälle,Deutschland,Insgesamt,2008,Insgesamt,08.10.,2303,e
Statistik der Sterbefälle,Deutschland,Insgesamt,2008,Insgesamt,09.10.,2334,e
Statistik der Sterbefälle,Deutschland,Insgesamt,2008,Insgesamt,10.10.,2233,e
Statistik der Sterbefälle,Deutschland,Insgesamt,2008,Insgesamt,11.10.,2274,e
Statistik der Sterbefälle,Deutschland,Insgesamt,2008,Insgesamt,12.10.,2148,e
Statistik der Sterbefälle,Deutschland,Insgesamt,2008,Insgesamt,13.10.,2330,e
Statistik der Sterbefälle,Deutschland,Insgesamt,2008,Insgesamt,14.10.,2322,e
Statistik der Sterbefälle,Deutschland,Insgesamt,2008,Insgesamt,15.10.,2227,e
Statistik der Sterbefälle,Deutschland,Insgesamt,2008,Insgesamt,16.10.,2278,e
Statistik der Sterbefälle,Deutschland,Insgesamt,2008,Insgesamt,17.10.,2129,e
Statistik der Sterbefälle,Deutschland,Insgesamt,2008,Insgesamt,18.10.,2185,e
Statistik der Sterbefälle,Deutschland,Insgesamt,2008,Insgesamt,19.10.,2136,e
Statistik der Sterbefälle,Deutschland,Insgesamt,2008,Insgesamt,20.10.,2258,e
Statistik der Sterbefälle,Deutschland,Insgesamt,2008,Insgesamt,21.10.,2389,e
Statistik der Sterbefälle,Deutschland,Insgesamt,2008,Insgesamt,22.10.,2251,e
Statistik der Sterbefälle,Deutschland,Insgesamt,2008,Insgesamt,23.10.,2215,e
Statistik der Sterbefälle,Deutschland,Insgesamt,2008,Insgesamt,24.10.,2242,e
Statistik der Sterbefälle,Deutschland,Insgesamt,2008,Insgesamt,25.10.,2174,e
Statistik der Sterbefälle,Deutschland,Insgesamt,2008,Insgesamt,26.10.,2233,e
Statistik der Sterbefälle,Deutschland,Insgesamt,2008,Insgesamt,27.10.,2252,e
Statistik der Sterbefälle,Deutschland,Insgesamt,2008,Insgesamt,28.10.,2291,e
Statistik der Sterbefälle,Deutschland,Insgesamt,2008,Insgesamt,29.10.,2212,e
Statistik der Sterbefälle,Deutschland,Insgesamt,2008,Insgesamt,30.10.,2438,e
Statistik der Sterbefälle,Deutschland,Insgesamt,2008,Insgesamt,31.10.,2281,e
Statistik der Sterbefälle,Deutschland,Insgesamt,2008,Insgesamt,01.11.,2208,e
Statistik der Sterbefälle,Deutschland,Insgesamt,2008,Insgesamt,02.11.,2180,e
Statistik der Sterbefälle,Deutschland,Insgesamt,2008,Insgesamt,03.11.,2265,e
Statistik der Sterbefälle,Deutschland,Insgesamt,2008,Insgesamt,04.11.,2375,e
Statistik der Sterbefälle,Deutschland,Insgesamt,2008,Insgesamt,05.11.,2288,e
Statistik der Sterbefälle,Deutschland,Insgesamt,2008,Insgesamt,06.11.,2309,e
Statistik der Sterbefälle,Deutschland,Insgesamt,2008,Insgesamt,07.11.,2285,e
Statistik der Sterbefälle,Deutschland,Insgesamt,2008,Insgesamt,08.11.,2235,e
Statistik der Sterbefälle,Deutschland,Insgesamt,2008,Insgesamt,09.11.,2093,e
Statistik der Sterbefälle,Deutschland,Insgesamt,2008,Insgesamt,10.11.,2312,e
Statistik der Sterbefälle,Deutschland,Insgesamt,2008,Insgesamt,11.11.,2277,e
Statistik der Sterbefälle,Deutschland,Insgesamt,2008,Insgesamt,12.11.,2202,e
Statistik der Sterbefälle,Deutschland,Insgesamt,2008,Insgesamt,13.11.,2259,e
Statistik der Sterbefälle,Deutschland,Insgesamt,2008,Insgesamt,14.11.,2239,e
Statistik der Sterbefälle,Deutschland,Insgesamt,2008,Insgesamt,15.11.,2314,e
Statistik der Sterbefälle,Deutschland,Insgesamt,2008,Insgesamt,16.11.,2244,e
Statistik der Sterbefälle,Deutschland,Insgesamt,2008,Insgesamt,17.11.,2218,e
Statistik der Sterbefälle,Deutschland,Insgesamt,2008,Insgesamt,18.11.,2302,e
Statistik der Sterbefälle,Deutschland,Insgesamt,2008,Insgesamt,19.11.,2250,e
Statistik der Sterbefälle,Deutschland,Insgesamt,2008,Insgesamt,20.11.,2377,e
Statistik der Sterbefälle,Deutschland,Insgesamt,2008,Insgesamt,21.11.,2420,e
Statistik der Sterbefälle,Deutschland,Insgesamt,2008,Insgesamt,22.11.,2326,e
Statistik der Sterbefälle,Deutschland,Insgesamt,2008,Insgesamt,23.11.,2273,e
Statistik der Sterbefälle,Deutschland,Insgesamt,2008,Insgesamt,24.11.,2386,e
Statistik der Sterbefälle,Deutschland,Insgesamt,2008,Insgesamt,25.11.,2326,e
Statistik der Sterbefälle,Deutschland,Insgesamt,2008,Insgesamt,26.11.,2338,e
Statistik der Sterbefälle,Deutschland,Insgesamt,2008,Insgesamt,27.11.,2354,e
Statistik der Sterbefälle,Deutschland,Insgesamt,2008,Insgesamt,28.11.,2319,e
Statistik der Sterbefälle,Deutschland,Insgesamt,2008,Insgesamt,29.11.,2357,e
Statistik der Sterbefälle,Deutschland,Insgesamt,2008,Insgesamt,30.11.,2440,e
Statistik der Sterbefälle,Deutschland,Insgesamt,2008,Insgesamt,01.12.,2381,e
Statistik der Sterbefälle,Deutschland,Insgesamt,2008,Insgesamt,02.12.,2427,e
Statistik der Sterbefälle,Deutschland,Insgesamt,2008,Insgesamt,03.12.,2474,e
Statistik der Sterbefälle,Deutschland,Insgesamt,2008,Insgesamt,04.12.,2466,e
Statistik der Sterbefälle,Deutschland,Insgesamt,2008,Insgesamt,05.12.,2458,e
Statistik der Sterbefälle,Deutschland,Insgesamt,2008,Insgesamt,06.12.,2481,e
Statistik der Sterbefälle,Deutschland,Insgesamt,2008,Insgesamt,07.12.,2296,e
Statistik der Sterbefälle,Deutschland,Insgesamt,2008,Insgesamt,08.12.,2497,e
Statistik der Sterbefälle,Deutschland,Insgesamt,2008,Insgesamt,09.12.,2513,e
Statistik der Sterbefälle,Deutschland,Insgesamt,2008,Insgesamt,10.12.,2462,e
Statistik der Sterbefälle,Deutschland,Insgesamt,2008,Insgesamt,11.12.,2414,e
Statistik der Sterbefälle,Deutschland,Insgesamt,2008,Insgesamt,12.12.,2482,e
Statistik der Sterbefälle,Deutschland,Insgesamt,2008,Insgesamt,13.12.,2434,e
Statistik der Sterbefälle,Deutschland,Insgesamt,2008,Insgesamt,14.12.,2479,e
Statistik der Sterbefälle,Deutschland,Insgesamt,2008,Insgesamt,15.12.,2434,e
Statistik der Sterbefälle,Deutschland,Insgesamt,2008,Insgesamt,16.12.,2496,e
Statistik der Sterbefälle,Deutschland,Insgesamt,2008,Insgesamt,17.12.,2419,e
Statistik der Sterbefälle,Deutschland,Insgesamt,2008,Insgesamt,18.12.,2554,e
Statistik der Sterbefälle,Deutschland,Insgesamt,2008,Insgesamt,19.12.,2537,e
Statistik der Sterbefälle,Deutschland,Insgesamt,2008,Insgesamt,20.12.,2521,e
Statistik der Sterbefälle,Deutschland,Insgesamt,2008,Insgesamt,21.12.,2412,e
Statistik der Sterbefälle,Deutschland,Insgesamt,2008,Insgesamt,22.12.,2508,e
Statistik der Sterbefälle,Deutschland,Insgesamt,2008,Insgesamt,23.12.,2436,e
Statistik der Sterbefälle,Deutschland,Insgesamt,2008,Insgesamt,24.12.,2558,e
Statistik der Sterbefälle,Deutschland,Insgesamt,2008,Insgesamt,25.12.,2480,e
Statistik der Sterbefälle,Deutschland,Insgesamt,2008,Insgesamt,26.12.,2465,e
Statistik der Sterbefälle,Deutschland,Insgesamt,2008,Insgesamt,27.12.,2545,e
Statistik der Sterbefälle,Deutschland,Insgesamt,2008,Insgesamt,28.12.,2555,e
Statistik der Sterbefälle,Deutschland,Insgesamt,2008,Insgesamt,29.12.,2481,e
Statistik der Sterbefälle,Deutschland,Insgesamt,2008,Insgesamt,30.12.,2593,e
Statistik der Sterbefälle,Deutschland,Insgesamt,2008,Insgesamt,31.12.,2626,e
Statistik der Sterbefälle,Deutschland,Insgesamt,2009,Insgesamt,Insgesamt,854544,e
Statistik der Sterbefälle,Deutschland,Insgesamt,2009,Insgesamt,01.01.,2765,e
Statistik der Sterbefälle,Deutschland,Insgesamt,2009,Insgesamt,02.01.,2764,e
Statistik der Sterbefälle,Deutschland,Insgesamt,2009,Insgesamt,03.01.,2696,e
Statistik der Sterbefälle,Deutschland,Insgesamt,2009,Insgesamt,04.01.,2666,e
Statistik der Sterbefälle,Deutschland,Insgesamt,2009,Insgesamt,05.01.,2968,e
Statistik der Sterbefälle,Deutschland,Insgesamt,2009,Insgesamt,06.01.,2862,e
Statistik der Sterbefälle,Deutschland,Insgesamt,2009,Insgesamt,07.01.,2857,e
Statistik der Sterbefälle,Deutschland,Insgesamt,2009,Insgesamt,08.01.,2832,e
Statistik der Sterbefälle,Deutschland,Insgesamt,2009,Insgesamt,09.01.,2853,e
Statistik der Sterbefälle,Deutschland,Insgesamt,2009,Insgesamt,10.01.,2898,e
Statistik der Sterbefälle,Deutschland,Insgesamt,2009,Insgesamt,11.01.,2712,e
Statistik der Sterbefälle,Deutschland,Insgesamt,2009,Insgesamt,12.01.,2980,e
Statistik der Sterbefälle,Deutschland,Insgesamt,2009,Insgesamt,13.01.,2982,e
Statistik der Sterbefälle,Deutschland,Insgesamt,2009,Insgesamt,14.01.,3011,e
Statistik der Sterbefälle,Deutschland,Insgesamt,2009,Insgesamt,15.01.,2930,e
Statistik der Sterbefälle,Deutschland,Insgesamt,2009,Insgesamt,16.01.,2964,e
Statistik der Sterbefälle,Deutschland,Insgesamt,2009,Insgesamt,17.01.,2980,e
Statistik der Sterbefälle,Deutschland,Insgesamt,2009,Insgesamt,18.01.,3052,e
Statistik der Sterbefälle,Deutschland,Insgesamt,2009,Insgesamt,19.01.,3067,e
Statistik der Sterbefälle,Deutschland,Insgesamt,2009,Insgesamt,20.01.,3054,e
Statistik der Sterbefälle,Deutschland,Insgesamt,2009,Insgesamt,21.01.,2881,e
Statistik der Sterbefälle,Deutschland,Insgesamt,2009,Insgesamt,22.01.,3004,e
Statistik der Sterbefälle,Deutschland,Insgesamt,2009,Insgesamt,23.01.,3224,e
Statistik der Sterbefälle,Deutschland,Insgesamt,2009,Insgesamt,24.01.,3004,e
Statistik der Sterbefälle,Deutschland,Insgesamt,2009,Insgesamt,25.01.,2862,e
Statistik der Sterbefälle,Deutschland,Insgesamt,2009,Insgesamt,26.01.,2802,e
Statistik der Sterbefälle,Deutschland,Insgesamt,2009,Insgesamt,27.01.,2819,e
Statistik der Sterbefälle,Deutschland,Insgesamt,2009,Insgesamt,28.01.,2878,e
Statistik der Sterbefälle,Deutschland,Insgesamt,2009,Insgesamt,29.01.,2860,e
Statistik der Sterbefälle,Deutschland,Insgesamt,2009,Insgesamt,30.01.,2961,e
Statistik der Sterbefälle,Deutschland,Insgesamt,2009,Insgesamt,31.01.,2838,e
Statistik der Sterbefälle,Deutschland,Insgesamt,2009,Insgesamt,01.02.,2812,e
Statistik der Sterbefälle,Deutschland,Insgesamt,2009,Insgesamt,02.02.,2898,e
Statistik der Sterbefälle,Deutschland,Insgesamt,2009,Insgesamt,03.02.,2985,e
Statistik der Sterbefälle,Deutschland,Insgesamt,2009,Insgesamt,04.02.,2953,e
Statistik der Sterbefälle,Deutschland,Insgesamt,2009,Insgesamt,05.02.,2984,e
Statistik der Sterbefälle,Deutschland,Insgesamt,2009,Insgesamt,06.02.,2977,e
Statistik der Sterbefälle,Deutschland,Insgesamt,2009,Insgesamt,07.02.,2876,e
Statistik der Sterbefälle,Deutschland,Insgesamt,2009,Insgesamt,08.02.,2732,e
Statistik der Sterbefälle,Deutschland,Insgesamt,2009,Insgesamt,09.02.,2833,e
Statistik der Sterbefälle,Deutschland,Insgesamt,2009,Insgesamt,10.02.,2859,e
Statistik der Sterbefälle,Deutschland,Insgesamt,2009,Insgesamt,11.02.,2740,e
Statistik der Sterbefälle,Deutschland,Insgesamt,2009,Insgesamt,12.02.,2790,e
Statistik der Sterbefälle,Deutschland,Insgesamt,2009,Insgesamt,13.02.,2796,e
Statistik der Sterbefälle,Deutschland,Insgesamt,2009,Insgesamt,14.02.,2775,e
Statistik der Sterbefälle,Deutschland,Insgesamt,2009,Insgesamt,15.02.,2703,e
Statistik der Sterbefälle,Deutschland,Insgesamt,2009,Insgesamt,16.02.,2730,e
Statistik der Sterbefälle,Deutschland,Insgesamt,2009,Insgesamt,17.02.,2718,e
Statistik der Sterbefälle,Deutschland,Insgesamt,2009,Insgesamt,18.02.,2668,e
Statistik der Sterbefälle,Deutschland,Insgesamt,2009,Insgesamt,19.02.,2640,e
Statistik der Sterbefälle,Deutschland,Insgesamt,2009,Insgesamt,20.02.,2771,e
Statistik der Sterbefälle,Deutschland,Insgesamt,2009,Insgesamt,21.02.,2678,e
Statistik der Sterbefälle,Deutschland,Insgesamt,2009,Insgesamt,22.02.,2587,e
Statistik der Sterbefälle,Deutschland,Insgesamt,2009,Insgesamt,23.02.,2684,e
Statistik der Sterbefälle,Deutschland,Insgesamt,2009,Insgesamt,24.02.,2645,e
Statistik der Sterbefälle,Deutschland,Insgesamt,2009,Insgesamt,25.02.,2603,e
Statistik der Sterbefälle,Deutschland,Insgesamt,2009,Insgesamt,26.02.,2569,e
Statistik der Sterbefälle,Deutschland,Insgesamt,2009,Insgesamt,27.02.,2659,e
Statistik der Sterbefälle,Deutschland,Insgesamt,2009,Insgesamt,28.02.,2540,e
Statistik der Sterbefälle,Deutschland,Insgesamt,2009,Insgesamt,29.02.,X,e
Statistik der Sterbefälle,Deutschland,Insgesamt,2009,Insgesamt,01.03.,2541,e
Statistik der Sterbefälle,Deutschland,Insgesamt,2009,Insgesamt,02.03.,2644,e
Statistik der Sterbefälle,Deutschland,Insgesamt,2009,Insgesamt,03.03.,2553,e
Statistik der Sterbefälle,Deutschland,Insgesamt,2009,Insgesamt,04.03.,2624,e
Statistik der Sterbefälle,Deutschland,Insgesamt,2009,Insgesamt,05.03.,2602,e
Statistik der Sterbefälle,Deutschland,Insgesamt,2009,Insgesamt,06.03.,2596,e
Statistik der Sterbefälle,Deutschland,Insgesamt,2009,Insgesamt,07.03.,2508,e
Statistik der Sterbefälle,Deutschland,Insgesamt,2009,Insgesamt,08.03.,2399,e
Statistik der Sterbefälle,Deutschland,Insgesamt,2009,Insgesamt,09.03.,2417,e
Statistik der Sterbefälle,Deutschland,Insgesamt,2009,Insgesamt,10.03.,2540,e
Statistik der Sterbefälle,Deutschland,Insgesamt,2009,Insgesamt,11.03.,2456,e
Statistik der Sterbefälle,Deutschland,Insgesamt,2009,Insgesamt,12.03.,2365,e
Statistik der Sterbefälle,Deutschland,Insgesamt,2009,Insgesamt,13.03.,2531,e
Statistik der Sterbefälle,Deutschland,Insgesamt,2009,Insgesamt,14.03.,2517,e
Statistik der Sterbefälle,Deutschland,Insgesamt,2009,Insgesamt,15.03.,2338,e
Statistik der Sterbefälle,Deutschland,Insgesamt,2009,Insgesamt,16.03.,2509,e
Statistik der Sterbefälle,Deutschland,Insgesamt,2009,Insgesamt,17.03.,2391,e
Statistik der Sterbefälle,Deutschland,Insgesamt,2009,Insgesamt,18.03.,2375,e
Statistik der Sterbefälle,Deutschland,Insgesamt,2009,Insgesamt,19.03.,2450,e
Statistik der Sterbefälle,Deutschland,Insgesamt,2009,Insgesamt,20.03.,2451,e
Statistik der Sterbefälle,Deutschland,Insgesamt,2009,Insgesamt,21.03.,2320,e
Statistik der Sterbefälle,Deutschland,Insgesamt,2009,Insgesamt,22.03.,2348,e
Statistik der Sterbefälle,Deutschland,Insgesamt,2009,Insgesamt,23.03.,2564,e
Statistik der Sterbefälle,Deutschland,Insgesamt,2009,Insgesamt,24.03.,2441,e
Statistik der Sterbefälle,Deutschland,Insgesamt,2009,Insgesamt,25.03.,2439,e
Statistik der Sterbefälle,Deutschland,Insgesamt,2009,Insgesamt,26.03.,2405,e
Statistik der Sterbefälle,Deutschland,Insgesamt,2009,Insgesamt,27.03.,2366,e
Statistik der Sterbefälle,Deutschland,Insgesamt,2009,Insgesamt,28.03.,2374,e
Statistik der Sterbefälle,Deutschland,Insgesamt,2009,Insgesamt,29.03.,2222,e
Statistik der Sterbefälle,Deutschland,Insgesamt,2009,Insgesamt,30.03.,2272,e
Statistik der Sterbefälle,Deutschland,Insgesamt,2009,Insgesamt,31.03.,2408,e
Statistik der Sterbefälle,Deutschland,Insgesamt,2009,Insgesamt,01.04.,2459,e
Statistik der Sterbefälle,Deutschland,Insgesamt,2009,Insgesamt,02.04.,2347,e
Statistik der Sterbefälle,Deutschland,Insgesamt,2009,Insgesamt,03.04.,2483,e
Statistik der Sterbefälle,Deutschland,Insgesamt,2009,Insgesamt,04.04.,2371,e
Statistik der Sterbefälle,Deutschland,Insgesamt,2009,Insgesamt,05.04.,2320,e
Statistik der Sterbefälle,Deutschland,Insgesamt,2009,Insgesamt,06.04.,2423,e
Statistik der Sterbefälle,Deutschland,Insgesamt,2009,Insgesamt,07.04.,2382,e
Statistik der Sterbefälle,Deutschland,Insgesamt,2009,Insgesamt,08.04.,2429,e
Statistik der Sterbefälle,Deutschland,Insgesamt,2009,Insgesamt,09.04.,2356,e
Statistik der Sterbefälle,Deutschland,Insgesamt,2009,Insgesamt,10.04.,2396,e
Statistik der Sterbefälle,Deutschland,Insgesamt,2009,Insgesamt,11.04.,2244,e
Statistik der Sterbefälle,Deutschland,Insgesamt,2009,Insgesamt,12.04.,2301,e
Statistik der Sterbefälle,Deutschland,Insgesamt,2009,Insgesamt,13.04.,2261,e
Statistik der Sterbefälle,Deutschland,Insgesamt,2009,Insgesamt,14.04.,2304,e
Statistik der Sterbefälle,Deutschland,Insgesamt,2009,Insgesamt,15.04.,2308,e
Statistik der Sterbefälle,Deutschland,Insgesamt,2009,Insgesamt,16.04.,2345,e
Statistik der Sterbefälle,Deutschland,Insgesamt,2009,Insgesamt,17.04.,2353,e
Statistik der Sterbefälle,Deutschland,Insgesamt,2009,Insgesamt,18.04.,2123,e
Statistik der Sterbefälle,Deutschland,Insgesamt,2009,Insgesamt,19.04.,2107,e
Statistik der Sterbefälle,Deutschland,Insgesamt,2009,Insgesamt,20.04.,2242,e
Statistik der Sterbefälle,Deutschland,Insgesamt,2009,Insgesamt,21.04.,2289,e
Statistik der Sterbefälle,Deutschland,Insgesamt,2009,Insgesamt,22.04.,2300,e
Statistik der Sterbefälle,Deutschland,Insgesamt,2009,Insgesamt,23.04.,2223,e
Statistik der Sterbefälle,Deutschland,Insgesamt,2009,Insgesamt,24.04.,2250,e
Statistik der Sterbefälle,Deutschland,Insgesamt,2009,Insgesamt,25.04.,2232,e
Statistik der Sterbefälle,Deutschland,Insgesamt,2009,Insgesamt,26.04.,2120,e
Statistik der Sterbefälle,Deutschland,Insgesamt,2009,Insgesamt,27.04.,2387,e
Statistik der Sterbefälle,Deutschland,Insgesamt,2009,Insgesamt,28.04.,2291,e
Statistik der Sterbefälle,Deutschland,Insgesamt,2009,Insgesamt,29.04.,2298,e
Statistik der Sterbefälle,Deutschland,Insgesamt,2009,Insgesamt,30.04.,2199,e
Statistik der Sterbefälle,Deutschland,Insgesamt,2009,Insgesamt,01.05.,2206,e
Statistik der Sterbefälle,Deutschland,Insgesamt,2009,Insgesamt,02.05.,2061,e
Statistik der Sterbefälle,Deutschland,Insgesamt,2009,Insgesamt,03.05.,2088,e
Statistik der Sterbefälle,Deutschland,Insgesamt,2009,Insgesamt,04.05.,2173,e
Statistik der Sterbefälle,Deutschland,Insgesamt,2009,Insgesamt,05.05.,2138,e
Statistik der Sterbefälle,Deutschland,Insgesamt,2009,Insgesamt,06.05.,2170,e
Statistik der Sterbefälle,Deutschland,Insgesamt,2009,Insgesamt,07.05.,2324,e
Statistik der Sterbefälle,Deutschland,Insgesamt,2009,Insgesamt,08.05.,2300,e
Statistik der Sterbefälle,Deutschland,Insgesamt,2009,Insgesamt,09.05.,2186,e
Statistik der Sterbefälle,Deutschland,Insgesamt,2009,Insgesamt,10.05.,2131,e
Statistik der Sterbefälle,Deutschland,Insgesamt,2009,Insgesamt,11.05.,2195,e
Statistik der Sterbefälle,Deutschland,Insgesamt,2009,Insgesamt,12.05.,2146,e
Statistik der Sterbefälle,Deutschland,Insgesamt,2009,Insgesamt,13.05.,2177,e
Statistik der Sterbefälle,Deutschland,Insgesamt,2009,Insgesamt,14.05.,2251,e
Statistik der Sterbefälle,Deutschland,Insgesamt,2009,Insgesamt,15.05.,2231,e
Statistik der Sterbefälle,Deutschland,Insgesamt,2009,Insgesamt,16.05.,2114,e
Statistik der Sterbefälle,Deutschland,Insgesamt,2009,Insgesamt,17.05.,2144,e
Statistik der Sterbefälle,Deutschland,Insgesamt,2009,Insgesamt,18.05.,2217,e
Statistik der Sterbefälle,Deutschland,Insgesamt,2009,Insgesamt,19.05.,2155,e
Statistik der Sterbefälle,Deutschland,Insgesamt,2009,Insgesamt,20.05.,2288,e
Statistik der Sterbefälle,Deutschland,Insgesamt,2009,Insgesamt,21.05.,2218,e
Statistik der Sterbefälle,Deutschland,Insgesamt,2009,Insgesamt,22.05.,2241,e
Statistik der Sterbefälle,Deutschland,Insgesamt,2009,Insgesamt,23.05.,2139,e
Statistik der Sterbefälle,Deutschland,Insgesamt,2009,Insgesamt,24.05.,2110,e
Statistik der Sterbefälle,Deutschland,Insgesamt,2009,Insgesamt,25.05.,2333,e
Statistik der Sterbefälle,Deutschland,Insgesamt,2009,Insgesamt,26.05.,2371,e
Statistik der Sterbefälle,Deutschland,Insgesamt,2009,Insgesamt,27.05.,2117,e
Statistik der Sterbefälle,Deutschland,Insgesamt,2009,Insgesamt,28.05.,2153,e
Statistik der Sterbefälle,Deutschland,Insgesamt,2009,Insgesamt,29.05.,2241,e
Statistik der Sterbefälle,Deutschland,Insgesamt,2009,Insgesamt,30.05.,2119,e
Statistik der Sterbefälle,Deutschland,Insgesamt,2009,Insgesamt,31.05.,2157,e
Statistik der Sterbefälle,Deutschland,Insgesamt,2009,Insgesamt,01.06.,2190,e
Statistik der Sterbefälle,Deutschland,Insgesamt,2009,Insgesamt,02.06.,2194,e
Statistik der Sterbefälle,Deutschland,Insgesamt,2009,Insgesamt,03.06.,2191,e
Statistik der Sterbefälle,Deutschland,Insgesamt,2009,Insgesamt,04.06.,2094,e
Statistik der Sterbefälle,Deutschland,Insgesamt,2009,Insgesamt,05.06.,2103,e
Statistik der Sterbefälle,Deutschland,Insgesamt,2009,Insgesamt,06.06.,2110,e
Statistik der Sterbefälle,Deutschland,Insgesamt,2009,Insgesamt,07.06.,2107,e
Statistik der Sterbefälle,Deutschland,Insgesamt,2009,Insgesamt,08.06.,2162,e
Statistik der Sterbefälle,Deutschland,Insgesamt,2009,Insgesamt,09.06.,2276,e
Statistik der Sterbefälle,Deutschland,Insgesamt,2009,Insgesamt,10.06.,2187,e
Statistik der Sterbefälle,Deutschland,Insgesamt,2009,Insgesamt,11.06.,2167,e
Statistik der Sterbefälle,Deutschland,Insgesamt,2009,Insgesamt,12.06.,2114,e
Statistik der Sterbefälle,Deutschland,Insgesamt,2009,Insgesamt,13.06.,2123,e
Statistik der Sterbefälle,Deutschland,Insgesamt,2009,Insgesamt,14.06.,2111,e
Statistik der Sterbefälle,Deutschland,Insgesamt,2009,Insgesamt,15.06.,2178,e
Statistik der Sterbefälle,Deutschland,Insgesamt,2009,Insgesamt,16.06.,2152,e
Statistik der Sterbefälle,Deutschland,Insgesamt,2009,Insgesamt,17.06.,2143,e
Statistik der Sterbefälle,Deutschland,Insgesamt,2009,Insgesamt,18.06.,2221,e
Statistik der Sterbefälle,Deutschland,Insgesamt,2009,Insgesamt,19.06.,2112,e
Statistik der Sterbefälle,Deutschland,Insgesamt,2009,Insgesamt,20.06.,2136,e
Statistik der Sterbefälle,Deutschland,Insgesamt,2009,Insgesamt,21.06.,1989,e
Statistik der Sterbefälle,Deutschland,Insgesamt,2009,Insgesamt,22.06.,2107,e
Statistik der Sterbefälle,Deutschland,Insgesamt,2009,Insgesamt,23.06.,2104,e
Statistik der Sterbefälle,Deutschland,Insgesamt,2009,Insgesamt,24.06.,2169,e
Statistik der Sterbefälle,Deutschland,Insgesamt,2009,Insgesamt,25.06.,2295,e
Statistik der Sterbefälle,Deutschland,Insgesamt,2009,Insgesamt,26.06.,2324,e
Statistik der Sterbefälle,Deutschland,Insgesamt,2009,Insgesamt,27.06.,2150,e
Statistik der Sterbefälle,Deutschland,Insgesamt,2009,Insgesamt,28.06.,2209,e
Statistik der Sterbefälle,Deutschland,Insgesamt,2009,Insgesamt,29.06.,2185,e
Statistik der Sterbefälle,Deutschland,Insgesamt,2009,Insgesamt,30.06.,2284,e
Statistik der Sterbefälle,Deutschland,Insgesamt,2009,Insgesamt,01.07.,2245,e
Statistik der Sterbefälle,Deutschland,Insgesamt,2009,Insgesamt,02.07.,2314,e
Statistik der Sterbefälle,Deutschland,Insgesamt,2009,Insgesamt,03.07.,2360,e
Statistik der Sterbefälle,Deutschland,Insgesamt,2009,Insgesamt,04.07.,2244,e
Statistik der Sterbefälle,Deutschland,Insgesamt,2009,Insgesamt,05.07.,2261,e
Statistik der Sterbefälle,Deutschland,Insgesamt,2009,Insgesamt,06.07.,2242,e
Statistik der Sterbefälle,Deutschland,Insgesamt,2009,Insgesamt,07.07.,2208,e
Statistik der Sterbefälle,Deutschland,Insgesamt,2009,Insgesamt,08.07.,2062,e
Statistik der Sterbefälle,Deutschland,Insgesamt,2009,Insgesamt,09.07.,2081,e
Statistik der Sterbefälle,Deutschland,Insgesamt,2009,Insgesamt,10.07.,2039,e
Statistik der Sterbefälle,Deutschland,Insgesamt,2009,Insgesamt,11.07.,2027,e
Statistik der Sterbefälle,Deutschland,Insgesamt,2009,Insgesamt,12.07.,1998,e
Statistik der Sterbefälle,Deutschland,Insgesamt,2009,Insgesamt,13.07.,2175,e
Statistik der Sterbefälle,Deutschland,Insgesamt,2009,Insgesamt,14.07.,2204,e
Statistik der Sterbefälle,Deutschland,Insgesamt,2009,Insgesamt,15.07.,2161,e
Statistik der Sterbefälle,Deutschland,Insgesamt,2009,Insgesamt,16.07.,2161,e
Statistik der Sterbefälle,Deutschland,Insgesamt,2009,Insgesamt,17.07.,2267,e
Statistik der Sterbefälle,Deutschland,Insgesamt,2009,Insgesamt,18.07.,2009,e
Statistik der Sterbefälle,Deutschland,Insgesamt,2009,Insgesamt,19.07.,1937,e
Statistik der Sterbefälle,Deutschland,Insgesamt,2009,Insgesamt,20.07.,2019,e
Statistik der Sterbefälle,Deutschland,Insgesamt,2009,Insgesamt,21.07.,2186,e
Statistik der Sterbefälle,Deutschland,Insgesamt,2009,Insgesamt,22.07.,2248,e
Statistik der Sterbefälle,Deutschland,Insgesamt,2009,Insgesamt,23.07.,2196,e
Statistik der Sterbefälle,Deutschland,Insgesamt,2009,Insgesamt,24.07.,2165,e
Statistik der Sterbefälle,Deutschland,Insgesamt,2009,Insgesamt,25.07.,1996,e
Statistik der Sterbefälle,Deutschland,Insgesamt,2009,Insgesamt,26.07.,1944,e
Statistik der Sterbefälle,Deutschland,Insgesamt,2009,Insgesamt,27.07.,2148,e
Statistik der Sterbefälle,Deutschland,Insgesamt,2009,Insgesamt,28.07.,2061,e
Statistik der Sterbefälle,Deutschland,Insgesamt,2009,Insgesamt,29.07.,2159,e
Statistik der Sterbefälle,Deutschland,Insgesamt,2009,Insgesamt,30.07.,2041,e
Statistik der Sterbefälle,Deutschland,Insgesamt,2009,Insgesamt,31.07.,2117,e
Statistik der Sterbefälle,Deutschland,Insgesamt,2009,Insgesamt,01.08.,2101,e
Statistik der Sterbefälle,Deutschland,Insgesamt,2009,Insgesamt,02.08.,2160,e
Statistik der Sterbefälle,Deutschland,Insgesamt,2009,Insgesamt,03.08.,2125,e
Statistik der Sterbefälle,Deutschland,Insgesamt,2009,Insgesamt,04.08.,2114,e
Statistik der Sterbefälle,Deutschland,Insgesamt,2009,Insgesamt,05.08.,2003,e
Statistik der Sterbefälle,Deutschland,Insgesamt,2009,Insgesamt,06.08.,2166,e
Statistik der Sterbefälle,Deutschland,Insgesamt,2009,Insgesamt,07.08.,2320,e
Statistik der Sterbefälle,Deutschland,Insgesamt,2009,Insgesamt,08.08.,2179,e
Statistik der Sterbefälle,Deutschland,Insgesamt,2009,Insgesamt,09.08.,2093,e
Statistik der Sterbefälle,Deutschland,Insgesamt,2009,Insgesamt,10.08.,2149,e
Statistik der Sterbefälle,Deutschland,Insgesamt,2009,Insgesamt,11.08.,2194,e
Statistik der Sterbefälle,Deutschland,Insgesamt,2009,Insgesamt,12.08.,2136,e
Statistik der Sterbefälle,Deutschland,Insgesamt,2009,Insgesamt,13.08.,2045,e
Statistik der Sterbefälle,Deutschland,Insgesamt,2009,Insgesamt,14.08.,2038,e
Statistik der Sterbefälle,Deutschland,Insgesamt,2009,Insgesamt,15.08.,1977,e
Statistik der Sterbefälle,Deutschland,Insgesamt,2009,Insgesamt,16.08.,2109,e
Statistik der Sterbefälle,Deutschland,Insgesamt,2009,Insgesamt,17.08.,2163,e
Statistik der Sterbefälle,Deutschland,Insgesamt,2009,Insgesamt,18.08.,2106,e
Statistik der Sterbefälle,Deutschland,Insgesamt,2009,Insgesamt,19.08.,2049,e
Statistik der Sterbefälle,Deutschland,Insgesamt,2009,Insgesamt,20.08.,2261,e
Statistik der Sterbefälle,Deutschland,Insgesamt,2009,Insgesamt,21.08.,2174,e
Statistik der Sterbefälle,Deutschland,Insgesamt,2009,Insgesamt,22.08.,1933,e
Statistik der Sterbefälle,Deutschland,Insgesamt,2009,Insgesamt,23.08.,2028,e
Statistik der Sterbefälle,Deutschland,Insgesamt,2009,Insgesamt,24.08.,2095,e
Statistik der Sterbefälle,Deutschland,Insgesamt,2009,Insgesamt,25.08.,2110,e
Statistik der Sterbefälle,Deutschland,Insgesamt,2009,Insgesamt,26.08.,2098,e
Statistik der Sterbefälle,Deutschland,Insgesamt,2009,Insgesamt,27.08.,2125,e
Statistik der Sterbefälle,Deutschland,Insgesamt,2009,Insgesamt,28.08.,2197,e
Statistik der Sterbefälle,Deutschland,Insgesamt,2009,Insgesamt,29.08.,1864,e
Statistik der Sterbefälle,Deutschland,Insgesamt,2009,Insgesamt,30.08.,1909,e
Statistik der Sterbefälle,Deutschland,Insgesamt,2009,Insgesamt,31.08.,2022,e
Statistik der Sterbefälle,Deutschland,Insgesamt,2009,Insgesamt,01.09.,2283,e
Statistik der Sterbefälle,Deutschland,Insgesamt,2009,Insgesamt,02.09.,2105,e
Statistik der Sterbefälle,Deutschland,Insgesamt,2009,Insgesamt,03.09.,2075,e
Statistik der Sterbefälle,Deutschland,Insgesamt,2009,Insgesamt,04.09.,2072,e
Statistik der Sterbefälle,Deutschland,Insgesamt,2009,Insgesamt,05.09.,2045,e
Statistik der Sterbefälle,Deutschland,Insgesamt,2009,Insgesamt,06.09.,1973,e
Statistik der Sterbefälle,Deutschland,Insgesamt,2009,Insgesamt,07.09.,2085,e
Statistik der Sterbefälle,Deutschland,Insgesamt,2009,Insgesamt,08.09.,2142,e
Statistik der Sterbefälle,Deutschland,Insgesamt,2009,Insgesamt,09.09.,2128,e
Statistik der Sterbefälle,Deutschland,Insgesamt,2009,Insgesamt,10.09.,2066,e
Statistik der Sterbefälle,Deutschland,Insgesamt,2009,Insgesamt,11.09.,2072,e
Statistik der Sterbefälle,Deutschland,Insgesamt,2009,Insgesamt,12.09.,2105,e
Statistik der Sterbefälle,Deutschland,Insgesamt,2009,Insgesamt,13.09.,1994,e
Statistik der Sterbefälle,Deutschland,Insgesamt,2009,Insgesamt,14.09.,2034,e
Statistik der Sterbefälle,Deutschland,Insgesamt,2009,Insgesamt,15.09.,2062,e
Statistik der Sterbefälle,Deutschland,Insgesamt,2009,Insgesamt,16.09.,2197,e
Statistik der Sterbefälle,Deutschland,Insgesamt,2009,Insgesamt,17.09.,2182,e
Statistik der Sterbefälle,Deutschland,Insgesamt,2009,Insgesamt,18.09.,2141,e
Statistik der Sterbefälle,Deutschland,Insgesamt,2009,Insgesamt,19.09.,2090,e
Statistik der Sterbefälle,Deutschland,Insgesamt,2009,Insgesamt,20.09.,2206,e
Statistik der Sterbefälle,Deutschland,Insgesamt,2009,Insgesamt,21.09.,2173,e
Statistik der Sterbefälle,Deutschland,Insgesamt,2009,Insgesamt,22.09.,2179,e
Statistik der Sterbefälle,Deutschland,Insgesamt,2009,Insgesamt,23.09.,2231,e
Statistik der Sterbefälle,Deutschland,Insgesamt,2009,Insgesamt,24.09.,2080,e
Statistik der Sterbefälle,Deutschland,Insgesamt,2009,Insgesamt,25.09.,2070,e
Statistik der Sterbefälle,Deutschland,Insgesamt,2009,Insgesamt,26.09.,2064,e
Statistik der Sterbefälle,Deutschland,Insgesamt,2009,Insgesamt,27.09.,2099,e
Statistik der Sterbefälle,Deutschland,Insgesamt,2009,Insgesamt,28.09.,2191,e
Statistik der Sterbefälle,Deutschland,Insgesamt,2009,Insgesamt,29.09.,2205,e
Statistik der Sterbefälle,Deutschland,Insgesamt,2009,Insgesamt,30.09.,2139,e
Statistik der Sterbefälle,Deutschland,Insgesamt,2009,Insgesamt,01.10.,2127,e
Statistik der Sterbefälle,Deutschland,Insgesamt,2009,Insgesamt,02.10.,2134,e
Statistik der Sterbefälle,Deutschland,Insgesamt,2009,Insgesamt,03.10.,2190,e
Statistik der Sterbefälle,Deutschland,Insgesamt,2009,Insgesamt,04.10.,2013,e
Statistik der Sterbefälle,Deutschland,Insgesamt,2009,Insgesamt,05.10.,2221,e
Statistik der Sterbefälle,Deutschland,Insgesamt,2009,Insgesamt,06.10.,2301,e
Statistik der Sterbefälle,Deutschland,Insgesamt,2009,Insgesamt,07.10.,2293,e
Statistik der Sterbefälle,Deutschland,Insgesamt,2009,Insgesamt,08.10.,2275,e
Statistik der Sterbefälle,Deutschland,Insgesamt,2009,Insgesamt,09.10.,2229,e
Statistik der Sterbefälle,Deutschland,Insgesamt,2009,Insgesamt,10.10.,2203,e
Statistik der Sterbefälle,Deutschland,Insgesamt,2009,Insgesamt,11.10.,2040,e
Statistik der Sterbefälle,Deutschland,Insgesamt,2009,Insgesamt,12.10.,2146,e
Statistik der Sterbefälle,Deutschland,Insgesamt,2009,Insgesamt,13.10.,2228,e
Statistik der Sterbefälle,Deutschland,Insgesamt,2009,Insgesamt,14.10.,2135,e
Statistik der Sterbefälle,Deutschland,Insgesamt,2009,Insgesamt,15.10.,2323,e
Statistik der Sterbefälle,Deutschland,Insgesamt,2009,Insgesamt,16.10.,2240,e
Statistik der Sterbefälle,Deutschland,Insgesamt,2009,Insgesamt,17.10.,2230,e
Statistik der Sterbefälle,Deutschland,Insgesamt,2009,Insgesamt,18.10.,2167,e
Statistik der Sterbefälle,Deutschland,Insgesamt,2009,Insgesamt,19.10.,2347,e
Statistik der Sterbefälle,Deutschland,Insgesamt,2009,Insgesamt,20.10.,2306,e
Statistik der Sterbefälle,Deutschland,Insgesamt,2009,Insgesamt,21.10.,2393,e
Statistik der Sterbefälle,Deutschland,Insgesamt,2009,Insgesamt,22.10.,2260,e
Statistik der Sterbefälle,Deutschland,Insgesamt,2009,Insgesamt,23.10.,2363,e
Statistik der Sterbefälle,Deutschland,Insgesamt,2009,Insgesamt,24.10.,2289,e
Statistik der Sterbefälle,Deutschland,Insgesamt,2009,Insgesamt,25.10.,2417,e
Statistik der Sterbefälle,Deutschland,Insgesamt,2009,Insgesamt,26.10.,2349,e
Statistik der Sterbefälle,Deutschland,Insgesamt,2009,Insgesamt,27.10.,2236,e
Statistik der Sterbefälle,Deutschland,Insgesamt,2009,Insgesamt,28.10.,2225,e
Statistik der Sterbefälle,Deutschland,Insgesamt,2009,Insgesamt,29.10.,2243,e
Statistik der Sterbefälle,Deutschland,Insgesamt,2009,Insgesamt,30.10.,2267,e
Statistik der Sterbefälle,Deutschland,Insgesamt,2009,Insgesamt,31.10.,2201,e
Statistik der Sterbefälle,Deutschland,Insgesamt,2009,Insgesamt,01.11.,2211,e
Statistik der Sterbefälle,Deutschland,Insgesamt,2009,Insgesamt,02.11.,2305,e
Statistik der Sterbefälle,Deutschland,Insgesamt,2009,Insgesamt,03.11.,2450,e
Statistik der Sterbefälle,Deutschland,Insgesamt,2009,Insgesamt,04.11.,2357,e
Statistik der Sterbefälle,Deutschland,Insgesamt,2009,Insgesamt,05.11.,2439,e
Statistik der Sterbefälle,Deutschland,Insgesamt,2009,Insgesamt,06.11.,2280,e
Statistik der Sterbefälle,Deutschland,Insgesamt,2009,Insgesamt,07.11.,2336,e
Statistik der Sterbefälle,Deutschland,Insgesamt,2009,Insgesamt,08.11.,2207,e
Statistik der Sterbefälle,Deutschland,Insgesamt,2009,Insgesamt,09.11.,2321,e
Statistik der Sterbefälle,Deutschland,Insgesamt,2009,Insgesamt,10.11.,2361,e
Statistik der Sterbefälle,Deutschland,Insgesamt,2009,Insgesamt,11.11.,2309,e
Statistik der Sterbefälle,Deutschland,Insgesamt,2009,Insgesamt,12.11.,2333,e
Statistik der Sterbefälle,Deutschland,Insgesamt,2009,Insgesamt,13.11.,2381,e
Statistik der Sterbefälle,Deutschland,Insgesamt,2009,Insgesamt,14.11.,2421,e
Statistik der Sterbefälle,Deutschland,Insgesamt,2009,Insgesamt,15.11.,2246,e
Statistik der Sterbefälle,Deutschland,Insgesamt,2009,Insgesamt,16.11.,2362,e
Statistik der Sterbefälle,Deutschland,Insgesamt,2009,Insgesamt,17.11.,2497,e
Statistik der Sterbefälle,Deutschland,Insgesamt,2009,Insgesamt,18.11.,2337,e
Statistik der Sterbefälle,Deutschland,Insgesamt,2009,Insgesamt,19.11.,2354,e
Statistik der Sterbefälle,Deutschland,Insgesamt,2009,Insgesamt,20.11.,2265,e
Statistik der Sterbefälle,Deutschland,Insgesamt,2009,Insgesamt,21.11.,2290,e
Statistik der Sterbefälle,Deutschland,Insgesamt,2009,Insgesamt,22.11.,2266,e
Statistik der Sterbefälle,Deutschland,Insgesamt,2009,Insgesamt,23.11.,2368,e
Statistik der Sterbefälle,Deutschland,Insgesamt,2009,Insgesamt,24.11.,2383,e
Statistik der Sterbefälle,Deutschland,Insgesamt,2009,Insgesamt,25.11.,2292,e
Statistik der Sterbefälle,Deutschland,Insgesamt,2009,Insgesamt,26.11.,2276,e
Statistik der Sterbefälle,Deutschland,Insgesamt,2009,Insgesamt,27.11.,2325,e
Statistik der Sterbefälle,Deutschland,Insgesamt,2009,Insgesamt,28.11.,2285,e
Statistik der Sterbefälle,Deutschland,Insgesamt,2009,Insgesamt,29.11.,2296,e
Statistik der Sterbefälle,Deutschland,Insgesamt,2009,Insgesamt,30.11.,2417,e
Statistik der Sterbefälle,Deutschland,Insgesamt,2009,Insgesamt,01.12.,2334,e
Statistik der Sterbefälle,Deutschland,Insgesamt,2009,Insgesamt,02.12.,2272,e
Statistik der Sterbefälle,Deutschland,Insgesamt,2009,Insgesamt,03.12.,2320,e
Statistik der Sterbefälle,Deutschland,Insgesamt,2009,Insgesamt,04.12.,2405,e
Statistik der Sterbefälle,Deutschland,Insgesamt,2009,Insgesamt,05.12.,2362,e
Statistik der Sterbefälle,Deutschland,Insgesamt,2009,Insgesamt,06.12.,2228,e
Statistik der Sterbefälle,Deutschland,Insgesamt,2009,Insgesamt,07.12.,2387,e
Statistik der Sterbefälle,Deutschland,Insgesamt,2009,Insgesamt,08.12.,2430,e
Statistik der Sterbefälle,Deutschland,Insgesamt,2009,Insgesamt,09.12.,2351,e
Statistik der Sterbefälle,Deutschland,Insgesamt,2009,Insgesamt,10.12.,2395,e
Statistik der Sterbefälle,Deutschland,Insgesamt,2009,Insgesamt,11.12.,2353,e
Statistik der Sterbefälle,Deutschland,Insgesamt,2009,Insgesamt,12.12.,2258,e
Statistik der Sterbefälle,Deutschland,Insgesamt,2009,Insgesamt,13.12.,2169,e
Statistik der Sterbefälle,Deutschland,Insgesamt,2009,Insgesamt,14.12.,2369,e
Statistik der Sterbefälle,Deutschland,Insgesamt,2009,Insgesamt,15.12.,2340,e
Statistik der Sterbefälle,Deutschland,Insgesamt,2009,Insgesamt,16.12.,2371,e
Statistik der Sterbefälle,Deutschland,Insgesamt,2009,Insgesamt,17.12.,2464,e
Statistik der Sterbefälle,Deutschland,Insgesamt,2009,Insgesamt,18.12.,2571,e
Statistik der Sterbefälle,Deutschland,Insgesamt,2009,Insgesamt,19.12.,2488,e
Statistik der Sterbefälle,Deutschland,Insgesamt,2009,Insgesamt,20.12.,2401,e
Statistik der Sterbefälle,Deutschland,Insgesamt,2009,Insgesamt,21.12.,2547,e
Statistik der Sterbefälle,Deutschland,Insgesamt,2009,Insgesamt,22.12.,2686,e
Statistik der Sterbefälle,Deutschland,Insgesamt,2009,Insgesamt,23.12.,2591,e
Statistik der Sterbefälle,Deutschland,Insgesamt,2009,Insgesamt,24.12.,2564,e
Statistik der Sterbefälle,Deutschland,Insgesamt,2009,Insgesamt,25.12.,2587,e
Statistik der Sterbefälle,Deutschland,Insgesamt,2009,Insgesamt,26.12.,2451,e
Statistik der Sterbefälle,Deutschland,Insgesamt,2009,Insgesamt,27.12.,2386,e
Statistik der Sterbefälle,Deutschland,Insgesamt,2009,Insgesamt,28.12.,2476,e
Statistik der Sterbefälle,Deutschland,Insgesamt,2009,Insgesamt,29.12.,2543,e
Statistik der Sterbefälle,Deutschland,Insgesamt,2009,Insgesamt,30.12.,2611,e
Statistik der Sterbefälle,Deutschland,Insgesamt,2009,Insgesamt,31.12.,2546,e
Statistik der Sterbefälle,Deutschland,Insgesamt,2010,Insgesamt,Insgesamt,858768,e
Statistik der Sterbefälle,Deutschland,Insgesamt,2010,Insgesamt,01.01.,2476,e
Statistik der Sterbefälle,Deutschland,Insgesamt,2010,Insgesamt,02.01.,2472,e
Statistik der Sterbefälle,Deutschland,Insgesamt,2010,Insgesamt,03.01.,2342,e
Statistik der Sterbefälle,Deutschland,Insgesamt,2010,Insgesamt,04.01.,2443,e
Statistik der Sterbefälle,Deutschland,Insgesamt,2010,Insgesamt,05.01.,2510,e
Statistik der Sterbefälle,Deutschland,Insgesamt,2010,Insgesamt,06.01.,2496,e
Statistik der Sterbefälle,Deutschland,Insgesamt,2010,Insgesamt,07.01.,2609,e
Statistik der Sterbefälle,Deutschland,Insgesamt,2010,Insgesamt,08.01.,2542,e
Statistik der Sterbefälle,Deutschland,Insgesamt,2010,Insgesamt,09.01.,2467,e
Statistik der Sterbefälle,Deutschland,Insgesamt,2010,Insgesamt,10.01.,2493,e
Statistik der Sterbefälle,Deutschland,Insgesamt,2010,Insgesamt,11.01.,2551,e
Statistik der Sterbefälle,Deutschland,Insgesamt,2010,Insgesamt,12.01.,2577,e
Statistik der Sterbefälle,Deutschland,Insgesamt,2010,Insgesamt,13.01.,2552,e
Statistik der Sterbefälle,Deutschland,Insgesamt,2010,Insgesamt,14.01.,2503,e
Statistik der Sterbefälle,Deutschland,Insgesamt,2010,Insgesamt,15.01.,2566,e
Statistik der Sterbefälle,Deutschland,Insgesamt,2010,Insgesamt,16.01.,2533,e
Statistik der Sterbefälle,Deutschland,Insgesamt,2010,Insgesamt,17.01.,2494,e
Statistik der Sterbefälle,Deutschland,Insgesamt,2010,Insgesamt,18.01.,2514,e
Statistik der Sterbefälle,Deutschland,Insgesamt,2010,Insgesamt,19.01.,2588,e
Statistik der Sterbefälle,Deutschland,Insgesamt,2010,Insgesamt,20.01.,2573,e
Statistik der Sterbefälle,Deutschland,Insgesamt,2010,Insgesamt,21.01.,2509,e
Statistik der Sterbefälle,Deutschland,Insgesamt,2010,Insgesamt,22.01.,2459,e
Statistik der Sterbefälle,Deutschland,Insgesamt,2010,Insgesamt,23.01.,2359,e
Statistik der Sterbefälle,Deutschland,Insgesamt,2010,Insgesamt,24.01.,2307,e
Statistik der Sterbefälle,Deutschland,Insgesamt,2010,Insgesamt,25.01.,2490,e
Statistik der Sterbefälle,Deutschland,Insgesamt,2010,Insgesamt,26.01.,2411,e
Statistik der Sterbefälle,Deutschland,Insgesamt,2010,Insgesamt,27.01.,2469,e
Statistik der Sterbefälle,Deutschland,Insgesamt,2010,Insgesamt,28.01.,2625,e
Statistik der Sterbefälle,Deutschland,Insgesamt,2010,Insgesamt,29.01.,2527,e
Statistik der Sterbefälle,Deutschland,Insgesamt,2010,Insgesamt,30.01.,2514,e
Statistik der Sterbefälle,Deutschland,Insgesamt,2010,Insgesamt,31.01.,2419,e
Statistik der Sterbefälle,Deutschland,Insgesamt,2010,Insgesamt,01.02.,2604,e
Statistik der Sterbefälle,Deutschland,Insgesamt,2010,Insgesamt,02.02.,2533,e
Statistik der Sterbefälle,Deutschland,Insgesamt,2010,Insgesamt,03.02.,2533,e
Statistik der Sterbefälle,Deutschland,Insgesamt,2010,Insgesamt,04.02.,2561,e
Statistik der Sterbefälle,Deutschland,Insgesamt,2010,Insgesamt,05.02.,2528,e
Statistik der Sterbefälle,Deutschland,Insgesamt,2010,Insgesamt,06.02.,2491,e
Statistik der Sterbefälle,Deutschland,Insgesamt,2010,Insgesamt,07.02.,2340,e
Statistik der Sterbefälle,Deutschland,Insgesamt,2010,Insgesamt,08.02.,2487,e
Statistik der Sterbefälle,Deutschland,Insgesamt,2010,Insgesamt,09.02.,2540,e
Statistik der Sterbefälle,Deutschland,Insgesamt,2010,Insgesamt,10.02.,2490,e
Statistik der Sterbefälle,Deutschland,Insgesamt,2010,Insgesamt,11.02.,2549,e
Statistik der Sterbefälle,Deutschland,Insgesamt,2010,Insgesamt,12.02.,2620,e
Statistik der Sterbefälle,Deutschland,Insgesamt,2010,Insgesamt,13.02.,2562,e
Statistik der Sterbefälle,Deutschland,Insgesamt,2010,Insgesamt,14.02.,2453,e
Statistik der Sterbefälle,Deutschland,Insgesamt,2010,Insgesamt,15.02.,2638,e
Statistik der Sterbefälle,Deutschland,Insgesamt,2010,Insgesamt,16.02.,2535,e
Statistik der Sterbefälle,Deutschland,Insgesamt,2010,Insgesamt,17.02.,2610,e
Statistik der Sterbefälle,Deutschland,Insgesamt,2010,Insgesamt,18.02.,2586,e
Statistik der Sterbefälle,Deutschland,Insgesamt,2010,Insgesamt,19.02.,2738,e
Statistik der Sterbefälle,Deutschland,Insgesamt,2010,Insgesamt,20.02.,2485,e
Statistik der Sterbefälle,Deutschland,Insgesamt,2010,Insgesamt,21.02.,2485,e
Statistik der Sterbefälle,Deutschland,Insgesamt,2010,Insgesamt,22.02.,2626,e
Statistik der Sterbefälle,Deutschland,Insgesamt,2010,Insgesamt,23.02.,2588,e
Statistik der Sterbefälle,Deutschland,Insgesamt,2010,Insgesamt,24.02.,2588,e
Statistik der Sterbefälle,Deutschland,Insgesamt,2010,Insgesamt,25.02.,2647,e
Statistik der Sterbefälle,Deutschland,Insgesamt,2010,Insgesamt,26.02.,2555,e
Statistik der Sterbefälle,Deutschland,Insgesamt,2010,Insgesamt,27.02.,2425,e
Statistik der Sterbefälle,Deutschland,Insgesamt,2010,Insgesamt,28.02.,2469,e
Statistik der Sterbefälle,Deutschland,Insgesamt,2010,Insgesamt,29.02.,X,e
Statistik der Sterbefälle,Deutschland,Insgesamt,2010,Insgesamt,01.03.,2553,e
Statistik der Sterbefälle,Deutschland,Insgesamt,2010,Insgesamt,02.03.,2469,e
Statistik der Sterbefälle,Deutschland,Insgesamt,2010,Insgesamt,03.03.,2521,e
Statistik der Sterbefälle,Deutschland,Insgesamt,2010,Insgesamt,04.03.,2486,e
Statistik der Sterbefälle,Deutschland,Insgesamt,2010,Insgesamt,05.03.,2451,e
Statistik der Sterbefälle,Deutschland,Insgesamt,2010,Insgesamt,06.03.,2421,e
Statistik der Sterbefälle,Deutschland,Insgesamt,2010,Insgesamt,07.03.,2314,e
Statistik der Sterbefälle,Deutschland,Insgesamt,2010,Insgesamt,08.03.,2508,e
Statistik der Sterbefälle,Deutschland,Insgesamt,2010,Insgesamt,09.03.,2449,e
Statistik der Sterbefälle,Deutschland,Insgesamt,2010,Insgesamt,10.03.,2550,e
Statistik der Sterbefälle,Deutschland,Insgesamt,2010,Insgesamt,11.03.,2545,e
Statistik der Sterbefälle,Deutschland,Insgesamt,2010,Insgesamt,12.03.,2554,e
Statistik der Sterbefälle,Deutschland,Insgesamt,2010,Insgesamt,13.03.,2354,e
Statistik der Sterbefälle,Deutschland,Insgesamt,2010,Insgesamt,14.03.,2427,e
Statistik der Sterbefälle,Deutschland,Insgesamt,2010,Insgesamt,15.03.,2558,e
Statistik der Sterbefälle,Deutschland,Insgesamt,2010,Insgesamt,16.03.,2472,e
Statistik der Sterbefälle,Deutschland,Insgesamt,2010,Insgesamt,17.03.,2479,e
Statistik der Sterbefälle,Deutschland,Insgesamt,2010,Insgesamt,18.03.,2548,e
Statistik der Sterbefälle,Deutschland,Insgesamt,2010,Insgesamt,19.03.,2585,e
Statistik der Sterbefälle,Deutschland,Insgesamt,2010,Insgesamt,20.03.,2538,e
Statistik der Sterbefälle,Deutschland,Insgesamt,2010,Insgesamt,21.03.,2503,e
Statistik der Sterbefälle,Deutschland,Insgesamt,2010,Insgesamt,22.03.,2438,e
Statistik der Sterbefälle,Deutschland,Insgesamt,2010,Insgesamt,23.03.,2392,e
Statistik der Sterbefälle,Deutschland,Insgesamt,2010,Insgesamt,24.03.,2549,e
Statistik der Sterbefälle,Deutschland,Insgesamt,2010,Insgesamt,25.03.,2502,e
Statistik der Sterbefälle,Deutschland,Insgesamt,2010,Insgesamt,26.03.,2474,e
Statistik der Sterbefälle,Deutschland,Insgesamt,2010,Insgesamt,27.03.,2334,e
Statistik der Sterbefälle,Deutschland,Insgesamt,2010,Insgesamt,28.03.,2142,e
Statistik der Sterbefälle,Deutschland,Insgesamt,2010,Insgesamt,29.03.,2452,e
Statistik der Sterbefälle,Deutschland,Insgesamt,2010,Insgesamt,30.03.,2491,e
Statistik der Sterbefälle,Deutschland,Insgesamt,2010,Insgesamt,31.03.,2323,e
Statistik der Sterbefälle,Deutschland,Insgesamt,2010,Insgesamt,01.04.,2285,e
Statistik der Sterbefälle,Deutschland,Insgesamt,2010,Insgesamt,02.04.,2341,e
Statistik der Sterbefälle,Deutschland,Insgesamt,2010,Insgesamt,03.04.,2395,e
Statistik der Sterbefälle,Deutschland,Insgesamt,2010,Insgesamt,04.04.,2165,e
Statistik der Sterbefälle,Deutschland,Insgesamt,2010,Insgesamt,05.04.,2207,e
Statistik der Sterbefälle,Deutschland,Insgesamt,2010,Insgesamt,06.04.,2365,e
Statistik der Sterbefälle,Deutschland,Insgesamt,2010,Insgesamt,07.04.,2295,e
Statistik der Sterbefälle,Deutschland,Insgesamt,2010,Insgesamt,08.04.,2467,e
Statistik der Sterbefälle,Deutschland,Insgesamt,2010,Insgesamt,09.04.,2278,e
Statistik der Sterbefälle,Deutschland,Insgesamt,2010,Insgesamt,10.04.,2277,e
Statistik der Sterbefälle,Deutschland,Insgesamt,2010,Insgesamt,11.04.,2136,e
Statistik der Sterbefälle,Deutschland,Insgesamt,2010,Insgesamt,12.04.,2289,e
Statistik der Sterbefälle,Deutschland,Insgesamt,2010,Insgesamt,13.04.,2300,e
Statistik der Sterbefälle,Deutschland,Insgesamt,2010,Insgesamt,14.04.,2247,e
Statistik der Sterbefälle,Deutschland,Insgesamt,2010,Insgesamt,15.04.,2419,e
Statistik der Sterbefälle,Deutschland,Insgesamt,2010,Insgesamt,16.04.,2389,e
Statistik der Sterbefälle,Deutschland,Insgesamt,2010,Insgesamt,17.04.,2239,e
Statistik der Sterbefälle,Deutschland,Insgesamt,2010,Insgesamt,18.04.,2317,e
Statistik der Sterbefälle,Deutschland,Insgesamt,2010,Insgesamt,19.04.,2364,e
Statistik der Sterbefälle,Deutschland,Insgesamt,2010,Insgesamt,20.04.,2350,e
Statistik der Sterbefälle,Deutschland,Insgesamt,2010,Insgesamt,21.04.,2300,e
Statistik der Sterbefälle,Deutschland,Insgesamt,2010,Insgesamt,22.04.,2299,e
Statistik der Sterbefälle,Deutschland,Insgesamt,2010,Insgesamt,23.04.,2416,e
Statistik der Sterbefälle,Deutschland,Insgesamt,2010,Insgesamt,24.04.,2368,e
Statistik der Sterbefälle,Deutschland,Insgesamt,2010,Insgesamt,25.04.,2270,e
Statistik der Sterbefälle,Deutschland,Insgesamt,2010,Insgesamt,26.04.,2420,e
Statistik der Sterbefälle,Deutschland,Insgesamt,2010,Insgesamt,27.04.,2304,e
Statistik der Sterbefälle,Deutschland,Insgesamt,2010,Insgesamt,28.04.,2287,e
Statistik der Sterbefälle,Deutschland,Insgesamt,2010,Insgesamt,29.04.,2377,e
Statistik der Sterbefälle,Deutschland,Insgesamt,2010,Insgesamt,30.04.,2457,e
Statistik der Sterbefälle,Deutschland,Insgesamt,2010,Insgesamt,01.05.,2276,e
Statistik der Sterbefälle,Deutschland,Insgesamt,2010,Insgesamt,02.05.,2235,e
Statistik der Sterbefälle,Deutschland,Insgesamt,2010,Insgesamt,03.05.,2231,e
Statistik der Sterbefälle,Deutschland,Insgesamt,2010,Insgesamt,04.05.,2182,e
Statistik der Sterbefälle,Deutschland,Insgesamt,2010,Insgesamt,05.05.,2274,e
Statistik der Sterbefälle,Deutschland,Insgesamt,2010,Insgesamt,06.05.,2307,e
Statistik der Sterbefälle,Deutschland,Insgesamt,2010,Insgesamt,07.05.,2389,e
Statistik der Sterbefälle,Deutschland,Insgesamt,2010,Insgesamt,08.05.,2235,e
Statistik der Sterbefälle,Deutschland,Insgesamt,2010,Insgesamt,09.05.,2177,e
Statistik der Sterbefälle,Deutschland,Insgesamt,2010,Insgesamt,10.05.,2367,e
Statistik der Sterbefälle,Deutschland,Insgesamt,2010,Insgesamt,11.05.,2259,e
Statistik der Sterbefälle,Deutschland,Insgesamt,2010,Insgesamt,12.05.,2277,e
Statistik der Sterbefälle,Deutschland,Insgesamt,2010,Insgesamt,13.05.,2251,e
Statistik der Sterbefälle,Deutschland,Insgesamt,2010,Insgesamt,14.05.,2270,e
Statistik der Sterbefälle,Deutschland,Insgesamt,2010,Insgesamt,15.05.,2274,e
Statistik der Sterbefälle,Deutschland,Insgesamt,2010,Insgesamt,16.05.,2080,e
Statistik der Sterbefälle,Deutschland,Insgesamt,2010,Insgesamt,17.05.,2307,e
Statistik der Sterbefälle,Deutschland,Insgesamt,2010,Insgesamt,18.05.,2227,e
Statistik der Sterbefälle,Deutschland,Insgesamt,2010,Insgesamt,19.05.,2240,e
Statistik der Sterbefälle,Deutschland,Insgesamt,2010,Insgesamt,20.05.,2308,e
Statistik der Sterbefälle,Deutschland,Insgesamt,2010,Insgesamt,21.05.,2198,e
Statistik der Sterbefälle,Deutschland,Insgesamt,2010,Insgesamt,22.05.,2302,e
Statistik der Sterbefälle,Deutschland,Insgesamt,2010,Insgesamt,23.05.,2206,e
Statistik der Sterbefälle,Deutschland,Insgesamt,2010,Insgesamt,24.05.,2392,e
Statistik der Sterbefälle,Deutschland,Insgesamt,2010,Insgesamt,25.05.,2306,e
Statistik der Sterbefälle,Deutschland,Insgesamt,2010,Insgesamt,26.05.,2303,e
Statistik der Sterbefälle,Deutschland,Insgesamt,2010,Insgesamt,27.05.,2227,e
Statistik der Sterbefälle,Deutschland,Insgesamt,2010,Insgesamt,28.05.,2280,e
Statistik der Sterbefälle,Deutschland,Insgesamt,2010,Insgesamt,29.05.,2306,e
Statistik der Sterbefälle,Deutschland,Insgesamt,2010,Insgesamt,30.05.,2215,e
Statistik der Sterbefälle,Deutschland,Insgesamt,2010,Insgesamt,31.05.,2175,e
Statistik der Sterbefälle,Deutschland,Insgesamt,2010,Insgesamt,01.06.,2245,e
Statistik der Sterbefälle,Deutschland,Insgesamt,2010,Insgesamt,02.06.,2221,e
Statistik der Sterbefälle,Deutschland,Insgesamt,2010,Insgesamt,03.06.,2120,e
Statistik der Sterbefälle,Deutschland,Insgesamt,2010,Insgesamt,04.06.,2213,e
Statistik der Sterbefälle,Deutschland,Insgesamt,2010,Insgesamt,05.06.,2288,e
Statistik der Sterbefälle,Deutschland,Insgesamt,2010,Insgesamt,06.06.,2235,e
Statistik der Sterbefälle,Deutschland,Insgesamt,2010,Insgesamt,07.06.,2366,e
Statistik der Sterbefälle,Deutschland,Insgesamt,2010,Insgesamt,08.06.,2247,e
Statistik der Sterbefälle,Deutschland,Insgesamt,2010,Insgesamt,09.06.,2378,e
Statistik der Sterbefälle,Deutschland,Insgesamt,2010,Insgesamt,10.06.,2410,e
Statistik der Sterbefälle,Deutschland,Insgesamt,2010,Insgesamt,11.06.,2377,e
Statistik der Sterbefälle,Deutschland,Insgesamt,2010,Insgesamt,12.06.,2202,e
Statistik der Sterbefälle,Deutschland,Insgesamt,2010,Insgesamt,13.06.,1939,e
Statistik der Sterbefälle,Deutschland,Insgesamt,2010,Insgesamt,14.06.,2102,e
Statistik der Sterbefälle,Deutschland,Insgesamt,2010,Insgesamt,15.06.,2023,e
Statistik der Sterbefälle,Deutschland,Insgesamt,2010,Insgesamt,16.06.,2151,e
Statistik der Sterbefälle,Deutschland,Insgesamt,2010,Insgesamt,17.06.,2314,e
Statistik der Sterbefälle,Deutschland,Insgesamt,2010,Insgesamt,18.06.,2201,e
Statistik der Sterbefälle,Deutschland,Insgesamt,2010,Insgesamt,19.06.,2207,e
Statistik der Sterbefälle,Deutschland,Insgesamt,2010,Insgesamt,20.06.,2108,e
Statistik der Sterbefälle,Deutschland,Insgesamt,2010,Insgesamt,21.06.,2110,e
Statistik der Sterbefälle,Deutschland,Insgesamt,2010,Insgesamt,22.06.,2152,e
Statistik der Sterbefälle,Deutschland,Insgesamt,2010,Insgesamt,23.06.,2234,e
Statistik der Sterbefälle,Deutschland,Insgesamt,2010,Insgesamt,24.06.,2253,e
Statistik der Sterbefälle,Deutschland,Insgesamt,2010,Insgesamt,25.06.,2330,e
Statistik der Sterbefälle,Deutschland,Insgesamt,2010,Insgesamt,26.06.,2239,e
Statistik der Sterbefälle,Deutschland,Insgesamt,2010,Insgesamt,27.06.,2196,e
Statistik der Sterbefälle,Deutschland,Insgesamt,2010,Insgesamt,28.06.,2390,e
Statistik der Sterbefälle,Deutschland,Insgesamt,2010,Insgesamt,29.06.,2391,e
Statistik der Sterbefälle,Deutschland,Insgesamt,2010,Insgesamt,30.06.,2381,e
Statistik der Sterbefälle,Deutschland,Insgesamt,2010,Insgesamt,01.07.,2380,e
Statistik der Sterbefälle,Deutschland,Insgesamt,2010,Insgesamt,02.07.,2535,e
Statistik der Sterbefälle,Deutschland,Insgesamt,2010,Insgesamt,03.07.,2690,e
Statistik der Sterbefälle,Deutschland,Insgesamt,2010,Insgesamt,04.07.,2579,e
Statistik der Sterbefälle,Deutschland,Insgesamt,2010,Insgesamt,05.07.,2453,e
Statistik der Sterbefälle,Deutschland,Insgesamt,2010,Insgesamt,06.07.,2277,e
Statistik der Sterbefälle,Deutschland,Insgesamt,2010,Insgesamt,07.07.,2130,e
Statistik der Sterbefälle,Deutschland,Insgesamt,2010,Insgesamt,08.07.,2222,e
Statistik der Sterbefälle,Deutschland,Insgesamt,2010,Insgesamt,09.07.,2465,e
Statistik der Sterbefälle,Deutschland,Insgesamt,2010,Insgesamt,10.07.,2655,e
Statistik der Sterbefälle,Deutschland,Insgesamt,2010,Insgesamt,11.07.,2780,e
Statistik der Sterbefälle,Deutschland,Insgesamt,2010,Insgesamt,12.07.,3004,e
Statistik der Sterbefälle,Deutschland,Insgesamt,2010,Insgesamt,13.07.,2784,e
Statistik der Sterbefälle,Deutschland,Insgesamt,2010,Insgesamt,14.07.,2681,e
Statistik der Sterbefälle,Deutschland,Insgesamt,2010,Insgesamt,15.07.,2577,e
Statistik der Sterbefälle,Deutschland,Insgesamt,2010,Insgesamt,16.07.,2418,e
Statistik der Sterbefälle,Deutschland,Insgesamt,2010,Insgesamt,17.07.,2467,e
Statistik der Sterbefälle,Deutschland,Insgesamt,2010,Insgesamt,18.07.,2095,e
Statistik der Sterbefälle,Deutschland,Insgesamt,2010,Insgesamt,19.07.,2156,e
Statistik der Sterbefälle,Deutschland,Insgesamt,2010,Insgesamt,20.07.,2316,e
Statistik der Sterbefälle,Deutschland,Insgesamt,2010,Insgesamt,21.07.,2392,e
Statistik der Sterbefälle,Deutschland,Insgesamt,2010,Insgesamt,22.07.,2402,e
Statistik der Sterbefälle,Deutschland,Insgesamt,2010,Insgesamt,23.07.,2234,e
Statistik der Sterbefälle,Deutschland,Insgesamt,2010,Insgesamt,24.07.,2061,e
Statistik der Sterbefälle,Deutschland,Insgesamt,2010,Insgesamt,25.07.,1982,e
Statistik der Sterbefälle,Deutschland,Insgesamt,2010,Insgesamt,26.07.,2097,e
Statistik der Sterbefälle,Deutschland,Insgesamt,2010,Insgesamt,27.07.,2121,e
Statistik der Sterbefälle,Deutschland,Insgesamt,2010,Insgesamt,28.07.,2121,e
Statistik der Sterbefälle,Deutschland,Insgesamt,2010,Insgesamt,29.07.,2030,e
Statistik der Sterbefälle,Deutschland,Insgesamt,2010,Insgesamt,30.07.,2160,e
Statistik der Sterbefälle,Deutschland,Insgesamt,2010,Insgesamt,31.07.,2109,e
Statistik der Sterbefälle,Deutschland,Insgesamt,2010,Insgesamt,01.08.,2226,e
Statistik der Sterbefälle,Deutschland,Insgesamt,2010,Insgesamt,02.08.,2200,e
Statistik der Sterbefälle,Deutschland,Insgesamt,2010,Insgesamt,03.08.,2204,e
Statistik der Sterbefälle,Deutschland,Insgesamt,2010,Insgesamt,04.08.,2188,e
Statistik der Sterbefälle,Deutschland,Insgesamt,2010,Insgesamt,05.08.,2117,e
Statistik der Sterbefälle,Deutschland,Insgesamt,2010,Insgesamt,06.08.,2142,e
Statistik der Sterbefälle,Deutschland,Insgesamt,2010,Insgesamt,07.08.,2154,e
Statistik der Sterbefälle,Deutschland,Insgesamt,2010,Insgesamt,08.08.,2092,e
Statistik der Sterbefälle,Deutschland,Insgesamt,2010,Insgesamt,09.08.,2138,e
Statistik der Sterbefälle,Deutschland,Insgesamt,2010,Insgesamt,10.08.,2209,e
Statistik der Sterbefälle,Deutschland,Insgesamt,2010,Insgesamt,11.08.,2376,e
Statistik der Sterbefälle,Deutschland,Insgesamt,2010,Insgesamt,12.08.,2176,e
Statistik der Sterbefälle,Deutschland,Insgesamt,2010,Insgesamt,13.08.,2198,e
Statistik der Sterbefälle,Deutschland,Insgesamt,2010,Insgesamt,14.08.,2141,e
Statistik der Sterbefälle,Deutschland,Insgesamt,2010,Insgesamt,15.08.,2168,e
Statistik der Sterbefälle,Deutschland,Insgesamt,2010,Insgesamt,16.08.,2132,e
Statistik der Sterbefälle,Deutschland,Insgesamt,2010,Insgesamt,17.08.,2139,e
Statistik der Sterbefälle,Deutschland,Insgesamt,2010,Insgesamt,18.08.,2156,e
Statistik der Sterbefälle,Deutschland,Insgesamt,2010,Insgesamt,19.08.,2194,e
Statistik der Sterbefälle,Deutschland,Insgesamt,2010,Insgesamt,20.08.,2187,e
Statistik der Sterbefälle,Deutschland,Insgesamt,2010,Insgesamt,21.08.,2263,e
Statistik der Sterbefälle,Deutschland,Insgesamt,2010,Insgesamt,22.08.,2291,e
Statistik der Sterbefälle,Deutschland,Insgesamt,2010,Insgesamt,23.08.,2265,e
Statistik der Sterbefälle,Deutschland,Insgesamt,2010,Insgesamt,24.08.,2263,e
Statistik der Sterbefälle,Deutschland,Insgesamt,2010,Insgesamt,25.08.,2071,e
Statistik der Sterbefälle,Deutschland,Insgesamt,2010,Insgesamt,26.08.,2216,e
Statistik der Sterbefälle,Deutschland,Insgesamt,2010,Insgesamt,27.08.,2273,e
Statistik der Sterbefälle,Deutschland,Insgesamt,2010,Insgesamt,28.08.,2119,e
Statistik der Sterbefälle,Deutschland,Insgesamt,2010,Insgesamt,29.08.,2008,e
Statistik der Sterbefälle,Deutschland,Insgesamt,2010,Insgesamt,30.08.,2114,e
Statistik der Sterbefälle,Deutschland,Insgesamt,2010,Insgesamt,31.08.,2108,e
Statistik der Sterbefälle,Deutschland,Insgesamt,2010,Insgesamt,01.09.,2110,e
Statistik der Sterbefälle,Deutschland,Insgesamt,2010,Insgesamt,02.09.,2213,e
Statistik der Sterbefälle,Deutschland,Insgesamt,2010,Insgesamt,03.09.,2135,e
Statistik der Sterbefälle,Deutschland,Insgesamt,2010,Insgesamt,04.09.,2161,e
Statistik der Sterbefälle,Deutschland,Insgesamt,2010,Insgesamt,05.09.,2138,e
Statistik der Sterbefälle,Deutschland,Insgesamt,2010,Insgesamt,06.09.,2188,e
Statistik der Sterbefälle,Deutschland,Insgesamt,2010,Insgesamt,07.09.,2207,e
Statistik der Sterbefälle,Deutschland,Insgesamt,2010,Insgesamt,08.09.,2266,e
Statistik der Sterbefälle,Deutschland,Insgesamt,2010,Insgesamt,09.09.,2198,e
Statistik der Sterbefälle,Deutschland,Insgesamt,2010,Insgesamt,10.09.,2302,e
Statistik der Sterbefälle,Deutschland,Insgesamt,2010,Insgesamt,11.09.,2210,e
Statistik der Sterbefälle,Deutschland,Insgesamt,2010,Insgesamt,12.09.,2232,e
Statistik der Sterbefälle,Deutschland,Insgesamt,2010,Insgesamt,13.09.,2234,e
Statistik der Sterbefälle,Deutschland,Insgesamt,2010,Insgesamt,14.09.,2121,e
Statistik der Sterbefälle,Deutschland,Insgesamt,2010,Insgesamt,15.09.,2270,e
Statistik der Sterbefälle,Deutschland,Insgesamt,2010,Insgesamt,16.09.,2215,e
Statistik der Sterbefälle,Deutschland,Insgesamt,2010,Insgesamt,17.09.,2271,e
Statistik der Sterbefälle,Deutschland,Insgesamt,2010,Insgesamt,18.09.,2120,e
Statistik der Sterbefälle,Deutschland,Insgesamt,2010,Insgesamt,19.09.,2233,e
Statistik der Sterbefälle,Deutschland,Insgesamt,2010,Insgesamt,20.09.,2246,e
Statistik der Sterbefälle,Deutschland,Insgesamt,2010,Insgesamt,21.09.,2322,e
Statistik der Sterbefälle,Deutschland,Insgesamt,2010,Insgesamt,22.09.,2339,e
Statistik der Sterbefälle,Deutschland,Insgesamt,2010,Insgesamt,23.09.,2363,e
Statistik der Sterbefälle,Deutschland,Insgesamt,2010,Insgesamt,24.09.,2387,e
Statistik der Sterbefälle,Deutschland,Insgesamt,2010,Insgesamt,25.09.,2231,e
Statistik der Sterbefälle,Deutschland,Insgesamt,2010,Insgesamt,26.09.,2143,e
Statistik der Sterbefälle,Deutschland,Insgesamt,2010,Insgesamt,27.09.,2153,e
Statistik der Sterbefälle,Deutschland,Insgesamt,2010,Insgesamt,28.09.,2203,e
Statistik der Sterbefälle,Deutschland,Insgesamt,2010,Insgesamt,29.09.,2215,e
Statistik der Sterbefälle,Deutschland,Insgesamt,2010,Insgesamt,30.09.,2220,e
Statistik der Sterbefälle,Deutschland,Insgesamt,2010,Insgesamt,01.10.,2283,e
Statistik der Sterbefälle,Deutschland,Insgesamt,2010,Insgesamt,02.10.,2270,e
Statistik der Sterbefälle,Deutschland,Insgesamt,2010,Insgesamt,03.10.,2277,e
Statistik der Sterbefälle,Deutschland,Insgesamt,2010,Insgesamt,04.10.,2432,e
Statistik der Sterbefälle,Deutschland,Insgesamt,2010,Insgesamt,05.10.,2390,e
Statistik der Sterbefälle,Deutschland,Insgesamt,2010,Insgesamt,06.10.,2306,e
Statistik der Sterbefälle,Deutschland,Insgesamt,2010,Insgesamt,07.10.,2328,e
Statistik der Sterbefälle,Deutschland,Insgesamt,2010,Insgesamt,08.10.,2338,e
Statistik der Sterbefälle,Deutschland,Insgesamt,2010,Insgesamt,09.10.,2181,e
Statistik der Sterbefälle,Deutschland,Insgesamt,2010,Insgesamt,10.10.,2111,e
Statistik der Sterbefälle,Deutschland,Insgesamt,2010,Insgesamt,11.10.,2325,e
Statistik der Sterbefälle,Deutschland,Insgesamt,2010,Insgesamt,12.10.,2277,e
Statistik der Sterbefälle,Deutschland,Insgesamt,2010,Insgesamt,13.10.,2296,e
Statistik der Sterbefälle,Deutschland,Insgesamt,2010,Insgesamt,14.10.,2312,e
Statistik der Sterbefälle,Deutschland,Insgesamt,2010,Insgesamt,15.10.,2272,e
Statistik der Sterbefälle,Deutschland,Insgesamt,2010,Insgesamt,16.10.,2252,e
Statistik der Sterbefälle,Deutschland,Insgesamt,2010,Insgesamt,17.10.,2175,e
Statistik der Sterbefälle,Deutschland,Insgesamt,2010,Insgesamt,18.10.,2276,e
Statistik der Sterbefälle,Deutschland,Insgesamt,2010,Insgesamt,19.10.,2328,e
Statistik der Sterbefälle,Deutschland,Insgesamt,2010,Insgesamt,20.10.,2259,e
Statistik der Sterbefälle,Deutschland,Insgesamt,2010,Insgesamt,21.10.,2350,e
Statistik der Sterbefälle,Deutschland,Insgesamt,2010,Insgesamt,22.10.,2255,e
Statistik der Sterbefälle,Deutschland,Insgesamt,2010,Insgesamt,23.10.,2347,e
Statistik der Sterbefälle,Deutschland,Insgesamt,2010,Insgesamt,24.10.,2246,e
Statistik der Sterbefälle,Deutschland,Insgesamt,2010,Insgesamt,25.10.,2393,e
Statistik der Sterbefälle,Deutschland,Insgesamt,2010,Insgesamt,26.10.,2331,e
Statistik der Sterbefälle,Deutschland,Insgesamt,2010,Insgesamt,27.10.,2306,e
Statistik der Sterbefälle,Deutschland,Insgesamt,2010,Insgesamt,28.10.,2368,e
Statistik der Sterbefälle,Deutschland,Insgesamt,2010,Insgesamt,29.10.,2340,e
Statistik der Sterbefälle,Deutschland,Insgesamt,2010,Insgesamt,30.10.,2321,e
Statistik der Sterbefälle,Deutschland,Insgesamt,2010,Insgesamt,31.10.,2398,e
Statistik der Sterbefälle,Deutschland,Insgesamt,2010,Insgesamt,01.11.,2275,e
Statistik der Sterbefälle,Deutschland,Insgesamt,2010,Insgesamt,02.11.,2313,e
Statistik der Sterbefälle,Deutschland,Insgesamt,2010,Insgesamt,03.11.,2279,e
Statistik der Sterbefälle,Deutschland,Insgesamt,2010,Insgesamt,04.11.,2276,e
Statistik der Sterbefälle,Deutschland,Insgesamt,2010,Insgesamt,05.11.,2304,e
Statistik der Sterbefälle,Deutschland,Insgesamt,2010,Insgesamt,06.11.,2279,e
Statistik der Sterbefälle,Deutschland,Insgesamt,2010,Insgesamt,07.11.,2255,e
Statistik der Sterbefälle,Deutschland,Insgesamt,2010,Insgesamt,08.11.,2431,e
Statistik der Sterbefälle,Deutschland,Insgesamt,2010,Insgesamt,09.11.,2331,e
Statistik der Sterbefälle,Deutschland,Insgesamt,2010,Insgesamt,10.11.,2333,e
Statistik der Sterbefälle,Deutschland,Insgesamt,2010,Insgesamt,11.11.,2298,e
Statistik der Sterbefälle,Deutschland,Insgesamt,2010,Insgesamt,12.11.,2308,e
Statistik der Sterbefälle,Deutschland,Insgesamt,2010,Insgesamt,13.11.,2347,e
Statistik der Sterbefälle,Deutschland,Insgesamt,2010,Insgesamt,14.11.,2268,e
Statistik der Sterbefälle,Deutschland,Insgesamt,2010,Insgesamt,15.11.,2299,e
Statistik der Sterbefälle,Deutschland,Insgesamt,2010,Insgesamt,16.11.,2273,e
Statistik der Sterbefälle,Deutschland,Insgesamt,2010,Insgesamt,17.11.,2313,e
Statistik der Sterbefälle,Deutschland,Insgesamt,2010,Insgesamt,18.11.,2318,e
Statistik der Sterbefälle,Deutschland,Insgesamt,2010,Insgesamt,19.11.,2250,e
Statistik der Sterbefälle,Deutschland,Insgesamt,2010,Insgesamt,20.11.,2320,e
Statistik der Sterbefälle,Deutschland,Insgesamt,2010,Insgesamt,21.11.,2229,e
Statistik der Sterbefälle,Deutschland,Insgesamt,2010,Insgesamt,22.11.,2378,e
Statistik der Sterbefälle,Deutschland,Insgesamt,2010,Insgesamt,23.11.,2486,e
Statistik der Sterbefälle,Deutschland,Insgesamt,2010,Insgesamt,24.11.,2290,e
Statistik der Sterbefälle,Deutschland,Insgesamt,2010,Insgesamt,25.11.,2303,e
Statistik der Sterbefälle,Deutschland,Insgesamt,2010,Insgesamt,26.11.,2360,e
Statistik der Sterbefälle,Deutschland,Insgesamt,2010,Insgesamt,27.11.,2406,e
Statistik der Sterbefälle,Deutschland,Insgesamt,2010,Insgesamt,28.11.,2330,e
Statistik der Sterbefälle,Deutschland,Insgesamt,2010,Insgesamt,29.11.,2440,e
Statistik der Sterbefälle,Deutschland,Insgesamt,2010,Insgesamt,30.11.,2371,e
Statistik der Sterbefälle,Deutschland,Insgesamt,2010,Insgesamt,01.12.,2451,e
Statistik der Sterbefälle,Deutschland,Insgesamt,2010,Insgesamt,02.12.,2532,e
Statistik der Sterbefälle,Deutschland,Insgesamt,2010,Insgesamt,03.12.,2370,e
Statistik der Sterbefälle,Deutschland,Insgesamt,2010,Insgesamt,04.12.,2387,e
Statistik der Sterbefälle,Deutschland,Insgesamt,2010,Insgesamt,05.12.,2514,e
Statistik der Sterbefälle,Deutschland,Insgesamt,2010,Insgesamt,06.12.,2556,e
Statistik der Sterbefälle,Deutschland,Insgesamt,2010,Insgesamt,07.12.,2499,e
Statistik der Sterbefälle,Deutschland,Insgesamt,2010,Insgesamt,08.12.,2566,e
Statistik der Sterbefälle,Deutschland,Insgesamt,2010,Insgesamt,09.12.,2641,e
Statistik der Sterbefälle,Deutschland,Insgesamt,2010,Insgesamt,10.12.,2547,e
Statistik der Sterbefälle,Deutschland,Insgesamt,2010,Insgesamt,11.12.,2528,e
Statistik der Sterbefälle,Deutschland,Insgesamt,2010,Insgesamt,12.12.,2444,e
Statistik der Sterbefälle,Deutschland,Insgesamt,2010,Insgesamt,13.12.,2461,e
Statistik der Sterbefälle,Deutschland,Insgesamt,2010,Insgesamt,14.12.,2449,e
Statistik der Sterbefälle,Deutschland,Insgesamt,2010,Insgesamt,15.12.,2456,e
Statistik der Sterbefälle,Deutschland,Insgesamt,2010,Insgesamt,16.12.,2635,e
Statistik der Sterbefälle,Deutschland,Insgesamt,2010,Insgesamt,17.12.,2662,e
Statistik der Sterbefälle,Deutschland,Insgesamt,2010,Insgesamt,18.12.,2503,e
Statistik der Sterbefälle,Deutschland,Insgesamt,2010,Insgesamt,19.12.,2517,e
Statistik der Sterbefälle,Deutschland,Insgesamt,2010,Insgesamt,20.12.,2650,e
Statistik der Sterbefälle,Deutschland,Insgesamt,2010,Insgesamt,21.12.,2503,e
Statistik der Sterbefälle,Deutschland,Insgesamt,2010,Insgesamt,22.12.,2578,e
Statistik der Sterbefälle,Deutschland,Insgesamt,2010,Insgesamt,23.12.,2672,e
Statistik der Sterbefälle,Deutschland,Insgesamt,2010,Insgesamt,24.12.,2635,e
Statistik der Sterbefälle,Deutschland,Insgesamt,2010,Insgesamt,25.12.,2505,e
Statistik der Sterbefälle,Deutschland,Insgesamt,2010,Insgesamt,26.12.,2487,e
Statistik der Sterbefälle,Deutschland,Insgesamt,2010,Insgesamt,27.12.,2554,e
Statistik der Sterbefälle,Deutschland,Insgesamt,2010,Insgesamt,28.12.,2506,e
Statistik der Sterbefälle,Deutschland,Insgesamt,2010,Insgesamt,29.12.,2622,e
Statistik der Sterbefälle,Deutschland,Insgesamt,2010,Insgesamt,30.12.,2502,e
Statistik der Sterbefälle,Deutschland,Insgesamt,2010,Insgesamt,31.12.,2523,e
Statistik der Sterbefälle,Deutschland,Insgesamt,2011,Insgesamt,Insgesamt,852328,e
Statistik der Sterbefälle,Deutschland,Insgesamt,2011,Insgesamt,01.01.,2668,e
Statistik der Sterbefälle,Deutschland,Insgesamt,2011,Insgesamt,02.01.,2507,e
Statistik der Sterbefälle,Deutschland,Insgesamt,2011,Insgesamt,03.01.,2460,e
Statistik der Sterbefälle,Deutschland,Insgesamt,2011,Insgesamt,04.01.,2626,e
Statistik der Sterbefälle,Deutschland,Insgesamt,2011,Insgesamt,05.01.,2626,e
Statistik der Sterbefälle,Deutschland,Insgesamt,2011,Insgesamt,06.01.,2697,e
Statistik der Sterbefälle,Deutschland,Insgesamt,2011,Insgesamt,07.01.,2641,e
Statistik der Sterbefälle,Deutschland,Insgesamt,2011,Insgesamt,08.01.,2606,e
Statistik der Sterbefälle,Deutschland,Insgesamt,2011,Insgesamt,09.01.,2431,e
Statistik der Sterbefälle,Deutschland,Insgesamt,2011,Insgesamt,10.01.,2507,e
Statistik der Sterbefälle,Deutschland,Insgesamt,2011,Insgesamt,11.01.,2570,e
Statistik der Sterbefälle,Deutschland,Insgesamt,2011,Insgesamt,12.01.,2514,e
Statistik der Sterbefälle,Deutschland,Insgesamt,2011,Insgesamt,13.01.,2562,e
Statistik der Sterbefälle,Deutschland,Insgesamt,2011,Insgesamt,14.01.,2607,e
Statistik der Sterbefälle,Deutschland,Insgesamt,2011,Insgesamt,15.01.,2435,e
Statistik der Sterbefälle,Deutschland,Insgesamt,2011,Insgesamt,16.01.,2300,e
Statistik der Sterbefälle,Deutschland,Insgesamt,2011,Insgesamt,17.01.,2433,e
Statistik der Sterbefälle,Deutschland,Insgesamt,2011,Insgesamt,18.01.,2425,e
Statistik der Sterbefälle,Deutschland,Insgesamt,2011,Insgesamt,19.01.,2323,e
Statistik der Sterbefälle,Deutschland,Insgesamt,2011,Insgesamt,20.01.,2447,e
Statistik der Sterbefälle,Deutschland,Insgesamt,2011,Insgesamt,21.01.,2355,e
Statistik der Sterbefälle,Deutschland,Insgesamt,2011,Insgesamt,22.01.,2371,e
Statistik der Sterbefälle,Deutschland,Insgesamt,2011,Insgesamt,23.01.,2298,e
Statistik der Sterbefälle,Deutschland,Insgesamt,2011,Insgesamt,24.01.,2456,e
Statistik der Sterbefälle,Deutschland,Insgesamt,2011,Insgesamt,25.01.,2448,e
Statistik der Sterbefälle,Deutschland,Insgesamt,2011,Insgesamt,26.01.,2434,e
Statistik der Sterbefälle,Deutschland,Insgesamt,2011,Insgesamt,27.01.,2426,e
Statistik der Sterbefälle,Deutschland,Insgesamt,2011,Insgesamt,28.01.,2445,e
Statistik der Sterbefälle,Deutschland,Insgesamt,2011,Insgesamt,29.01.,2324,e
Statistik der Sterbefälle,Deutschland,Insgesamt,2011,Insgesamt,30.01.,2376,e
Statistik der Sterbefälle,Deutschland,Insgesamt,2011,Insgesamt,31.01.,2462,e
Statistik der Sterbefälle,Deutschland,Insgesamt,2011,Insgesamt,01.02.,2550,e
Statistik der Sterbefälle,Deutschland,Insgesamt,2011,Insgesamt,02.02.,2539,e
Statistik der Sterbefälle,Deutschland,Insgesamt,2011,Insgesamt,03.02.,2563,e
Statistik der Sterbefälle,Deutschland,Insgesamt,2011,Insgesamt,04.02.,2606,e
Statistik der Sterbefälle,Deutschland,Insgesamt,2011,Insgesamt,05.02.,2598,e
Statistik der Sterbefälle,Deutschland,Insgesamt,2011,Insgesamt,06.02.,2363,e
Statistik der Sterbefälle,Deutschland,Insgesamt,2011,Insgesamt,07.02.,2552,e
Statistik der Sterbefälle,Deutschland,Insgesamt,2011,Insgesamt,08.02.,2458,e
Statistik der Sterbefälle,Deutschland,Insgesamt,2011,Insgesamt,09.02.,2494,e
Statistik der Sterbefälle,Deutschland,Insgesamt,2011,Insgesamt,10.02.,2517,e
Statistik der Sterbefälle,Deutschland,Insgesamt,2011,Insgesamt,11.02.,2524,e
Statistik der Sterbefälle,Deutschland,Insgesamt,2011,Insgesamt,12.02.,2487,e
Statistik der Sterbefälle,Deutschland,Insgesamt,2011,Insgesamt,13.02.,2314,e
Statistik der Sterbefälle,Deutschland,Insgesamt,2011,Insgesamt,14.02.,2451,e
Statistik der Sterbefälle,Deutschland,Insgesamt,2011,Insgesamt,15.02.,2476,e
Statistik der Sterbefälle,Deutschland,Insgesamt,2011,Insgesamt,16.02.,2569,e
Statistik der Sterbefälle,Deutschland,Insgesamt,2011,Insgesamt,17.02.,2455,e
Statistik der Sterbefälle,Deutschland,Insgesamt,2011,Insgesamt,18.02.,2535,e
Statistik der Sterbefälle,Deutschland,Insgesamt,2011,Insgesamt,19.02.,2493,e
Statistik der Sterbefälle,Deutschland,Insgesamt,2011,Insgesamt,20.02.,2315,e
Statistik der Sterbefälle,Deutschland,Insgesamt,2011,Insgesamt,21.02.,2468,e
Statistik der Sterbefälle,Deutschland,Insgesamt,2011,Insgesamt,22.02.,2521,e
Statistik der Sterbefälle,Deutschland,Insgesamt,2011,Insgesamt,23.02.,2467,e
Statistik der Sterbefälle,Deutschland,Insgesamt,2011,Insgesamt,24.02.,2523,e
Statistik der Sterbefälle,Deutschland,Insgesamt,2011,Insgesamt,25.02.,2439,e
Statistik der Sterbefälle,Deutschland,Insgesamt,2011,Insgesamt,26.02.,2461,e
Statistik der Sterbefälle,Deutschland,Insgesamt,2011,Insgesamt,27.02.,2358,e
Statistik der Sterbefälle,Deutschland,Insgesamt,2011,Insgesamt,28.02.,2501,e
Statistik der Sterbefälle,Deutschland,Insgesamt,2011,Insgesamt,29.02.,X,e
Statistik der Sterbefälle,Deutschland,Insgesamt,2011,Insgesamt,01.03.,2421,e
Statistik der Sterbefälle,Deutschland,Insgesamt,2011,Insgesamt,02.03.,2434,e
Statistik der Sterbefälle,Deutschland,Insgesamt,2011,Insgesamt,03.03.,2513,e
Statistik der Sterbefälle,Deutschland,Insgesamt,2011,Insgesamt,04.03.,2587,e
Statistik der Sterbefälle,Deutschland,Insgesamt,2011,Insgesamt,05.03.,2477,e
Statistik der Sterbefälle,Deutschland,Insgesamt,2011,Insgesamt,06.03.,2333,e
Statistik der Sterbefälle,Deutschland,Insgesamt,2011,Insgesamt,07.03.,2385,e
Statistik der Sterbefälle,Deutschland,Insgesamt,2011,Insgesamt,08.03.,2442,e
Statistik der Sterbefälle,Deutschland,Insgesamt,2011,Insgesamt,09.03.,2541,e
Statistik der Sterbefälle,Deutschland,Insgesamt,2011,Insgesamt,10.03.,2641,e
Statistik der Sterbefälle,Deutschland,Insgesamt,2011,Insgesamt,11.03.,2564,e
Statistik der Sterbefälle,Deutschland,Insgesamt,2011,Insgesamt,12.03.,2605,e
Statistik der Sterbefälle,Deutschland,Insgesamt,2011,Insgesamt,13.03.,2544,e
Statistik der Sterbefälle,Deutschland,Insgesamt,2011,Insgesamt,14.03.,2505,e
Statistik der Sterbefälle,Deutschland,Insgesamt,2011,Insgesamt,15.03.,2535,e
Statistik der Sterbefälle,Deutschland,Insgesamt,2011,Insgesamt,16.03.,2562,e
Statistik der Sterbefälle,Deutschland,Insgesamt,2011,Insgesamt,17.03.,2513,e
Statistik der Sterbefälle,Deutschland,Insgesamt,2011,Insgesamt,18.03.,2497,e
Statistik der Sterbefälle,Deutschland,Insgesamt,2011,Insgesamt,19.03.,2387,e
Statistik der Sterbefälle,Deutschland,Insgesamt,2011,Insgesamt,20.03.,2346,e
Statistik der Sterbefälle,Deutschland,Insgesamt,2011,Insgesamt,21.03.,2391,e
Statistik der Sterbefälle,Deutschland,Insgesamt,2011,Insgesamt,22.03.,2395,e
Statistik der Sterbefälle,Deutschland,Insgesamt,2011,Insgesamt,23.03.,2483,e
Statistik der Sterbefälle,Deutschland,Insgesamt,2011,Insgesamt,24.03.,2466,e
Statistik der Sterbefälle,Deutschland,Insgesamt,2011,Insgesamt,25.03.,2480,e
Statistik der Sterbefälle,Deutschland,Insgesamt,2011,Insgesamt,26.03.,2545,e
Statistik der Sterbefälle,Deutschland,Insgesamt,2011,Insgesamt,27.03.,2297,e
Statistik der Sterbefälle,Deutschland,Insgesamt,2011,Insgesamt,28.03.,2467,e
Statistik der Sterbefälle,Deutschland,Insgesamt,2011,Insgesamt,29.03.,2480,e
Statistik der Sterbefälle,Deutschland,Insgesamt,2011,Insgesamt,30.03.,2518,e
Statistik der Sterbefälle,Deutschland,Insgesamt,2011,Insgesamt,31.03.,2558,e
Statistik der Sterbefälle,Deutschland,Insgesamt,2011,Insgesamt,01.04.,2519,e
Statistik der Sterbefälle,Deutschland,Insgesamt,2011,Insgesamt,02.04.,2459,e
Statistik der Sterbefälle,Deutschland,Insgesamt,2011,Insgesamt,03.04.,2409,e
Statistik der Sterbefälle,Deutschland,Insgesamt,2011,Insgesamt,04.04.,2287,e
Statistik der Sterbefälle,Deutschland,Insgesamt,2011,Insgesamt,05.04.,2292,e
Statistik der Sterbefälle,Deutschland,Insgesamt,2011,Insgesamt,06.04.,2355,e
Statistik der Sterbefälle,Deutschland,Insgesamt,2011,Insgesamt,07.04.,2371,e
Statistik der Sterbefälle,Deutschland,Insgesamt,2011,Insgesamt,08.04.,2229,e
Statistik der Sterbefälle,Deutschland,Insgesamt,2011,Insgesamt,09.04.,2245,e
Statistik der Sterbefälle,Deutschland,Insgesamt,2011,Insgesamt,10.04.,2156,e
Statistik der Sterbefälle,Deutschland,Insgesamt,2011,Insgesamt,11.04.,2395,e
Statistik der Sterbefälle,Deutschland,Insgesamt,2011,Insgesamt,12.04.,2306,e
Statistik der Sterbefälle,Deutschland,Insgesamt,2011,Insgesamt,13.04.,2359,e
Statistik der Sterbefälle,Deutschland,Insgesamt,2011,Insgesamt,14.04.,2314,e
Statistik der Sterbefälle,Deutschland,Insgesamt,2011,Insgesamt,15.04.,2268,e
Statistik der Sterbefälle,Deutschland,Insgesamt,2011,Insgesamt,16.04.,2226,e
Statistik der Sterbefälle,Deutschland,Insgesamt,2011,Insgesamt,17.04.,2290,e
Statistik der Sterbefälle,Deutschland,Insgesamt,2011,Insgesamt,18.04.,2302,e
Statistik der Sterbefälle,Deutschland,Insgesamt,2011,Insgesamt,19.04.,2402,e
Statistik der Sterbefälle,Deutschland,Insgesamt,2011,Insgesamt,20.04.,2466,e
Statistik der Sterbefälle,Deutschland,Insgesamt,2011,Insgesamt,21.04.,2460,e
Statistik der Sterbefälle,Deutschland,Insgesamt,2011,Insgesamt,22.04.,2510,e
Statistik der Sterbefälle,Deutschland,Insgesamt,2011,Insgesamt,23.04.,2400,e
Statistik der Sterbefälle,Deutschland,Insgesamt,2011,Insgesamt,24.04.,2367,e
Statistik der Sterbefälle,Deutschland,Insgesamt,2011,Insgesamt,25.04.,2263,e
Statistik der Sterbefälle,Deutschland,Insgesamt,2011,Insgesamt,26.04.,2301,e
Statistik der Sterbefälle,Deutschland,Insgesamt,2011,Insgesamt,27.04.,2250,e
Statistik der Sterbefälle,Deutschland,Insgesamt,2011,Insgesamt,28.04.,2342,e
Statistik der Sterbefälle,Deutschland,Insgesamt,2011,Insgesamt,29.04.,2361,e
Statistik der Sterbefälle,Deutschland,Insgesamt,2011,Insgesamt,30.04.,2227,e
Statistik der Sterbefälle,Deutschland,Insgesamt,2011,Insgesamt,01.05.,2304,e
Statistik der Sterbefälle,Deutschland,Insgesamt,2011,Insgesamt,02.05.,2443,e
Statistik der Sterbefälle,Deutschland,Insgesamt,2011,Insgesamt,03.05.,2292,e
Statistik der Sterbefälle,Deutschland,Insgesamt,2011,Insgesamt,04.05.,2209,e
Statistik der Sterbefälle,Deutschland,Insgesamt,2011,Insgesamt,05.05.,2316,e
Statistik der Sterbefälle,Deutschland,Insgesamt,2011,Insgesamt,06.05.,2302,e
Statistik der Sterbefälle,Deutschland,Insgesamt,2011,Insgesamt,07.05.,2401,e
Statistik der Sterbefälle,Deutschland,Insgesamt,2011,Insgesamt,08.05.,2208,e
Statistik der Sterbefälle,Deutschland,Insgesamt,2011,Insgesamt,09.05.,2446,e
Statistik der Sterbefälle,Deutschland,Insgesamt,2011,Insgesamt,10.05.,2345,e
Statistik der Sterbefälle,Deutschland,Insgesamt,2011,Insgesamt,11.05.,2420,e
Statistik der Sterbefälle,Deutschland,Insgesamt,2011,Insgesamt,12.05.,2417,e
Statistik der Sterbefälle,Deutschland,Insgesamt,2011,Insgesamt,13.05.,2315,e
Statistik der Sterbefälle,Deutschland,Insgesamt,2011,Insgesamt,14.05.,2220,e
Statistik der Sterbefälle,Deutschland,Insgesamt,2011,Insgesamt,15.05.,2143,e
Statistik der Sterbefälle,Deutschland,Insgesamt,2011,Insgesamt,16.05.,2151,e
Statistik der Sterbefälle,Deutschland,Insgesamt,2011,Insgesamt,17.05.,2265,e
Statistik der Sterbefälle,Deutschland,Insgesamt,2011,Insgesamt,18.05.,2309,e
Statistik der Sterbefälle,Deutschland,Insgesamt,2011,Insgesamt,19.05.,2377,e
Statistik der Sterbefälle,Deutschland,Insgesamt,2011,Insgesamt,20.05.,2345,e
Statistik der Sterbefälle,Deutschland,Insgesamt,2011,Insgesamt,21.05.,2261,e
Statistik der Sterbefälle,Deutschland,Insgesamt,2011,Insgesamt,22.05.,2270,e
Statistik der Sterbefälle,Deutschland,Insgesamt,2011,Insgesamt,23.05.,2230,e
Statistik der Sterbefälle,Deutschland,Insgesamt,2011,Insgesamt,24.05.,2183,e
Statistik der Sterbefälle,Deutschland,Insgesamt,2011,Insgesamt,25.05.,2103,e
Statistik der Sterbefälle,Deutschland,Insgesamt,2011,Insgesamt,26.05.,2267,e
Statistik der Sterbefälle,Deutschland,Insgesamt,2011,Insgesamt,27.05.,2305,e
Statistik der Sterbefälle,Deutschland,Insgesamt,2011,Insgesamt,28.05.,2074,e
Statistik der Sterbefälle,Deutschland,Insgesamt,2011,Insgesamt,29.05.,2108,e
Statistik der Sterbefälle,Deutschland,Insgesamt,2011,Insgesamt,30.05.,2306,e
Statistik der Sterbefälle,Deutschland,Insgesamt,2011,Insgesamt,31.05.,2278,e
Statistik der Sterbefälle,Deutschland,Insgesamt,2011,Insgesamt,01.06.,2156,e
Statistik der Sterbefälle,Deutschland,Insgesamt,2011,Insgesamt,02.06.,2122,e
Statistik der Sterbefälle,Deutschland,Insgesamt,2011,Insgesamt,03.06.,2255,e
Statistik der Sterbefälle,Deutschland,Insgesamt,2011,Insgesamt,04.06.,2273,e
Statistik der Sterbefälle,Deutschland,Insgesamt,2011,Insgesamt,05.06.,2308,e
Statistik der Sterbefälle,Deutschland,Insgesamt,2011,Insgesamt,06.06.,2374,e
Statistik der Sterbefälle,Deutschland,Insgesamt,2011,Insgesamt,07.06.,2371,e
Statistik der Sterbefälle,Deutschland,Insgesamt,2011,Insgesamt,08.06.,2228,e
Statistik der Sterbefälle,Deutschland,Insgesamt,2011,Insgesamt,09.06.,2173,e
Statistik der Sterbefälle,Deutschland,Insgesamt,2011,Insgesamt,10.06.,2048,e
Statistik der Sterbefälle,Deutschland,Insgesamt,2011,Insgesamt,11.06.,2060,e
Statistik der Sterbefälle,Deutschland,Insgesamt,2011,Insgesamt,12.06.,1985,e
Statistik der Sterbefälle,Deutschland,Insgesamt,2011,Insgesamt,13.06.,2046,e
Statistik der Sterbefälle,Deutschland,Insgesamt,2011,Insgesamt,14.06.,2274,e
Statistik der Sterbefälle,Deutschland,Insgesamt,2011,Insgesamt,15.06.,2259,e
Statistik der Sterbefälle,Deutschland,Insgesamt,2011,Insgesamt,16.06.,2290,e
Statistik der Sterbefälle,Deutschland,Insgesamt,2011,Insgesamt,17.06.,2203,e
Statistik der Sterbefälle,Deutschland,Insgesamt,2011,Insgesamt,18.06.,2057,e
Statistik der Sterbefälle,Deutschland,Insgesamt,2011,Insgesamt,19.06.,2080,e
Statistik der Sterbefälle,Deutschland,Insgesamt,2011,Insgesamt,20.06.,2098,e
Statistik der Sterbefälle,Deutschland,Insgesamt,2011,Insgesamt,21.06.,2252,e
Statistik der Sterbefälle,Deutschland,Insgesamt,2011,Insgesamt,22.06.,2242,e
Statistik der Sterbefälle,Deutschland,Insgesamt,2011,Insgesamt,23.06.,2105,e
Statistik der Sterbefälle,Deutschland,Insgesamt,2011,Insgesamt,24.06.,2103,e
Statistik der Sterbefälle,Deutschland,Insgesamt,2011,Insgesamt,25.06.,2043,e
Statistik der Sterbefälle,Deutschland,Insgesamt,2011,Insgesamt,26.06.,2036,e
Statistik der Sterbefälle,Deutschland,Insgesamt,2011,Insgesamt,27.06.,2330,e
Statistik der Sterbefälle,Deutschland,Insgesamt,2011,Insgesamt,28.06.,2335,e
Statistik der Sterbefälle,Deutschland,Insgesamt,2011,Insgesamt,29.06.,2351,e
Statistik der Sterbefälle,Deutschland,Insgesamt,2011,Insgesamt,30.06.,2150,e
Statistik der Sterbefälle,Deutschland,Insgesamt,2011,Insgesamt,01.07.,2040,e
Statistik der Sterbefälle,Deutschland,Insgesamt,2011,Insgesamt,02.07.,2071,e
Statistik der Sterbefälle,Deutschland,Insgesamt,2011,Insgesamt,03.07.,2045,e
Statistik der Sterbefälle,Deutschland,Insgesamt,2011,Insgesamt,04.07.,2158,e
Statistik der Sterbefälle,Deutschland,Insgesamt,2011,Insgesamt,05.07.,2199,e
Statistik der Sterbefälle,Deutschland,Insgesamt,2011,Insgesamt,06.07.,2320,e
Statistik der Sterbefälle,Deutschland,Insgesamt,2011,Insgesamt,07.07.,2271,e
Statistik der Sterbefälle,Deutschland,Insgesamt,2011,Insgesamt,08.07.,2268,e
Statistik der Sterbefälle,Deutschland,Insgesamt,2011,Insgesamt,09.07.,2211,e
Statistik der Sterbefälle,Deutschland,Insgesamt,2011,Insgesamt,10.07.,2076,e
Statistik der Sterbefälle,Deutschland,Insgesamt,2011,Insgesamt,11.07.,2206,e
Statistik der Sterbefälle,Deutschland,Insgesamt,2011,Insgesamt,12.07.,2313,e
Statistik der Sterbefälle,Deutschland,Insgesamt,2011,Insgesamt,13.07.,2262,e
Statistik der Sterbefälle,Deutschland,Insgesamt,2011,Insgesamt,14.07.,2095,e
Statistik der Sterbefälle,Deutschland,Insgesamt,2011,Insgesamt,15.07.,2038,e
Statistik der Sterbefälle,Deutschland,Insgesamt,2011,Insgesamt,16.07.,2175,e
Statistik der Sterbefälle,Deutschland,Insgesamt,2011,Insgesamt,17.07.,2139,e
Statistik der Sterbefälle,Deutschland,Insgesamt,2011,Insgesamt,18.07.,2152,e
Statistik der Sterbefälle,Deutschland,Insgesamt,2011,Insgesamt,19.07.,2013,e
Statistik der Sterbefälle,Deutschland,Insgesamt,2011,Insgesamt,20.07.,2157,e
Statistik der Sterbefälle,Deutschland,Insgesamt,2011,Insgesamt,21.07.,2108,e
Statistik der Sterbefälle,Deutschland,Insgesamt,2011,Insgesamt,22.07.,2163,e
Statistik der Sterbefälle,Deutschland,Insgesamt,2011,Insgesamt,23.07.,2101,e
Statistik der Sterbefälle,Deutschland,Insgesamt,2011,Insgesamt,24.07.,2089,e
Statistik der Sterbefälle,Deutschland,Insgesamt,2011,Insgesamt,25.07.,2122,e
Statistik der Sterbefälle,Deutschland,Insgesamt,2011,Insgesamt,26.07.,2242,e
Statistik der Sterbefälle,Deutschland,Insgesamt,2011,Insgesamt,27.07.,2154,e
Statistik der Sterbefälle,Deutschland,Insgesamt,2011,Insgesamt,28.07.,2197,e
Statistik der Sterbefälle,Deutschland,Insgesamt,2011,Insgesamt,29.07.,2159,e
Statistik der Sterbefälle,Deutschland,Insgesamt,2011,Insgesamt,30.07.,2081,e
Statistik der Sterbefälle,Deutschland,Insgesamt,2011,Insgesamt,31.07.,2021,e
Statistik der Sterbefälle,Deutschland,Insgesamt,2011,Insgesamt,01.08.,2104,e
Statistik der Sterbefälle,Deutschland,Insgesamt,2011,Insgesamt,02.08.,2302,e
Statistik der Sterbefälle,Deutschland,Insgesamt,2011,Insgesamt,03.08.,2230,e
Statistik der Sterbefälle,Deutschland,Insgesamt,2011,Insgesamt,04.08.,2348,e
Statistik der Sterbefälle,Deutschland,Insgesamt,2011,Insgesamt,05.08.,2394,e
Statistik der Sterbefälle,Deutschland,Insgesamt,2011,Insgesamt,06.08.,2386,e
Statistik der Sterbefälle,Deutschland,Insgesamt,2011,Insgesamt,07.08.,2156,e
Statistik der Sterbefälle,Deutschland,Insgesamt,2011,Insgesamt,08.08.,2165,e
Statistik der Sterbefälle,Deutschland,Insgesamt,2011,Insgesamt,09.08.,2071,e
Statistik der Sterbefälle,Deutschland,Insgesamt,2011,Insgesamt,10.08.,2064,e
Statistik der Sterbefälle,Deutschland,Insgesamt,2011,Insgesamt,11.08.,2186,e
Statistik der Sterbefälle,Deutschland,Insgesamt,2011,Insgesamt,12.08.,2231,e
Statistik der Sterbefälle,Deutschland,Insgesamt,2011,Insgesamt,13.08.,2203,e
Statistik der Sterbefälle,Deutschland,Insgesamt,2011,Insgesamt,14.08.,2184,e
Statistik der Sterbefälle,Deutschland,Insgesamt,2011,Insgesamt,15.08.,2225,e
Statistik der Sterbefälle,Deutschland,Insgesamt,2011,Insgesamt,16.08.,2083,e
Statistik der Sterbefälle,Deutschland,Insgesamt,2011,Insgesamt,17.08.,2162,e
Statistik der Sterbefälle,Deutschland,Insgesamt,2011,Insgesamt,18.08.,2219,e
Statistik der Sterbefälle,Deutschland,Insgesamt,2011,Insgesamt,19.08.,2285,e
Statistik der Sterbefälle,Deutschland,Insgesamt,2011,Insgesamt,20.08.,2156,e
Statistik der Sterbefälle,Deutschland,Insgesamt,2011,Insgesamt,21.08.,2218,e
Statistik der Sterbefälle,Deutschland,Insgesamt,2011,Insgesamt,22.08.,2328,e
Statistik der Sterbefälle,Deutschland,Insgesamt,2011,Insgesamt,23.08.,2374,e
Statistik der Sterbefälle,Deutschland,Insgesamt,2011,Insgesamt,24.08.,2331,e
Statistik der Sterbefälle,Deutschland,Insgesamt,2011,Insgesamt,25.08.,2330,e
Statistik der Sterbefälle,Deutschland,Insgesamt,2011,Insgesamt,26.08.,2404,e
Statistik der Sterbefälle,Deutschland,Insgesamt,2011,Insgesamt,27.08.,2165,e
Statistik der Sterbefälle,Deutschland,Insgesamt,2011,Insgesamt,28.08.,1955,e
Statistik der Sterbefälle,Deutschland,Insgesamt,2011,Insgesamt,29.08.,2060,e
Statistik der Sterbefälle,Deutschland,Insgesamt,2011,Insgesamt,30.08.,2088,e
Statistik der Sterbefälle,Deutschland,Insgesamt,2011,Insgesamt,31.08.,2163,e
Statistik der Sterbefälle,Deutschland,Insgesamt,2011,Insgesamt,01.09.,2110,e
Statistik der Sterbefälle,Deutschland,Insgesamt,2011,Insgesamt,02.09.,2259,e
Statistik der Sterbefälle,Deutschland,Insgesamt,2011,Insgesamt,03.09.,2191,e
Statistik der Sterbefälle,Deutschland,Insgesamt,2011,Insgesamt,04.09.,2254,e
Statistik der Sterbefälle,Deutschland,Insgesamt,2011,Insgesamt,05.09.,2193,e
Statistik der Sterbefälle,Deutschland,Insgesamt,2011,Insgesamt,06.09.,2083,e
Statistik der Sterbefälle,Deutschland,Insgesamt,2011,Insgesamt,07.09.,2119,e
Statistik der Sterbefälle,Deutschland,Insgesamt,2011,Insgesamt,08.09.,2117,e
Statistik der Sterbefälle,Deutschland,Insgesamt,2011,Insgesamt,09.09.,2227,e
Statistik der Sterbefälle,Deutschland,Insgesamt,2011,Insgesamt,10.09.,2237,e
Statistik der Sterbefälle,Deutschland,Insgesamt,2011,Insgesamt,11.09.,2133,e
Statistik der Sterbefälle,Deutschland,Insgesamt,2011,Insgesamt,12.09.,2134,e
Statistik der Sterbefälle,Deutschland,Insgesamt,2011,Insgesamt,13.09.,2151,e
Statistik der Sterbefälle,Deutschland,Insgesamt,2011,Insgesamt,14.09.,2061,e
Statistik der Sterbefälle,Deutschland,Insgesamt,2011,Insgesamt,15.09.,2174,e
Statistik der Sterbefälle,Deutschland,Insgesamt,2011,Insgesamt,16.09.,2168,e
Statistik der Sterbefälle,Deutschland,Insgesamt,2011,Insgesamt,17.09.,2158,e
Statistik der Sterbefälle,Deutschland,Insgesamt,2011,Insgesamt,18.09.,2041,e
Statistik der Sterbefälle,Deutschland,Insgesamt,2011,Insgesamt,19.09.,2148,e
Statistik der Sterbefälle,Deutschland,Insgesamt,2011,Insgesamt,20.09.,2028,e
Statistik der Sterbefälle,Deutschland,Insgesamt,2011,Insgesamt,21.09.,2161,e
Statistik der Sterbefälle,Deutschland,Insgesamt,2011,Insgesamt,22.09.,2199,e
Statistik der Sterbefälle,Deutschland,Insgesamt,2011,Insgesamt,23.09.,2193,e
Statistik der Sterbefälle,Deutschland,Insgesamt,2011,Insgesamt,24.09.,2228,e
Statistik der Sterbefälle,Deutschland,Insgesamt,2011,Insgesamt,25.09.,2182,e
Statistik der Sterbefälle,Deutschland,Insgesamt,2011,Insgesamt,26.09.,2232,e
Statistik der Sterbefälle,Deutschland,Insgesamt,2011,Insgesamt,27.09.,2231,e
Statistik der Sterbefälle,Deutschland,Insgesamt,2011,Insgesamt,28.09.,2246,e
Statistik der Sterbefälle,Deutschland,Insgesamt,2011,Insgesamt,29.09.,2186,e
Statistik der Sterbefälle,Deutschland,Insgesamt,2011,Insgesamt,30.09.,2273,e
Statistik der Sterbefälle,Deutschland,Insgesamt,2011,Insgesamt,01.10.,2217,e
Statistik der Sterbefälle,Deutschland,Insgesamt,2011,Insgesamt,02.10.,2154,e
Statistik der Sterbefälle,Deutschland,Insgesamt,2011,Insgesamt,03.10.,2184,e
Statistik der Sterbefälle,Deutschland,Insgesamt,2011,Insgesamt,04.10.,2256,e
Statistik der Sterbefälle,Deutschland,Insgesamt,2011,Insgesamt,05.10.,2330,e
Statistik der Sterbefälle,Deutschland,Insgesamt,2011,Insgesamt,06.10.,2239,e
Statistik der Sterbefälle,Deutschland,Insgesamt,2011,Insgesamt,07.10.,2210,e
Statistik der Sterbefälle,Deutschland,Insgesamt,2011,Insgesamt,08.10.,2145,e
Statistik der Sterbefälle,Deutschland,Insgesamt,2011,Insgesamt,09.10.,2212,e
Statistik der Sterbefälle,Deutschland,Insgesamt,2011,Insgesamt,10.10.,2409,e
Statistik der Sterbefälle,Deutschland,Insgesamt,2011,Insgesamt,11.10.,2286,e
Statistik der Sterbefälle,Deutschland,Insgesamt,2011,Insgesamt,12.10.,2382,e
Statistik der Sterbefälle,Deutschland,Insgesamt,2011,Insgesamt,13.10.,2302,e
Statistik der Sterbefälle,Deutschland,Insgesamt,2011,Insgesamt,14.10.,2240,e
Statistik der Sterbefälle,Deutschland,Insgesamt,2011,Insgesamt,15.10.,2209,e
Statistik der Sterbefälle,Deutschland,Insgesamt,2011,Insgesamt,16.10.,2171,e
Statistik der Sterbefälle,Deutschland,Insgesamt,2011,Insgesamt,17.10.,2317,e
Statistik der Sterbefälle,Deutschland,Insgesamt,2011,Insgesamt,18.10.,2408,e
Statistik der Sterbefälle,Deutschland,Insgesamt,2011,Insgesamt,19.10.,2416,e
Statistik der Sterbefälle,Deutschland,Insgesamt,2011,Insgesamt,20.10.,2320,e
Statistik der Sterbefälle,Deutschland,Insgesamt,2011,Insgesamt,21.10.,2391,e
Statistik der Sterbefälle,Deutschland,Insgesamt,2011,Insgesamt,22.10.,2249,e
Statistik der Sterbefälle,Deutschland,Insgesamt,2011,Insgesamt,23.10.,2270,e
Statistik der Sterbefälle,Deutschland,Insgesamt,2011,Insgesamt,24.10.,2435,e
Statistik der Sterbefälle,Deutschland,Insgesamt,2011,Insgesamt,25.10.,2417,e
Statistik der Sterbefälle,Deutschland,Insgesamt,2011,Insgesamt,26.10.,2522,e
Statistik der Sterbefälle,Deutschland,Insgesamt,2011,Insgesamt,27.10.,2411,e
Statistik der Sterbefälle,Deutschland,Insgesamt,2011,Insgesamt,28.10.,2426,e
Statistik der Sterbefälle,Deutschland,Insgesamt,2011,Insgesamt,29.10.,2442,e
Statistik der Sterbefälle,Deutschland,Insgesamt,2011,Insgesamt,30.10.,2489,e
Statistik der Sterbefälle,Deutschland,Insgesamt,2011,Insgesamt,31.10.,2366,e
Statistik der Sterbefälle,Deutschland,Insgesamt,2011,Insgesamt,01.11.,2422,e
Statistik der Sterbefälle,Deutschland,Insgesamt,2011,Insgesamt,02.11.,2462,e
Statistik der Sterbefälle,Deutschland,Insgesamt,2011,Insgesamt,03.11.,2441,e
Statistik der Sterbefälle,Deutschland,Insgesamt,2011,Insgesamt,04.11.,2342,e
Statistik der Sterbefälle,Deutschland,Insgesamt,2011,Insgesamt,05.11.,2385,e
Statistik der Sterbefälle,Deutschland,Insgesamt,2011,Insgesamt,06.11.,2318,e
Statistik der Sterbefälle,Deutschland,Insgesamt,2011,Insgesamt,07.11.,2350,e
Statistik der Sterbefälle,Deutschland,Insgesamt,2011,Insgesamt,08.11.,2349,e
Statistik der Sterbefälle,Deutschland,Insgesamt,2011,Insgesamt,09.11.,2435,e
Statistik der Sterbefälle,Deutschland,Insgesamt,2011,Insgesamt,10.11.,2349,e
Statistik der Sterbefälle,Deutschland,Insgesamt,2011,Insgesamt,11.11.,2277,e
Statistik der Sterbefälle,Deutschland,Insgesamt,2011,Insgesamt,12.11.,2338,e
Statistik der Sterbefälle,Deutschland,Insgesamt,2011,Insgesamt,13.11.,2280,e
Statistik der Sterbefälle,Deutschland,Insgesamt,2011,Insgesamt,14.11.,2325,e
Statistik der Sterbefälle,Deutschland,Insgesamt,2011,Insgesamt,15.11.,2450,e
Statistik der Sterbefälle,Deutschland,Insgesamt,2011,Insgesamt,16.11.,2411,e
Statistik der Sterbefälle,Deutschland,Insgesamt,2011,Insgesamt,17.11.,2425,e
Statistik der Sterbefälle,Deutschland,Insgesamt,2011,Insgesamt,18.11.,2511,e
Statistik der Sterbefälle,Deutschland,Insgesamt,2011,Insgesamt,19.11.,2413,e
Statistik der Sterbefälle,Deutschland,Insgesamt,2011,Insgesamt,20.11.,2379,e
Statistik der Sterbefälle,Deutschland,Insgesamt,2011,Insgesamt,21.11.,2445,e
Statistik der Sterbefälle,Deutschland,Insgesamt,2011,Insgesamt,22.11.,2362,e
Statistik der Sterbefälle,Deutschland,Insgesamt,2011,Insgesamt,23.11.,2433,e
Statistik der Sterbefälle,Deutschland,Insgesamt,2011,Insgesamt,24.11.,2431,e
Statistik der Sterbefälle,Deutschland,Insgesamt,2011,Insgesamt,25.11.,2425,e
Statistik der Sterbefälle,Deutschland,Insgesamt,2011,Insgesamt,26.11.,2366,e
Statistik der Sterbefälle,Deutschland,Insgesamt,2011,Insgesamt,27.11.,2454,e
Statistik der Sterbefälle,Deutschland,Insgesamt,2011,Insgesamt,28.11.,2361,e
Statistik der Sterbefälle,Deutschland,Insgesamt,2011,Insgesamt,29.11.,2516,e
Statistik der Sterbefälle,Deutschland,Insgesamt,2011,Insgesamt,30.11.,2495,e
Statistik der Sterbefälle,Deutschland,Insgesamt,2011,Insgesamt,01.12.,2540,e
Statistik der Sterbefälle,Deutschland,Insgesamt,2011,Insgesamt,02.12.,2662,e
Statistik der Sterbefälle,Deutschland,Insgesamt,2011,Insgesamt,03.12.,2481,e
Statistik der Sterbefälle,Deutschland,Insgesamt,2011,Insgesamt,04.12.,2484,e
Statistik der Sterbefälle,Deutschland,Insgesamt,2011,Insgesamt,05.12.,2518,e
Statistik der Sterbefälle,Deutschland,Insgesamt,2011,Insgesamt,06.12.,2485,e
Statistik der Sterbefälle,Deutschland,Insgesamt,2011,Insgesamt,07.12.,2543,e
Statistik der Sterbefälle,Deutschland,Insgesamt,2011,Insgesamt,08.12.,2516,e
Statistik der Sterbefälle,Deutschland,Insgesamt,2011,Insgesamt,09.12.,2714,e
Statistik der Sterbefälle,Deutschland,Insgesamt,2011,Insgesamt,10.12.,2414,e
Statistik der Sterbefälle,Deutschland,Insgesamt,2011,Insgesamt,11.12.,2498,e
Statistik der Sterbefälle,Deutschland,Insgesamt,2011,Insgesamt,12.12.,2543,e
Statistik der Sterbefälle,Deutschland,Insgesamt,2011,Insgesamt,13.12.,2532,e
Statistik der Sterbefälle,Deutschland,Insgesamt,2011,Insgesamt,14.12.,2542,e
Statistik der Sterbefälle,Deutschland,Insgesamt,2011,Insgesamt,15.12.,2572,e
Statistik der Sterbefälle,Deutschland,Insgesamt,2011,Insgesamt,16.12.,2727,e
Statistik der Sterbefälle,Deutschland,Insgesamt,2011,Insgesamt,17.12.,2494,e
Statistik der Sterbefälle,Deutschland,Insgesamt,2011,Insgesamt,18.12.,2396,e
Statistik der Sterbefälle,Deutschland,Insgesamt,2011,Insgesamt,19.12.,2531,e
Statistik der Sterbefälle,Deutschland,Insgesamt,2011,Insgesamt,20.12.,2609,e
Statistik der Sterbefälle,Deutschland,Insgesamt,2011,Insgesamt,21.12.,2577,e
Statistik der Sterbefälle,Deutschland,Insgesamt,2011,Insgesamt,22.12.,2510,e
Statistik der Sterbefälle,Deutschland,Insgesamt,2011,Insgesamt,23.12.,2634,e
Statistik der Sterbefälle,Deutschland,Insgesamt,2011,Insgesamt,24.12.,2438,e
Statistik der Sterbefälle,Deutschland,Insgesamt,2011,Insgesamt,25.12.,2499,e
Statistik der Sterbefälle,Deutschland,Insgesamt,2011,Insgesamt,26.12.,2497,e
Statistik der Sterbefälle,Deutschland,Insgesamt,2011,Insgesamt,27.12.,2596,e
Statistik der Sterbefälle,Deutschland,Insgesamt,2011,Insgesamt,28.12.,2478,e
Statistik der Sterbefälle,Deutschland,Insgesamt,2011,Insgesamt,29.12.,2618,e
Statistik der Sterbefälle,Deutschland,Insgesamt,2011,Insgesamt,30.12.,2478,e
Statistik der Sterbefälle,Deutschland,Insgesamt,2011,Insgesamt,31.12.,2454,e
Statistik der Sterbefälle,Deutschland,Insgesamt,2012,Insgesamt,Insgesamt,869582,e
Statistik der Sterbefälle,Deutschland,Insgesamt,2012,Insgesamt,01.01.,2602,e
Statistik der Sterbefälle,Deutschland,Insgesamt,2012,Insgesamt,02.01.,2555,e
Statistik der Sterbefälle,Deutschland,Insgesamt,2012,Insgesamt,03.01.,2619,e
Statistik der Sterbefälle,Deutschland,Insgesamt,2012,Insgesamt,04.01.,2551,e
Statistik der Sterbefälle,Deutschland,Insgesamt,2012,Insgesamt,05.01.,2642,e
Statistik der Sterbefälle,Deutschland,Insgesamt,2012,Insgesamt,06.01.,2485,e
Statistik der Sterbefälle,Deutschland,Insgesamt,2012,Insgesamt,07.01.,2505,e
Statistik der Sterbefälle,Deutschland,Insgesamt,2012,Insgesamt,08.01.,2405,e
Statistik der Sterbefälle,Deutschland,Insgesamt,2012,Insgesamt,09.01.,2532,e
Statistik der Sterbefälle,Deutschland,Insgesamt,2012,Insgesamt,10.01.,2494,e
Statistik der Sterbefälle,Deutschland,Insgesamt,2012,Insgesamt,11.01.,2456,e
Statistik der Sterbefälle,Deutschland,Insgesamt,2012,Insgesamt,12.01.,2590,e
Statistik der Sterbefälle,Deutschland,Insgesamt,2012,Insgesamt,13.01.,2440,e
Statistik der Sterbefälle,Deutschland,Insgesamt,2012,Insgesamt,14.01.,2351,e
Statistik der Sterbefälle,Deutschland,Insgesamt,2012,Insgesamt,15.01.,2282,e
Statistik der Sterbefälle,Deutschland,Insgesamt,2012,Insgesamt,16.01.,2478,e
Statistik der Sterbefälle,Deutschland,Insgesamt,2012,Insgesamt,17.01.,2539,e
Statistik der Sterbefälle,Deutschland,Insgesamt,2012,Insgesamt,18.01.,2487,e
Statistik der Sterbefälle,Deutschland,Insgesamt,2012,Insgesamt,19.01.,2525,e
Statistik der Sterbefälle,Deutschland,Insgesamt,2012,Insgesamt,20.01.,2571,e
Statistik der Sterbefälle,Deutschland,Insgesamt,2012,Insgesamt,21.01.,2426,e
Statistik der Sterbefälle,Deutschland,Insgesamt,2012,Insgesamt,22.01.,2428,e
Statistik der Sterbefälle,Deutschland,Insgesamt,2012,Insgesamt,23.01.,2483,e
Statistik der Sterbefälle,Deutschland,Insgesamt,2012,Insgesamt,24.01.,2409,e
Statistik der Sterbefälle,Deutschland,Insgesamt,2012,Insgesamt,25.01.,2359,e
Statistik der Sterbefälle,Deutschland,Insgesamt,2012,Insgesamt,26.01.,2416,e
Statistik der Sterbefälle,Deutschland,Insgesamt,2012,Insgesamt,27.01.,2428,e
Statistik der Sterbefälle,Deutschland,Insgesamt,2012,Insgesamt,28.01.,2476,e
Statistik der Sterbefälle,Deutschland,Insgesamt,2012,Insgesamt,29.01.,2348,e
Statistik der Sterbefälle,Deutschland,Insgesamt,2012,Insgesamt,30.01.,2552,e
Statistik der Sterbefälle,Deutschland,Insgesamt,2012,Insgesamt,31.01.,2461,e
Statistik der Sterbefälle,Deutschland,Insgesamt,2012,Insgesamt,01.02.,2562,e
Statistik der Sterbefälle,Deutschland,Insgesamt,2012,Insgesamt,02.02.,2526,e
Statistik der Sterbefälle,Deutschland,Insgesamt,2012,Insgesamt,03.02.,2579,e
Statistik der Sterbefälle,Deutschland,Insgesamt,2012,Insgesamt,04.02.,2435,e
Statistik der Sterbefälle,Deutschland,Insgesamt,2012,Insgesamt,05.02.,2516,e
Statistik der Sterbefälle,Deutschland,Insgesamt,2012,Insgesamt,06.02.,2585,e
Statistik der Sterbefälle,Deutschland,Insgesamt,2012,Insgesamt,07.02.,2540,e
Statistik der Sterbefälle,Deutschland,Insgesamt,2012,Insgesamt,08.02.,2671,e
Statistik der Sterbefälle,Deutschland,Insgesamt,2012,Insgesamt,09.02.,2619,e
Statistik der Sterbefälle,Deutschland,Insgesamt,2012,Insgesamt,10.02.,2694,e
Statistik der Sterbefälle,Deutschland,Insgesamt,2012,Insgesamt,11.02.,2659,e
Statistik der Sterbefälle,Deutschland,Insgesamt,2012,Insgesamt,12.02.,2602,e
Statistik der Sterbefälle,Deutschland,Insgesamt,2012,Insgesamt,13.02.,2616,e
Statistik der Sterbefälle,Deutschland,Insgesamt,2012,Insgesamt,14.02.,2785,e
Statistik der Sterbefälle,Deutschland,Insgesamt,2012,Insgesamt,15.02.,2753,e
Statistik der Sterbefälle,Deutschland,Insgesamt,2012,Insgesamt,16.02.,2748,e
Statistik der Sterbefälle,Deutschland,Insgesamt,2012,Insgesamt,17.02.,2712,e
Statistik der Sterbefälle,Deutschland,Insgesamt,2012,Insgesamt,18.02.,2707,e
Statistik der Sterbefälle,Deutschland,Insgesamt,2012,Insgesamt,19.02.,2593,e
Statistik der Sterbefälle,Deutschland,Insgesamt,2012,Insgesamt,20.02.,2608,e
Statistik der Sterbefälle,Deutschland,Insgesamt,2012,Insgesamt,21.02.,2697,e
Statistik der Sterbefälle,Deutschland,Insgesamt,2012,Insgesamt,22.02.,2765,e
Statistik der Sterbefälle,Deutschland,Insgesamt,2012,Insgesamt,23.02.,2714,e
Statistik der Sterbefälle,Deutschland,Insgesamt,2012,Insgesamt,24.02.,2763,e
Statistik der Sterbefälle,Deutschland,Insgesamt,2012,Insgesamt,25.02.,2558,e
Statistik der Sterbefälle,Deutschland,Insgesamt,2012,Insgesamt,26.02.,2524,e
Statistik der Sterbefälle,Deutschland,Insgesamt,2012,Insgesamt,27.02.,2617,e
Statistik der Sterbefälle,Deutschland,Insgesamt,2012,Insgesamt,28.02.,2734,e
Statistik der Sterbefälle,Deutschland,Insgesamt,2012,Insgesamt,29.02.,2625,e
Statistik der Sterbefälle,Deutschland,Insgesamt,2012,Insgesamt,01.03.,2721,e
Statistik der Sterbefälle,Deutschland,Insgesamt,2012,Insgesamt,02.03.,2558,e
Statistik der Sterbefälle,Deutschland,Insgesamt,2012,Insgesamt,03.03.,2505,e
Statistik der Sterbefälle,Deutschland,Insgesamt,2012,Insgesamt,04.03.,2389,e
Statistik der Sterbefälle,Deutschland,Insgesamt,2012,Insgesamt,05.03.,2658,e
Statistik der Sterbefälle,Deutschland,Insgesamt,2012,Insgesamt,06.03.,2573,e
Statistik der Sterbefälle,Deutschland,Insgesamt,2012,Insgesamt,07.03.,2532,e
Statistik der Sterbefälle,Deutschland,Insgesamt,2012,Insgesamt,08.03.,2625,e
Statistik der Sterbefälle,Deutschland,Insgesamt,2012,Insgesamt,09.03.,2560,e
Statistik der Sterbefälle,Deutschland,Insgesamt,2012,Insgesamt,10.03.,2506,e
Statistik der Sterbefälle,Deutschland,Insgesamt,2012,Insgesamt,11.03.,2502,e
Statistik der Sterbefälle,Deutschland,Insgesamt,2012,Insgesamt,12.03.,2595,e
Statistik der Sterbefälle,Deutschland,Insgesamt,2012,Insgesamt,13.03.,2617,e
Statistik der Sterbefälle,Deutschland,Insgesamt,2012,Insgesamt,14.03.,2635,e
Statistik der Sterbefälle,Deutschland,Insgesamt,2012,Insgesamt,15.03.,2513,e
Statistik der Sterbefälle,Deutschland,Insgesamt,2012,Insgesamt,16.03.,2606,e
Statistik der Sterbefälle,Deutschland,Insgesamt,2012,Insgesamt,17.03.,2565,e
Statistik der Sterbefälle,Deutschland,Insgesamt,2012,Insgesamt,18.03.,2426,e
Statistik der Sterbefälle,Deutschland,Insgesamt,2012,Insgesamt,19.03.,2417,e
Statistik der Sterbefälle,Deutschland,Insgesamt,2012,Insgesamt,20.03.,2517,e
Statistik der Sterbefälle,Deutschland,Insgesamt,2012,Insgesamt,21.03.,2624,e
Statistik der Sterbefälle,Deutschland,Insgesamt,2012,Insgesamt,22.03.,2512,e
Statistik der Sterbefälle,Deutschland,Insgesamt,2012,Insgesamt,23.03.,2506,e
Statistik der Sterbefälle,Deutschland,Insgesamt,2012,Insgesamt,24.03.,2470,e
Statistik der Sterbefälle,Deutschland,Insgesamt,2012,Insgesamt,25.03.,2295,e
Statistik der Sterbefälle,Deutschland,Insgesamt,2012,Insgesamt,26.03.,2409,e
Statistik der Sterbefälle,Deutschland,Insgesamt,2012,Insgesamt,27.03.,2532,e
Statistik der Sterbefälle,Deutschland,Insgesamt,2012,Insgesamt,28.03.,2430,e
Statistik der Sterbefälle,Deutschland,Insgesamt,2012,Insgesamt,29.03.,2435,e
Statistik der Sterbefälle,Deutschland,Insgesamt,2012,Insgesamt,30.03.,2492,e
Statistik der Sterbefälle,Deutschland,Insgesamt,2012,Insgesamt,31.03.,2479,e
Statistik der Sterbefälle,Deutschland,Insgesamt,2012,Insgesamt,01.04.,2334,e
Statistik der Sterbefälle,Deutschland,Insgesamt,2012,Insgesamt,02.04.,2583,e
Statistik der Sterbefälle,Deutschland,Insgesamt,2012,Insgesamt,03.04.,2593,e
Statistik der Sterbefälle,Deutschland,Insgesamt,2012,Insgesamt,04.04.,2541,e
Statistik der Sterbefälle,Deutschland,Insgesamt,2012,Insgesamt,05.04.,2553,e
Statistik der Sterbefälle,Deutschland,Insgesamt,2012,Insgesamt,06.04.,2496,e
Statistik der Sterbefälle,Deutschland,Insgesamt,2012,Insgesamt,07.04.,2437,e
Statistik der Sterbefälle,Deutschland,Insgesamt,2012,Insgesamt,08.04.,2324,e
Statistik der Sterbefälle,Deutschland,Insgesamt,2012,Insgesamt,09.04.,2345,e
Statistik der Sterbefälle,Deutschland,Insgesamt,2012,Insgesamt,10.04.,2425,e
Statistik der Sterbefälle,Deutschland,Insgesamt,2012,Insgesamt,11.04.,2447,e
Statistik der Sterbefälle,Deutschland,Insgesamt,2012,Insgesamt,12.04.,2526,e
Statistik der Sterbefälle,Deutschland,Insgesamt,2012,Insgesamt,13.04.,2416,e
Statistik der Sterbefälle,Deutschland,Insgesamt,2012,Insgesamt,14.04.,2429,e
Statistik der Sterbefälle,Deutschland,Insgesamt,2012,Insgesamt,15.04.,2324,e
Statistik der Sterbefälle,Deutschland,Insgesamt,2012,Insgesamt,16.04.,2446,e
Statistik der Sterbefälle,Deutschland,Insgesamt,2012,Insgesamt,17.04.,2392,e
Statistik der Sterbefälle,Deutschland,Insgesamt,2012,Insgesamt,18.04.,2402,e
Statistik der Sterbefälle,Deutschland,Insgesamt,2012,Insgesamt,19.04.,2608,e
Statistik der Sterbefälle,Deutschland,Insgesamt,2012,Insgesamt,20.04.,2479,e
Statistik der Sterbefälle,Deutschland,Insgesamt,2012,Insgesamt,21.04.,2464,e
Statistik der Sterbefälle,Deutschland,Insgesamt,2012,Insgesamt,22.04.,2318,e
Statistik der Sterbefälle,Deutschland,Insgesamt,2012,Insgesamt,23.04.,2392,e
Statistik der Sterbefälle,Deutschland,Insgesamt,2012,Insgesamt,24.04.,2371,e
Statistik der Sterbefälle,Deutschland,Insgesamt,2012,Insgesamt,25.04.,2452,e
Statistik der Sterbefälle,Deutschland,Insgesamt,2012,Insgesamt,26.04.,2452,e
Statistik der Sterbefälle,Deutschland,Insgesamt,2012,Insgesamt,27.04.,2464,e
Statistik der Sterbefälle,Deutschland,Insgesamt,2012,Insgesamt,28.04.,2446,e
Statistik der Sterbefälle,Deutschland,Insgesamt,2012,Insgesamt,29.04.,2397,e
Statistik der Sterbefälle,Deutschland,Insgesamt,2012,Insgesamt,30.04.,2578,e
Statistik der Sterbefälle,Deutschland,Insgesamt,2012,Insgesamt,01.05.,2448,e
Statistik der Sterbefälle,Deutschland,Insgesamt,2012,Insgesamt,02.05.,2394,e
Statistik der Sterbefälle,Deutschland,Insgesamt,2012,Insgesamt,03.05.,2379,e
Statistik der Sterbefälle,Deutschland,Insgesamt,2012,Insgesamt,04.05.,2356,e
Statistik der Sterbefälle,Deutschland,Insgesamt,2012,Insgesamt,05.05.,2204,e
Statistik der Sterbefälle,Deutschland,Insgesamt,2012,Insgesamt,06.05.,2204,e
Statistik der Sterbefälle,Deutschland,Insgesamt,2012,Insgesamt,07.05.,2241,e
Statistik der Sterbefälle,Deutschland,Insgesamt,2012,Insgesamt,08.05.,2296,e
Statistik der Sterbefälle,Deutschland,Insgesamt,2012,Insgesamt,09.05.,2360,e
Statistik der Sterbefälle,Deutschland,Insgesamt,2012,Insgesamt,10.05.,2359,e
Statistik der Sterbefälle,Deutschland,Insgesamt,2012,Insgesamt,11.05.,2428,e
Statistik der Sterbefälle,Deutschland,Insgesamt,2012,Insgesamt,12.05.,2120,e
Statistik der Sterbefälle,Deutschland,Insgesamt,2012,Insgesamt,13.05.,2132,e
Statistik der Sterbefälle,Deutschland,Insgesamt,2012,Insgesamt,14.05.,2164,e
Statistik der Sterbefälle,Deutschland,Insgesamt,2012,Insgesamt,15.05.,2372,e
Statistik der Sterbefälle,Deutschland,Insgesamt,2012,Insgesamt,16.05.,2233,e
Statistik der Sterbefälle,Deutschland,Insgesamt,2012,Insgesamt,17.05.,2114,e
Statistik der Sterbefälle,Deutschland,Insgesamt,2012,Insgesamt,18.05.,2326,e
Statistik der Sterbefälle,Deutschland,Insgesamt,2012,Insgesamt,19.05.,2362,e
Statistik der Sterbefälle,Deutschland,Insgesamt,2012,Insgesamt,20.05.,2236,e
Statistik der Sterbefälle,Deutschland,Insgesamt,2012,Insgesamt,21.05.,2476,e
Statistik der Sterbefälle,Deutschland,Insgesamt,2012,Insgesamt,22.05.,2459,e
Statistik der Sterbefälle,Deutschland,Insgesamt,2012,Insgesamt,23.05.,2472,e
Statistik der Sterbefälle,Deutschland,Insgesamt,2012,Insgesamt,24.05.,2407,e
Statistik der Sterbefälle,Deutschland,Insgesamt,2012,Insgesamt,25.05.,2338,e
Statistik der Sterbefälle,Deutschland,Insgesamt,2012,Insgesamt,26.05.,2232,e
Statistik der Sterbefälle,Deutschland,Insgesamt,2012,Insgesamt,27.05.,2149,e
Statistik der Sterbefälle,Deutschland,Insgesamt,2012,Insgesamt,28.05.,2171,e
Statistik der Sterbefälle,Deutschland,Insgesamt,2012,Insgesamt,29.05.,2354,e
Statistik der Sterbefälle,Deutschland,Insgesamt,2012,Insgesamt,30.05.,2207,e
Statistik der Sterbefälle,Deutschland,Insgesamt,2012,Insgesamt,31.05.,2277,e
Statistik der Sterbefälle,Deutschland,Insgesamt,2012,Insgesamt,01.06.,2153,e
Statistik der Sterbefälle,Deutschland,Insgesamt,2012,Insgesamt,02.06.,2236,e
Statistik der Sterbefälle,Deutschland,Insgesamt,2012,Insgesamt,03.06.,2109,e
Statistik der Sterbefälle,Deutschland,Insgesamt,2012,Insgesamt,04.06.,2214,e
Statistik der Sterbefälle,Deutschland,Insgesamt,2012,Insgesamt,05.06.,2159,e
Statistik der Sterbefälle,Deutschland,Insgesamt,2012,Insgesamt,06.06.,2260,e
Statistik der Sterbefälle,Deutschland,Insgesamt,2012,Insgesamt,07.06.,2268,e
Statistik der Sterbefälle,Deutschland,Insgesamt,2012,Insgesamt,08.06.,2353,e
Statistik der Sterbefälle,Deutschland,Insgesamt,2012,Insgesamt,09.06.,2180,e
Statistik der Sterbefälle,Deutschland,Insgesamt,2012,Insgesamt,10.06.,2126,e
Statistik der Sterbefälle,Deutschland,Insgesamt,2012,Insgesamt,11.06.,2212,e
Statistik der Sterbefälle,Deutschland,Insgesamt,2012,Insgesamt,12.06.,2170,e
Statistik der Sterbefälle,Deutschland,Insgesamt,2012,Insgesamt,13.06.,2148,e
Statistik der Sterbefälle,Deutschland,Insgesamt,2012,Insgesamt,14.06.,2173,e
Statistik der Sterbefälle,Deutschland,Insgesamt,2012,Insgesamt,15.06.,2283,e
Statistik der Sterbefälle,Deutschland,Insgesamt,2012,Insgesamt,16.06.,2268,e
Statistik der Sterbefälle,Deutschland,Insgesamt,2012,Insgesamt,17.06.,2144,e
Statistik der Sterbefälle,Deutschland,Insgesamt,2012,Insgesamt,18.06.,2315,e
Statistik der Sterbefälle,Deutschland,Insgesamt,2012,Insgesamt,19.06.,2291,e
Statistik der Sterbefälle,Deutschland,Insgesamt,2012,Insgesamt,20.06.,2314,e
Statistik der Sterbefälle,Deutschland,Insgesamt,2012,Insgesamt,21.06.,2259,e
Statistik der Sterbefälle,Deutschland,Insgesamt,2012,Insgesamt,22.06.,2120,e
Statistik der Sterbefälle,Deutschland,Insgesamt,2012,Insgesamt,23.06.,2161,e
Statistik der Sterbefälle,Deutschland,Insgesamt,2012,Insgesamt,24.06.,2090,e
Statistik der Sterbefälle,Deutschland,Insgesamt,2012,Insgesamt,25.06.,2173,e
Statistik der Sterbefälle,Deutschland,Insgesamt,2012,Insgesamt,26.06.,2108,e
Statistik der Sterbefälle,Deutschland,Insgesamt,2012,Insgesamt,27.06.,2189,e
Statistik der Sterbefälle,Deutschland,Insgesamt,2012,Insgesamt,28.06.,2336,e
Statistik der Sterbefälle,Deutschland,Insgesamt,2012,Insgesamt,29.06.,2428,e
Statistik der Sterbefälle,Deutschland,Insgesamt,2012,Insgesamt,30.06.,2349,e
Statistik der Sterbefälle,Deutschland,Insgesamt,2012,Insgesamt,01.07.,2110,e
Statistik der Sterbefälle,Deutschland,Insgesamt,2012,Insgesamt,02.07.,2202,e
Statistik der Sterbefälle,Deutschland,Insgesamt,2012,Insgesamt,03.07.,2256,e
Statistik der Sterbefälle,Deutschland,Insgesamt,2012,Insgesamt,04.07.,2330,e
Statistik der Sterbefälle,Deutschland,Insgesamt,2012,Insgesamt,05.07.,2350,e
Statistik der Sterbefälle,Deutschland,Insgesamt,2012,Insgesamt,06.07.,2327,e
Statistik der Sterbefälle,Deutschland,Insgesamt,2012,Insgesamt,07.07.,2231,e
Statistik der Sterbefälle,Deutschland,Insgesamt,2012,Insgesamt,08.07.,2136,e
Statistik der Sterbefälle,Deutschland,Insgesamt,2012,Insgesamt,09.07.,2173,e
Statistik der Sterbefälle,Deutschland,Insgesamt,2012,Insgesamt,10.07.,2173,e
Statistik der Sterbefälle,Deutschland,Insgesamt,2012,Insgesamt,11.07.,2107,e
Statistik der Sterbefälle,Deutschland,Insgesamt,2012,Insgesamt,12.07.,2126,e
Statistik der Sterbefälle,Deutschland,Insgesamt,2012,Insgesamt,13.07.,2168,e
Statistik der Sterbefälle,Deutschland,Insgesamt,2012,Insgesamt,14.07.,2142,e
Statistik der Sterbefälle,Deutschland,Insgesamt,2012,Insgesamt,15.07.,1993,e
Statistik der Sterbefälle,Deutschland,Insgesamt,2012,Insgesamt,16.07.,2168,e
Statistik der Sterbefälle,Deutschland,Insgesamt,2012,Insgesamt,17.07.,2165,e
Statistik der Sterbefälle,Deutschland,Insgesamt,2012,Insgesamt,18.07.,2253,e
Statistik der Sterbefälle,Deutschland,Insgesamt,2012,Insgesamt,19.07.,2157,e
Statistik der Sterbefälle,Deutschland,Insgesamt,2012,Insgesamt,20.07.,2132,e
Statistik der Sterbefälle,Deutschland,Insgesamt,2012,Insgesamt,21.07.,2117,e
Statistik der Sterbefälle,Deutschland,Insgesamt,2012,Insgesamt,22.07.,2034,e
Statistik der Sterbefälle,Deutschland,Insgesamt,2012,Insgesamt,23.07.,2188,e
Statistik der Sterbefälle,Deutschland,Insgesamt,2012,Insgesamt,24.07.,2265,e
Statistik der Sterbefälle,Deutschland,Insgesamt,2012,Insgesamt,25.07.,2411,e
Statistik der Sterbefälle,Deutschland,Insgesamt,2012,Insgesamt,26.07.,2478,e
Statistik der Sterbefälle,Deutschland,Insgesamt,2012,Insgesamt,27.07.,2417,e
Statistik der Sterbefälle,Deutschland,Insgesamt,2012,Insgesamt,28.07.,2375,e
Statistik der Sterbefälle,Deutschland,Insgesamt,2012,Insgesamt,29.07.,2159,e
Statistik der Sterbefälle,Deutschland,Insgesamt,2012,Insgesamt,30.07.,2143,e
Statistik der Sterbefälle,Deutschland,Insgesamt,2012,Insgesamt,31.07.,2105,e
Statistik der Sterbefälle,Deutschland,Insgesamt,2012,Insgesamt,01.08.,2273,e
Statistik der Sterbefälle,Deutschland,Insgesamt,2012,Insgesamt,02.08.,2276,e
Statistik der Sterbefälle,Deutschland,Insgesamt,2012,Insgesamt,03.08.,2285,e
Statistik der Sterbefälle,Deutschland,Insgesamt,2012,Insgesamt,04.08.,2116,e
Statistik der Sterbefälle,Deutschland,Insgesamt,2012,Insgesamt,05.08.,2239,e
Statistik der Sterbefälle,Deutschland,Insgesamt,2012,Insgesamt,06.08.,2153,e
Statistik der Sterbefälle,Deutschland,Insgesamt,2012,Insgesamt,07.08.,2087,e
Statistik der Sterbefälle,Deutschland,Insgesamt,2012,Insgesamt,08.08.,2124,e
Statistik der Sterbefälle,Deutschland,Insgesamt,2012,Insgesamt,09.08.,2095,e
Statistik der Sterbefälle,Deutschland,Insgesamt,2012,Insgesamt,10.08.,2040,e
Statistik der Sterbefälle,Deutschland,Insgesamt,2012,Insgesamt,11.08.,2084,e
Statistik der Sterbefälle,Deutschland,Insgesamt,2012,Insgesamt,12.08.,2056,e
Statistik der Sterbefälle,Deutschland,Insgesamt,2012,Insgesamt,13.08.,2141,e
Statistik der Sterbefälle,Deutschland,Insgesamt,2012,Insgesamt,14.08.,2228,e
Statistik der Sterbefälle,Deutschland,Insgesamt,2012,Insgesamt,15.08.,2203,e
Statistik der Sterbefälle,Deutschland,Insgesamt,2012,Insgesamt,16.08.,2215,e
Statistik der Sterbefälle,Deutschland,Insgesamt,2012,Insgesamt,17.08.,2237,e
Statistik der Sterbefälle,Deutschland,Insgesamt,2012,Insgesamt,18.08.,2282,e
Statistik der Sterbefälle,Deutschland,Insgesamt,2012,Insgesamt,19.08.,2291,e
Statistik der Sterbefälle,Deutschland,Insgesamt,2012,Insgesamt,20.08.,2729,e
Statistik der Sterbefälle,Deutschland,Insgesamt,2012,Insgesamt,21.08.,2621,e
Statistik der Sterbefälle,Deutschland,Insgesamt,2012,Insgesamt,22.08.,2375,e
Statistik der Sterbefälle,Deutschland,Insgesamt,2012,Insgesamt,23.08.,2227,e
Statistik der Sterbefälle,Deutschland,Insgesamt,2012,Insgesamt,24.08.,2278,e
Statistik der Sterbefälle,Deutschland,Insgesamt,2012,Insgesamt,25.08.,2245,e
Statistik der Sterbefälle,Deutschland,Insgesamt,2012,Insgesamt,26.08.,1980,e
Statistik der Sterbefälle,Deutschland,Insgesamt,2012,Insgesamt,27.08.,2131,e
Statistik der Sterbefälle,Deutschland,Insgesamt,2012,Insgesamt,28.08.,2088,e
Statistik der Sterbefälle,Deutschland,Insgesamt,2012,Insgesamt,29.08.,2291,e
Statistik der Sterbefälle,Deutschland,Insgesamt,2012,Insgesamt,30.08.,2078,e
Statistik der Sterbefälle,Deutschland,Insgesamt,2012,Insgesamt,31.08.,2004,e
Statistik der Sterbefälle,Deutschland,Insgesamt,2012,Insgesamt,01.09.,2068,e
Statistik der Sterbefälle,Deutschland,Insgesamt,2012,Insgesamt,02.09.,2028,e
Statistik der Sterbefälle,Deutschland,Insgesamt,2012,Insgesamt,03.09.,2056,e
Statistik der Sterbefälle,Deutschland,Insgesamt,2012,Insgesamt,04.09.,2137,e
Statistik der Sterbefälle,Deutschland,Insgesamt,2012,Insgesamt,05.09.,2196,e
Statistik der Sterbefälle,Deutschland,Insgesamt,2012,Insgesamt,06.09.,2155,e
Statistik der Sterbefälle,Deutschland,Insgesamt,2012,Insgesamt,07.09.,2117,e
Statistik der Sterbefälle,Deutschland,Insgesamt,2012,Insgesamt,08.09.,2156,e
Statistik der Sterbefälle,Deutschland,Insgesamt,2012,Insgesamt,09.09.,2166,e
Statistik der Sterbefälle,Deutschland,Insgesamt,2012,Insgesamt,10.09.,2282,e
Statistik der Sterbefälle,Deutschland,Insgesamt,2012,Insgesamt,11.09.,2293,e
Statistik der Sterbefälle,Deutschland,Insgesamt,2012,Insgesamt,12.09.,2202,e
Statistik der Sterbefälle,Deutschland,Insgesamt,2012,Insgesamt,13.09.,2138,e
Statistik der Sterbefälle,Deutschland,Insgesamt,2012,Insgesamt,14.09.,2214,e
Statistik der Sterbefälle,Deutschland,Insgesamt,2012,Insgesamt,15.09.,2173,e
Statistik der Sterbefälle,Deutschland,Insgesamt,2012,Insgesamt,16.09.,2192,e
Statistik der Sterbefälle,Deutschland,Insgesamt,2012,Insgesamt,17.09.,2189,e
Statistik der Sterbefälle,Deutschland,Insgesamt,2012,Insgesamt,18.09.,2253,e
Statistik der Sterbefälle,Deutschland,Insgesamt,2012,Insgesamt,19.09.,2212,e
Statistik der Sterbefälle,Deutschland,Insgesamt,2012,Insgesamt,20.09.,2149,e
Statistik der Sterbefälle,Deutschland,Insgesamt,2012,Insgesamt,21.09.,2318,e
Statistik der Sterbefälle,Deutschland,Insgesamt,2012,Insgesamt,22.09.,2214,e
Statistik der Sterbefälle,Deutschland,Insgesamt,2012,Insgesamt,23.09.,2218,e
Statistik der Sterbefälle,Deutschland,Insgesamt,2012,Insgesamt,24.09.,2373,e
Statistik der Sterbefälle,Deutschland,Insgesamt,2012,Insgesamt,25.09.,2337,e
Statistik der Sterbefälle,Deutschland,Insgesamt,2012,Insgesamt,26.09.,2410,e
Statistik der Sterbefälle,Deutschland,Insgesamt,2012,Insgesamt,27.09.,2276,e
Statistik der Sterbefälle,Deutschland,Insgesamt,2012,Insgesamt,28.09.,2205,e
Statistik der Sterbefälle,Deutschland,Insgesamt,2012,Insgesamt,29.09.,2257,e
Statistik der Sterbefälle,Deutschland,Insgesamt,2012,Insgesamt,30.09.,2116,e
Statistik der Sterbefälle,Deutschland,Insgesamt,2012,Insgesamt,01.10.,2250,e
Statistik der Sterbefälle,Deutschland,Insgesamt,2012,Insgesamt,02.10.,2298,e
Statistik der Sterbefälle,Deutschland,Insgesamt,2012,Insgesamt,03.10.,2243,e
Statistik der Sterbefälle,Deutschland,Insgesamt,2012,Insgesamt,04.10.,2316,e
Statistik der Sterbefälle,Deutschland,Insgesamt,2012,Insgesamt,05.10.,2259,e
Statistik der Sterbefälle,Deutschland,Insgesamt,2012,Insgesamt,06.10.,2272,e
Statistik der Sterbefälle,Deutschland,Insgesamt,2012,Insgesamt,07.10.,2180,e
Statistik der Sterbefälle,Deutschland,Insgesamt,2012,Insgesamt,08.10.,2282,e
Statistik der Sterbefälle,Deutschland,Insgesamt,2012,Insgesamt,09.10.,2374,e
Statistik der Sterbefälle,Deutschland,Insgesamt,2012,Insgesamt,10.10.,2276,e
Statistik der Sterbefälle,Deutschland,Insgesamt,2012,Insgesamt,11.10.,2355,e
Statistik der Sterbefälle,Deutschland,Insgesamt,2012,Insgesamt,12.10.,2426,e
Statistik der Sterbefälle,Deutschland,Insgesamt,2012,Insgesamt,13.10.,2337,e
Statistik der Sterbefälle,Deutschland,Insgesamt,2012,Insgesamt,14.10.,2204,e
Statistik der Sterbefälle,Deutschland,Insgesamt,2012,Insgesamt,15.10.,2390,e
Statistik der Sterbefälle,Deutschland,Insgesamt,2012,Insgesamt,16.10.,2372,e
Statistik der Sterbefälle,Deutschland,Insgesamt,2012,Insgesamt,17.10.,2402,e
Statistik der Sterbefälle,Deutschland,Insgesamt,2012,Insgesamt,18.10.,2505,e
Statistik der Sterbefälle,Deutschland,Insgesamt,2012,Insgesamt,19.10.,2410,e
Statistik der Sterbefälle,Deutschland,Insgesamt,2012,Insgesamt,20.10.,2379,e
Statistik der Sterbefälle,Deutschland,Insgesamt,2012,Insgesamt,21.10.,2317,e
Statistik der Sterbefälle,Deutschland,Insgesamt,2012,Insgesamt,22.10.,2351,e
Statistik der Sterbefälle,Deutschland,Insgesamt,2012,Insgesamt,23.10.,2306,e
Statistik der Sterbefälle,Deutschland,Insgesamt,2012,Insgesamt,24.10.,2371,e
Statistik der Sterbefälle,Deutschland,Insgesamt,2012,Insgesamt,25.10.,2338,e
Statistik der Sterbefälle,Deutschland,Insgesamt,2012,Insgesamt,26.10.,2368,e
Statistik der Sterbefälle,Deutschland,Insgesamt,2012,Insgesamt,27.10.,2269,e
Statistik der Sterbefälle,Deutschland,Insgesamt,2012,Insgesamt,28.10.,2353,e
Statistik der Sterbefälle,Deutschland,Insgesamt,2012,Insgesamt,29.10.,2375,e
Statistik der Sterbefälle,Deutschland,Insgesamt,2012,Insgesamt,30.10.,2481,e
Statistik der Sterbefälle,Deutschland,Insgesamt,2012,Insgesamt,31.10.,2484,e
Statistik der Sterbefälle,Deutschland,Insgesamt,2012,Insgesamt,01.11.,2430,e
Statistik der Sterbefälle,Deutschland,Insgesamt,2012,Insgesamt,02.11.,2552,e
Statistik der Sterbefälle,Deutschland,Insgesamt,2012,Insgesamt,03.11.,2426,e
Statistik der Sterbefälle,Deutschland,Insgesamt,2012,Insgesamt,04.11.,2272,e
Statistik der Sterbefälle,Deutschland,Insgesamt,2012,Insgesamt,05.11.,2477,e
Statistik der Sterbefälle,Deutschland,Insgesamt,2012,Insgesamt,06.11.,2339,e
Statistik der Sterbefälle,Deutschland,Insgesamt,2012,Insgesamt,07.11.,2447,e
Statistik der Sterbefälle,Deutschland,Insgesamt,2012,Insgesamt,08.11.,2374,e
Statistik der Sterbefälle,Deutschland,Insgesamt,2012,Insgesamt,09.11.,2413,e
Statistik der Sterbefälle,Deutschland,Insgesamt,2012,Insgesamt,10.11.,2437,e
Statistik der Sterbefälle,Deutschland,Insgesamt,2012,Insgesamt,11.11.,2357,e
Statistik der Sterbefälle,Deutschland,Insgesamt,2012,Insgesamt,12.11.,2415,e
Statistik der Sterbefälle,Deutschland,Insgesamt,2012,Insgesamt,13.11.,2379,e
Statistik der Sterbefälle,Deutschland,Insgesamt,2012,Insgesamt,14.11.,2420,e
Statistik der Sterbefälle,Deutschland,Insgesamt,2012,Insgesamt,15.11.,2438,e
Statistik der Sterbefälle,Deutschland,Insgesamt,2012,Insgesamt,16.11.,2390,e
Statistik der Sterbefälle,Deutschland,Insgesamt,2012,Insgesamt,17.11.,2416,e
Statistik der Sterbefälle,Deutschland,Insgesamt,2012,Insgesamt,18.11.,2316,e
Statistik der Sterbefälle,Deutschland,Insgesamt,2012,Insgesamt,19.11.,2437,e
Statistik der Sterbefälle,Deutschland,Insgesamt,2012,Insgesamt,20.11.,2396,e
Statistik der Sterbefälle,Deutschland,Insgesamt,2012,Insgesamt,21.11.,2370,e
Statistik der Sterbefälle,Deutschland,Insgesamt,2012,Insgesamt,22.11.,2456,e
Statistik der Sterbefälle,Deutschland,Insgesamt,2012,Insgesamt,23.11.,2446,e
Statistik der Sterbefälle,Deutschland,Insgesamt,2012,Insgesamt,24.11.,2402,e
Statistik der Sterbefälle,Deutschland,Insgesamt,2012,Insgesamt,25.11.,2412,e
Statistik der Sterbefälle,Deutschland,Insgesamt,2012,Insgesamt,26.11.,2443,e
Statistik der Sterbefälle,Deutschland,Insgesamt,2012,Insgesamt,27.11.,2464,e
Statistik der Sterbefälle,Deutschland,Insgesamt,2012,Insgesamt,28.11.,2480,e
Statistik der Sterbefälle,Deutschland,Insgesamt,2012,Insgesamt,29.11.,2424,e
Statistik der Sterbefälle,Deutschland,Insgesamt,2012,Insgesamt,30.11.,2441,e
Statistik der Sterbefälle,Deutschland,Insgesamt,2012,Insgesamt,01.12.,2391,e
Statistik der Sterbefälle,Deutschland,Insgesamt,2012,Insgesamt,02.12.,2431,e
Statistik der Sterbefälle,Deutschland,Insgesamt,2012,Insgesamt,03.12.,2581,e
Statistik der Sterbefälle,Deutschland,Insgesamt,2012,Insgesamt,04.12.,2388,e
Statistik der Sterbefälle,Deutschland,Insgesamt,2012,Insgesamt,05.12.,2504,e
Statistik der Sterbefälle,Deutschland,Insgesamt,2012,Insgesamt,06.12.,2502,e
Statistik der Sterbefälle,Deutschland,Insgesamt,2012,Insgesamt,07.12.,2576,e
Statistik der Sterbefälle,Deutschland,Insgesamt,2012,Insgesamt,08.12.,2368,e
Statistik der Sterbefälle,Deutschland,Insgesamt,2012,Insgesamt,09.12.,2484,e
Statistik der Sterbefälle,Deutschland,Insgesamt,2012,Insgesamt,10.12.,2592,e
Statistik der Sterbefälle,Deutschland,Insgesamt,2012,Insgesamt,11.12.,2484,e
Statistik der Sterbefälle,Deutschland,Insgesamt,2012,Insgesamt,12.12.,2507,e
Statistik der Sterbefälle,Deutschland,Insgesamt,2012,Insgesamt,13.12.,2589,e
Statistik der Sterbefälle,Deutschland,Insgesamt,2012,Insgesamt,14.12.,2650,e
Statistik der Sterbefälle,Deutschland,Insgesamt,2012,Insgesamt,15.12.,2700,e
Statistik der Sterbefälle,Deutschland,Insgesamt,2012,Insgesamt,16.12.,2582,e
Statistik der Sterbefälle,Deutschland,Insgesamt,2012,Insgesamt,17.12.,2615,e
Statistik der Sterbefälle,Deutschland,Insgesamt,2012,Insgesamt,18.12.,2527,e
Statistik der Sterbefälle,Deutschland,Insgesamt,2012,Insgesamt,19.12.,2560,e
Statistik der Sterbefälle,Deutschland,Insgesamt,2012,Insgesamt,20.12.,2565,e
Statistik der Sterbefälle,Deutschland,Insgesamt,2012,Insgesamt,21.12.,2556,e
Statistik der Sterbefälle,Deutschland,Insgesamt,2012,Insgesamt,22.12.,2561,e
Statistik der Sterbefälle,Deutschland,Insgesamt,2012,Insgesamt,23.12.,2602,e
Statistik der Sterbefälle,Deutschland,Insgesamt,2012,Insgesamt,24.12.,2580,e
Statistik der Sterbefälle,Deutschland,Insgesamt,2012,Insgesamt,25.12.,2552,e
Statistik der Sterbefälle,Deutschland,Insgesamt,2012,Insgesamt,26.12.,2420,e
Statistik der Sterbefälle,Deutschland,Insgesamt,2012,Insgesamt,27.12.,2668,e
Statistik der Sterbefälle,Deutschland,Insgesamt,2012,Insgesamt,28.12.,2623,e
Statistik der Sterbefälle,Deutschland,Insgesamt,2012,Insgesamt,29.12.,2527,e
Statistik der Sterbefälle,Deutschland,Insgesamt,2012,Insgesamt,30.12.,2465,e
Statistik der Sterbefälle,Deutschland,Insgesamt,2012,Insgesamt,31.12.,2558,e
Statistik der Sterbefälle,Deutschland,Insgesamt,2013,Insgesamt,Insgesamt,893825,e
Statistik der Sterbefälle,Deutschland,Insgesamt,2013,Insgesamt,01.01.,2742,e
Statistik der Sterbefälle,Deutschland,Insgesamt,2013,Insgesamt,02.01.,2602,e
Statistik der Sterbefälle,Deutschland,Insgesamt,2013,Insgesamt,03.01.,2607,e
Statistik der Sterbefälle,Deutschland,Insgesamt,2013,Insgesamt,04.01.,2535,e
Statistik der Sterbefälle,Deutschland,Insgesamt,2013,Insgesamt,05.01.,2590,e
Statistik der Sterbefälle,Deutschland,Insgesamt,2013,Insgesamt,06.01.,2609,e
Statistik der Sterbefälle,Deutschland,Insgesamt,2013,Insgesamt,07.01.,2640,e
Statistik der Sterbefälle,Deutschland,Insgesamt,2013,Insgesamt,08.01.,2688,e
Statistik der Sterbefälle,Deutschland,Insgesamt,2013,Insgesamt,09.01.,2552,e
Statistik der Sterbefälle,Deutschland,Insgesamt,2013,Insgesamt,10.01.,2639,e
Statistik der Sterbefälle,Deutschland,Insgesamt,2013,Insgesamt,11.01.,2545,e
Statistik der Sterbefälle,Deutschland,Insgesamt,2013,Insgesamt,12.01.,2477,e
Statistik der Sterbefälle,Deutschland,Insgesamt,2013,Insgesamt,13.01.,2392,e
Statistik der Sterbefälle,Deutschland,Insgesamt,2013,Insgesamt,14.01.,2572,e
Statistik der Sterbefälle,Deutschland,Insgesamt,2013,Insgesamt,15.01.,2560,e
Statistik der Sterbefälle,Deutschland,Insgesamt,2013,Insgesamt,16.01.,2673,e
Statistik der Sterbefälle,Deutschland,Insgesamt,2013,Insgesamt,17.01.,2538,e
Statistik der Sterbefälle,Deutschland,Insgesamt,2013,Insgesamt,18.01.,2667,e
Statistik der Sterbefälle,Deutschland,Insgesamt,2013,Insgesamt,19.01.,2577,e
Statistik der Sterbefälle,Deutschland,Insgesamt,2013,Insgesamt,20.01.,2664,e
Statistik der Sterbefälle,Deutschland,Insgesamt,2013,Insgesamt,21.01.,2818,e
Statistik der Sterbefälle,Deutschland,Insgesamt,2013,Insgesamt,22.01.,2734,e
Statistik der Sterbefälle,Deutschland,Insgesamt,2013,Insgesamt,23.01.,2581,e
Statistik der Sterbefälle,Deutschland,Insgesamt,2013,Insgesamt,24.01.,2728,e
Statistik der Sterbefälle,Deutschland,Insgesamt,2013,Insgesamt,25.01.,2642,e
Statistik der Sterbefälle,Deutschland,Insgesamt,2013,Insgesamt,26.01.,2721,e
Statistik der Sterbefälle,Deutschland,Insgesamt,2013,Insgesamt,27.01.,2637,e
Statistik der Sterbefälle,Deutschland,Insgesamt,2013,Insgesamt,28.01.,2836,e
Statistik der Sterbefälle,Deutschland,Insgesamt,2013,Insgesamt,29.01.,2857,e
Statistik der Sterbefälle,Deutschland,Insgesamt,2013,Insgesamt,30.01.,2943,e
Statistik der Sterbefälle,Deutschland,Insgesamt,2013,Insgesamt,31.01.,2896,e
Statistik der Sterbefälle,Deutschland,Insgesamt,2013,Insgesamt,01.02.,2921,e
Statistik der Sterbefälle,Deutschland,Insgesamt,2013,Insgesamt,02.02.,2829,e
Statistik der Sterbefälle,Deutschland,Insgesamt,2013,Insgesamt,03.02.,2698,e
Statistik der Sterbefälle,Deutschland,Insgesamt,2013,Insgesamt,04.02.,2905,e
Statistik der Sterbefälle,Deutschland,Insgesamt,2013,Insgesamt,05.02.,2852,e
Statistik der Sterbefälle,Deutschland,Insgesamt,2013,Insgesamt,06.02.,3030,e
Statistik der Sterbefälle,Deutschland,Insgesamt,2013,Insgesamt,07.02.,2877,e
Statistik der Sterbefälle,Deutschland,Insgesamt,2013,Insgesamt,08.02.,2814,e
Statistik der Sterbefälle,Deutschland,Insgesamt,2013,Insgesamt,09.02.,2858,e
Statistik der Sterbefälle,Deutschland,Insgesamt,2013,Insgesamt,10.02.,2690,e
Statistik der Sterbefälle,Deutschland,Insgesamt,2013,Insgesamt,11.02.,2932,e
Statistik der Sterbefälle,Deutschland,Insgesamt,2013,Insgesamt,12.02.,2919,e
Statistik der Sterbefälle,Deutschland,Insgesamt,2013,Insgesamt,13.02.,2759,e
Statistik der Sterbefälle,Deutschland,Insgesamt,2013,Insgesamt,14.02.,2917,e
Statistik der Sterbefälle,Deutschland,Insgesamt,2013,Insgesamt,15.02.,2988,e
Statistik der Sterbefälle,Deutschland,Insgesamt,2013,Insgesamt,16.02.,3021,e
Statistik der Sterbefälle,Deutschland,Insgesamt,2013,Insgesamt,17.02.,2837,e
Statistik der Sterbefälle,Deutschland,Insgesamt,2013,Insgesamt,18.02.,2937,e
Statistik der Sterbefälle,Deutschland,Insgesamt,2013,Insgesamt,19.02.,3011,e
Statistik der Sterbefälle,Deutschland,Insgesamt,2013,Insgesamt,20.02.,2896,e
Statistik der Sterbefälle,Deutschland,Insgesamt,2013,Insgesamt,21.02.,2928,e
Statistik der Sterbefälle,Deutschland,Insgesamt,2013,Insgesamt,22.02.,3005,e
Statistik der Sterbefälle,Deutschland,Insgesamt,2013,Insgesamt,23.02.,3051,e
Statistik der Sterbefälle,Deutschland,Insgesamt,2013,Insgesamt,24.02.,2948,e
Statistik der Sterbefälle,Deutschland,Insgesamt,2013,Insgesamt,25.02.,3082,e
Statistik der Sterbefälle,Deutschland,Insgesamt,2013,Insgesamt,26.02.,3046,e
Statistik der Sterbefälle,Deutschland,Insgesamt,2013,Insgesamt,27.02.,3156,e
Statistik der Sterbefälle,Deutschland,Insgesamt,2013,Insgesamt,28.02.,3050,e
Statistik der Sterbefälle,Deutschland,Insgesamt,2013,Insgesamt,29.02.,X,e
Statistik der Sterbefälle,Deutschland,Insgesamt,2013,Insgesamt,01.03.,3007,e
Statistik der Sterbefälle,Deutschland,Insgesamt,2013,Insgesamt,02.03.,3050,e
Statistik der Sterbefälle,Deutschland,Insgesamt,2013,Insgesamt,03.03.,2859,e
Statistik der Sterbefälle,Deutschland,Insgesamt,2013,Insgesamt,04.03.,3005,e
Statistik der Sterbefälle,Deutschland,Insgesamt,2013,Insgesamt,05.03.,3033,e
Statistik der Sterbefälle,Deutschland,Insgesamt,2013,Insgesamt,06.03.,3017,e
Statistik der Sterbefälle,Deutschland,Insgesamt,2013,Insgesamt,07.03.,3134,e
Statistik der Sterbefälle,Deutschland,Insgesamt,2013,Insgesamt,08.03.,3144,e
Statistik der Sterbefälle,Deutschland,Insgesamt,2013,Insgesamt,09.03.,2946,e
Statistik der Sterbefälle,Deutschland,Insgesamt,2013,Insgesamt,10.03.,2893,e
Statistik der Sterbefälle,Deutschland,Insgesamt,2013,Insgesamt,11.03.,2937,e
Statistik der Sterbefälle,Deutschland,Insgesamt,2013,Insgesamt,12.03.,2992,e
Statistik der Sterbefälle,Deutschland,Insgesamt,2013,Insgesamt,13.03.,2944,e
Statistik der Sterbefälle,Deutschland,Insgesamt,2013,Insgesamt,14.03.,2931,e
Statistik der Sterbefälle,Deutschland,Insgesamt,2013,Insgesamt,15.03.,2893,e
Statistik der Sterbefälle,Deutschland,Insgesamt,2013,Insgesamt,16.03.,2811,e
Statistik der Sterbefälle,Deutschland,Insgesamt,2013,Insgesamt,17.03.,2689,e
Statistik der Sterbefälle,Deutschland,Insgesamt,2013,Insgesamt,18.03.,2985,e
Statistik der Sterbefälle,Deutschland,Insgesamt,2013,Insgesamt,19.03.,2916,e
Statistik der Sterbefälle,Deutschland,Insgesamt,2013,Insgesamt,20.03.,2844,e
Statistik der Sterbefälle,Deutschland,Insgesamt,2013,Insgesamt,21.03.,2852,e
Statistik der Sterbefälle,Deutschland,Insgesamt,2013,Insgesamt,22.03.,2758,e
Statistik der Sterbefälle,Deutschland,Insgesamt,2013,Insgesamt,23.03.,2706,e
Statistik der Sterbefälle,Deutschland,Insgesamt,2013,Insgesamt,24.03.,2728,e
Statistik der Sterbefälle,Deutschland,Insgesamt,2013,Insgesamt,25.03.,2770,e
Statistik der Sterbefälle,Deutschland,Insgesamt,2013,Insgesamt,26.03.,2791,e
Statistik der Sterbefälle,Deutschland,Insgesamt,2013,Insgesamt,27.03.,2867,e
Statistik der Sterbefälle,Deutschland,Insgesamt,2013,Insgesamt,28.03.,2850,e
Statistik der Sterbefälle,Deutschland,Insgesamt,2013,Insgesamt,29.03.,2718,e
Statistik der Sterbefälle,Deutschland,Insgesamt,2013,Insgesamt,30.03.,2768,e
Statistik der Sterbefälle,Deutschland,Insgesamt,2013,Insgesamt,31.03.,2556,e
Statistik der Sterbefälle,Deutschland,Insgesamt,2013,Insgesamt,01.04.,2719,e
Statistik der Sterbefälle,Deutschland,Insgesamt,2013,Insgesamt,02.04.,2794,e
Statistik der Sterbefälle,Deutschland,Insgesamt,2013,Insgesamt,03.04.,2771,e
Statistik der Sterbefälle,Deutschland,Insgesamt,2013,Insgesamt,04.04.,2731,e
Statistik der Sterbefälle,Deutschland,Insgesamt,2013,Insgesamt,05.04.,2854,e
Statistik der Sterbefälle,Deutschland,Insgesamt,2013,Insgesamt,06.04.,2751,e
Statistik der Sterbefälle,Deutschland,Insgesamt,2013,Insgesamt,07.04.,2673,e
Statistik der Sterbefälle,Deutschland,Insgesamt,2013,Insgesamt,08.04.,2936,e
Statistik der Sterbefälle,Deutschland,Insgesamt,2013,Insgesamt,09.04.,2869,e
Statistik der Sterbefälle,Deutschland,Insgesamt,2013,Insgesamt,10.04.,2820,e
Statistik der Sterbefälle,Deutschland,Insgesamt,2013,Insgesamt,11.04.,2707,e
Statistik der Sterbefälle,Deutschland,Insgesamt,2013,Insgesamt,12.04.,2814,e
Statistik der Sterbefälle,Deutschland,Insgesamt,2013,Insgesamt,13.04.,2622,e
Statistik der Sterbefälle,Deutschland,Insgesamt,2013,Insgesamt,14.04.,2622,e
Statistik der Sterbefälle,Deutschland,Insgesamt,2013,Insgesamt,15.04.,2788,e
Statistik der Sterbefälle,Deutschland,Insgesamt,2013,Insgesamt,16.04.,2687,e
Statistik der Sterbefälle,Deutschland,Insgesamt,2013,Insgesamt,17.04.,2747,e
Statistik der Sterbefälle,Deutschland,Insgesamt,2013,Insgesamt,18.04.,2551,e
Statistik der Sterbefälle,Deutschland,Insgesamt,2013,Insgesamt,19.04.,2484,e
Statistik der Sterbefälle,Deutschland,Insgesamt,2013,Insgesamt,20.04.,2469,e
Statistik der Sterbefälle,Deutschland,Insgesamt,2013,Insgesamt,21.04.,2338,e
Statistik der Sterbefälle,Deutschland,Insgesamt,2013,Insgesamt,22.04.,2551,e
Statistik der Sterbefälle,Deutschland,Insgesamt,2013,Insgesamt,23.04.,2388,e
Statistik der Sterbefälle,Deutschland,Insgesamt,2013,Insgesamt,24.04.,2469,e
Statistik der Sterbefälle,Deutschland,Insgesamt,2013,Insgesamt,25.04.,2554,e
Statistik der Sterbefälle,Deutschland,Insgesamt,2013,Insgesamt,26.04.,2500,e
Statistik der Sterbefälle,Deutschland,Insgesamt,2013,Insgesamt,27.04.,2417,e
Statistik der Sterbefälle,Deutschland,Insgesamt,2013,Insgesamt,28.04.,2222,e
Statistik der Sterbefälle,Deutschland,Insgesamt,2013,Insgesamt,29.04.,2403,e
Statistik der Sterbefälle,Deutschland,Insgesamt,2013,Insgesamt,30.04.,2339,e
Statistik der Sterbefälle,Deutschland,Insgesamt,2013,Insgesamt,01.05.,2319,e
Statistik der Sterbefälle,Deutschland,Insgesamt,2013,Insgesamt,02.05.,2338,e
Statistik der Sterbefälle,Deutschland,Insgesamt,2013,Insgesamt,03.05.,2371,e
Statistik der Sterbefälle,Deutschland,Insgesamt,2013,Insgesamt,04.05.,2395,e
Statistik der Sterbefälle,Deutschland,Insgesamt,2013,Insgesamt,05.05.,2243,e
Statistik der Sterbefälle,Deutschland,Insgesamt,2013,Insgesamt,06.05.,2248,e
Statistik der Sterbefälle,Deutschland,Insgesamt,2013,Insgesamt,07.05.,2454,e
Statistik der Sterbefälle,Deutschland,Insgesamt,2013,Insgesamt,08.05.,2502,e
Statistik der Sterbefälle,Deutschland,Insgesamt,2013,Insgesamt,09.05.,2312,e
Statistik der Sterbefälle,Deutschland,Insgesamt,2013,Insgesamt,10.05.,2373,e
Statistik der Sterbefälle,Deutschland,Insgesamt,2013,Insgesamt,11.05.,2213,e
Statistik der Sterbefälle,Deutschland,Insgesamt,2013,Insgesamt,12.05.,2268,e
Statistik der Sterbefälle,Deutschland,Insgesamt,2013,Insgesamt,13.05.,2242,e
Statistik der Sterbefälle,Deutschland,Insgesamt,2013,Insgesamt,14.05.,2269,e
Statistik der Sterbefälle,Deutschland,Insgesamt,2013,Insgesamt,15.05.,2356,e
Statistik der Sterbefälle,Deutschland,Insgesamt,2013,Insgesamt,16.05.,2332,e
Statistik der Sterbefälle,Deutschland,Insgesamt,2013,Insgesamt,17.05.,2427,e
Statistik der Sterbefälle,Deutschland,Insgesamt,2013,Insgesamt,18.05.,2254,e
Statistik der Sterbefälle,Deutschland,Insgesamt,2013,Insgesamt,19.05.,2203,e
Statistik der Sterbefälle,Deutschland,Insgesamt,2013,Insgesamt,20.05.,2125,e
Statistik der Sterbefälle,Deutschland,Insgesamt,2013,Insgesamt,21.05.,2292,e
Statistik der Sterbefälle,Deutschland,Insgesamt,2013,Insgesamt,22.05.,2267,e
Statistik der Sterbefälle,Deutschland,Insgesamt,2013,Insgesamt,23.05.,2287,e
Statistik der Sterbefälle,Deutschland,Insgesamt,2013,Insgesamt,24.05.,2256,e
Statistik der Sterbefälle,Deutschland,Insgesamt,2013,Insgesamt,25.05.,2140,e
Statistik der Sterbefälle,Deutschland,Insgesamt,2013,Insgesamt,26.05.,2234,e
Statistik der Sterbefälle,Deutschland,Insgesamt,2013,Insgesamt,27.05.,2392,e
Statistik der Sterbefälle,Deutschland,Insgesamt,2013,Insgesamt,28.05.,2417,e
Statistik der Sterbefälle,Deutschland,Insgesamt,2013,Insgesamt,29.05.,2291,e
Statistik der Sterbefälle,Deutschland,Insgesamt,2013,Insgesamt,30.05.,2238,e
Statistik der Sterbefälle,Deutschland,Insgesamt,2013,Insgesamt,31.05.,2464,e
Statistik der Sterbefälle,Deutschland,Insgesamt,2013,Insgesamt,01.06.,2322,e
Statistik der Sterbefälle,Deutschland,Insgesamt,2013,Insgesamt,02.06.,2227,e
Statistik der Sterbefälle,Deutschland,Insgesamt,2013,Insgesamt,03.06.,2156,e
Statistik der Sterbefälle,Deutschland,Insgesamt,2013,Insgesamt,04.06.,2270,e
Statistik der Sterbefälle,Deutschland,Insgesamt,2013,Insgesamt,05.06.,2332,e
Statistik der Sterbefälle,Deutschland,Insgesamt,2013,Insgesamt,06.06.,2277,e
Statistik der Sterbefälle,Deutschland,Insgesamt,2013,Insgesamt,07.06.,2477,e
Statistik der Sterbefälle,Deutschland,Insgesamt,2013,Insgesamt,08.06.,2370,e
Statistik der Sterbefälle,Deutschland,Insgesamt,2013,Insgesamt,09.06.,2316,e
Statistik der Sterbefälle,Deutschland,Insgesamt,2013,Insgesamt,10.06.,2382,e
Statistik der Sterbefälle,Deutschland,Insgesamt,2013,Insgesamt,11.06.,2254,e
Statistik der Sterbefälle,Deutschland,Insgesamt,2013,Insgesamt,12.06.,2283,e
Statistik der Sterbefälle,Deutschland,Insgesamt,2013,Insgesamt,13.06.,2402,e
Statistik der Sterbefälle,Deutschland,Insgesamt,2013,Insgesamt,14.06.,2212,e
Statistik der Sterbefälle,Deutschland,Insgesamt,2013,Insgesamt,15.06.,2270,e
Statistik der Sterbefälle,Deutschland,Insgesamt,2013,Insgesamt,16.06.,2085,e
Statistik der Sterbefälle,Deutschland,Insgesamt,2013,Insgesamt,17.06.,2378,e
Statistik der Sterbefälle,Deutschland,Insgesamt,2013,Insgesamt,18.06.,2577,e
Statistik der Sterbefälle,Deutschland,Insgesamt,2013,Insgesamt,19.06.,2739,e
Statistik der Sterbefälle,Deutschland,Insgesamt,2013,Insgesamt,20.06.,2712,e
Statistik der Sterbefälle,Deutschland,Insgesamt,2013,Insgesamt,21.06.,2306,e
Statistik der Sterbefälle,Deutschland,Insgesamt,2013,Insgesamt,22.06.,2288,e
Statistik der Sterbefälle,Deutschland,Insgesamt,2013,Insgesamt,23.06.,2153,e
Statistik der Sterbefälle,Deutschland,Insgesamt,2013,Insgesamt,24.06.,2160,e
Statistik der Sterbefälle,Deutschland,Insgesamt,2013,Insgesamt,25.06.,2206,e
Statistik der Sterbefälle,Deutschland,Insgesamt,2013,Insgesamt,26.06.,2127,e
Statistik der Sterbefälle,Deutschland,Insgesamt,2013,Insgesamt,27.06.,2184,e
Statistik der Sterbefälle,Deutschland,Insgesamt,2013,Insgesamt,28.06.,2123,e
Statistik der Sterbefälle,Deutschland,Insgesamt,2013,Insgesamt,29.06.,2010,e
Statistik der Sterbefälle,Deutschland,Insgesamt,2013,Insgesamt,30.06.,2060,e
Statistik der Sterbefälle,Deutschland,Insgesamt,2013,Insgesamt,01.07.,2203,e
Statistik der Sterbefälle,Deutschland,Insgesamt,2013,Insgesamt,02.07.,2255,e
Statistik der Sterbefälle,Deutschland,Insgesamt,2013,Insgesamt,03.07.,2339,e
Statistik der Sterbefälle,Deutschland,Insgesamt,2013,Insgesamt,04.07.,2312,e
Statistik der Sterbefälle,Deutschland,Insgesamt,2013,Insgesamt,05.07.,2239,e
Statistik der Sterbefälle,Deutschland,Insgesamt,2013,Insgesamt,06.07.,2160,e
Statistik der Sterbefälle,Deutschland,Insgesamt,2013,Insgesamt,07.07.,2106,e
Statistik der Sterbefälle,Deutschland,Insgesamt,2013,Insgesamt,08.07.,2299,e
Statistik der Sterbefälle,Deutschland,Insgesamt,2013,Insgesamt,09.07.,2273,e
Statistik der Sterbefälle,Deutschland,Insgesamt,2013,Insgesamt,10.07.,2112,e
Statistik der Sterbefälle,Deutschland,Insgesamt,2013,Insgesamt,11.07.,2226,e
Statistik der Sterbefälle,Deutschland,Insgesamt,2013,Insgesamt,12.07.,2179,e
Statistik der Sterbefälle,Deutschland,Insgesamt,2013,Insgesamt,13.07.,2054,e
Statistik der Sterbefälle,Deutschland,Insgesamt,2013,Insgesamt,14.07.,2095,e
Statistik der Sterbefälle,Deutschland,Insgesamt,2013,Insgesamt,15.07.,2232,e
Statistik der Sterbefälle,Deutschland,Insgesamt,2013,Insgesamt,16.07.,2215,e
Statistik der Sterbefälle,Deutschland,Insgesamt,2013,Insgesamt,17.07.,2267,e
Statistik der Sterbefälle,Deutschland,Insgesamt,2013,Insgesamt,18.07.,2341,e
Statistik der Sterbefälle,Deutschland,Insgesamt,2013,Insgesamt,19.07.,2373,e
Statistik der Sterbefälle,Deutschland,Insgesamt,2013,Insgesamt,20.07.,2288,e
Statistik der Sterbefälle,Deutschland,Insgesamt,2013,Insgesamt,21.07.,2140,e
Statistik der Sterbefälle,Deutschland,Insgesamt,2013,Insgesamt,22.07.,2368,e
Statistik der Sterbefälle,Deutschland,Insgesamt,2013,Insgesamt,23.07.,2439,e
Statistik der Sterbefälle,Deutschland,Insgesamt,2013,Insgesamt,24.07.,2353,e
Statistik der Sterbefälle,Deutschland,Insgesamt,2013,Insgesamt,25.07.,2396,e
Statistik der Sterbefälle,Deutschland,Insgesamt,2013,Insgesamt,26.07.,2440,e
Statistik der Sterbefälle,Deutschland,Insgesamt,2013,Insgesamt,27.07.,2477,e
Statistik der Sterbefälle,Deutschland,Insgesamt,2013,Insgesamt,28.07.,2380,e
Statistik der Sterbefälle,Deutschland,Insgesamt,2013,Insgesamt,29.07.,2408,e
Statistik der Sterbefälle,Deutschland,Insgesamt,2013,Insgesamt,30.07.,2131,e
Statistik der Sterbefälle,Deutschland,Insgesamt,2013,Insgesamt,31.07.,2190,e
Statistik der Sterbefälle,Deutschland,Insgesamt,2013,Insgesamt,01.08.,2265,e
Statistik der Sterbefälle,Deutschland,Insgesamt,2013,Insgesamt,02.08.,2410,e
Statistik der Sterbefälle,Deutschland,Insgesamt,2013,Insgesamt,03.08.,2441,e
Statistik der Sterbefälle,Deutschland,Insgesamt,2013,Insgesamt,04.08.,2232,e
Statistik der Sterbefälle,Deutschland,Insgesamt,2013,Insgesamt,05.08.,2273,e
Statistik der Sterbefälle,Deutschland,Insgesamt,2013,Insgesamt,06.08.,2411,e
Statistik der Sterbefälle,Deutschland,Insgesamt,2013,Insgesamt,07.08.,2217,e
Statistik der Sterbefälle,Deutschland,Insgesamt,2013,Insgesamt,08.08.,2167,e
Statistik der Sterbefälle,Deutschland,Insgesamt,2013,Insgesamt,09.08.,2141,e
Statistik der Sterbefälle,Deutschland,Insgesamt,2013,Insgesamt,10.08.,2094,e
Statistik der Sterbefälle,Deutschland,Insgesamt,2013,Insgesamt,11.08.,1960,e
Statistik der Sterbefälle,Deutschland,Insgesamt,2013,Insgesamt,12.08.,2163,e
Statistik der Sterbefälle,Deutschland,Insgesamt,2013,Insgesamt,13.08.,2079,e
Statistik der Sterbefälle,Deutschland,Insgesamt,2013,Insgesamt,14.08.,2071,e
Statistik der Sterbefälle,Deutschland,Insgesamt,2013,Insgesamt,15.08.,2254,e
Statistik der Sterbefälle,Deutschland,Insgesamt,2013,Insgesamt,16.08.,2275,e
Statistik der Sterbefälle,Deutschland,Insgesamt,2013,Insgesamt,17.08.,2216,e
Statistik der Sterbefälle,Deutschland,Insgesamt,2013,Insgesamt,18.08.,2168,e
Statistik der Sterbefälle,Deutschland,Insgesamt,2013,Insgesamt,19.08.,2242,e
Statistik der Sterbefälle,Deutschland,Insgesamt,2013,Insgesamt,20.08.,2110,e
Statistik der Sterbefälle,Deutschland,Insgesamt,2013,Insgesamt,21.08.,2175,e
Statistik der Sterbefälle,Deutschland,Insgesamt,2013,Insgesamt,22.08.,2165,e
Statistik der Sterbefälle,Deutschland,Insgesamt,2013,Insgesamt,23.08.,2196,e
Statistik der Sterbefälle,Deutschland,Insgesamt,2013,Insgesamt,24.08.,2205,e
Statistik der Sterbefälle,Deutschland,Insgesamt,2013,Insgesamt,25.08.,2089,e
Statistik der Sterbefälle,Deutschland,Insgesamt,2013,Insgesamt,26.08.,2094,e
Statistik der Sterbefälle,Deutschland,Insgesamt,2013,Insgesamt,27.08.,2278,e
Statistik der Sterbefälle,Deutschland,Insgesamt,2013,Insgesamt,28.08.,2200,e
Statistik der Sterbefälle,Deutschland,Insgesamt,2013,Insgesamt,29.08.,2172,e
Statistik der Sterbefälle,Deutschland,Insgesamt,2013,Insgesamt,30.08.,2230,e
Statistik der Sterbefälle,Deutschland,Insgesamt,2013,Insgesamt,31.08.,2177,e
Statistik der Sterbefälle,Deutschland,Insgesamt,2013,Insgesamt,01.09.,2025,e
Statistik der Sterbefälle,Deutschland,Insgesamt,2013,Insgesamt,02.09.,2172,e
Statistik der Sterbefälle,Deutschland,Insgesamt,2013,Insgesamt,03.09.,2189,e
Statistik der Sterbefälle,Deutschland,Insgesamt,2013,Insgesamt,04.09.,2205,e
Statistik der Sterbefälle,Deutschland,Insgesamt,2013,Insgesamt,05.09.,2266,e
Statistik der Sterbefälle,Deutschland,Insgesamt,2013,Insgesamt,06.09.,2347,e
Statistik der Sterbefälle,Deutschland,Insgesamt,2013,Insgesamt,07.09.,2304,e
Statistik der Sterbefälle,Deutschland,Insgesamt,2013,Insgesamt,08.09.,2148,e
Statistik der Sterbefälle,Deutschland,Insgesamt,2013,Insgesamt,09.09.,2085,e
Statistik der Sterbefälle,Deutschland,Insgesamt,2013,Insgesamt,10.09.,2043,e
Statistik der Sterbefälle,Deutschland,Insgesamt,2013,Insgesamt,11.09.,2132,e
Statistik der Sterbefälle,Deutschland,Insgesamt,2013,Insgesamt,12.09.,2048,e
Statistik der Sterbefälle,Deutschland,Insgesamt,2013,Insgesamt,13.09.,2208,e
Statistik der Sterbefälle,Deutschland,Insgesamt,2013,Insgesamt,14.09.,2167,e
Statistik der Sterbefälle,Deutschland,Insgesamt,2013,Insgesamt,15.09.,1997,e
Statistik der Sterbefälle,Deutschland,Insgesamt,2013,Insgesamt,16.09.,2233,e
Statistik der Sterbefälle,Deutschland,Insgesamt,2013,Insgesamt,17.09.,2192,e
Statistik der Sterbefälle,Deutschland,Insgesamt,2013,Insgesamt,18.09.,2239,e
Statistik der Sterbefälle,Deutschland,Insgesamt,2013,Insgesamt,19.09.,2164,e
Statistik der Sterbefälle,Deutschland,Insgesamt,2013,Insgesamt,20.09.,2184,e
Statistik der Sterbefälle,Deutschland,Insgesamt,2013,Insgesamt,21.09.,2154,e
Statistik der Sterbefälle,Deutschland,Insgesamt,2013,Insgesamt,22.09.,2146,e
Statistik der Sterbefälle,Deutschland,Insgesamt,2013,Insgesamt,23.09.,2305,e
Statistik der Sterbefälle,Deutschland,Insgesamt,2013,Insgesamt,24.09.,2240,e
Statistik der Sterbefälle,Deutschland,Insgesamt,2013,Insgesamt,25.09.,2253,e
Statistik der Sterbefälle,Deutschland,Insgesamt,2013,Insgesamt,26.09.,2283,e
Statistik der Sterbefälle,Deutschland,Insgesamt,2013,Insgesamt,27.09.,2298,e
Statistik der Sterbefälle,Deutschland,Insgesamt,2013,Insgesamt,28.09.,2226,e
Statistik der Sterbefälle,Deutschland,Insgesamt,2013,Insgesamt,29.09.,2114,e
Statistik der Sterbefälle,Deutschland,Insgesamt,2013,Insgesamt,30.09.,2233,e
Statistik der Sterbefälle,Deutschland,Insgesamt,2013,Insgesamt,01.10.,2243,e
Statistik der Sterbefälle,Deutschland,Insgesamt,2013,Insgesamt,02.10.,2283,e
Statistik der Sterbefälle,Deutschland,Insgesamt,2013,Insgesamt,03.10.,2206,e
Statistik der Sterbefälle,Deutschland,Insgesamt,2013,Insgesamt,04.10.,2311,e
Statistik der Sterbefälle,Deutschland,Insgesamt,2013,Insgesamt,05.10.,2333,e
Statistik der Sterbefälle,Deutschland,Insgesamt,2013,Insgesamt,06.10.,2285,e
Statistik der Sterbefälle,Deutschland,Insgesamt,2013,Insgesamt,07.10.,2260,e
Statistik der Sterbefälle,Deutschland,Insgesamt,2013,Insgesamt,08.10.,2327,e
Statistik der Sterbefälle,Deutschland,Insgesamt,2013,Insgesamt,09.10.,2292,e
Statistik der Sterbefälle,Deutschland,Insgesamt,2013,Insgesamt,10.10.,2309,e
Statistik der Sterbefälle,Deutschland,Insgesamt,2013,Insgesamt,11.10.,2239,e
Statistik der Sterbefälle,Deutschland,Insgesamt,2013,Insgesamt,12.10.,2280,e
Statistik der Sterbefälle,Deutschland,Insgesamt,2013,Insgesamt,13.10.,2232,e
Statistik der Sterbefälle,Deutschland,Insgesamt,2013,Insgesamt,14.10.,2276,e
Statistik der Sterbefälle,Deutschland,Insgesamt,2013,Insgesamt,15.10.,2413,e
Statistik der Sterbefälle,Deutschland,Insgesamt,2013,Insgesamt,16.10.,2275,e
Statistik der Sterbefälle,Deutschland,Insgesamt,2013,Insgesamt,17.10.,2342,e
Statistik der Sterbefälle,Deutschland,Insgesamt,2013,Insgesamt,18.10.,2362,e
Statistik der Sterbefälle,Deutschland,Insgesamt,2013,Insgesamt,19.10.,2324,e
Statistik der Sterbefälle,Deutschland,Insgesamt,2013,Insgesamt,20.10.,2246,e
Statistik der Sterbefälle,Deutschland,Insgesamt,2013,Insgesamt,21.10.,2471,e
Statistik der Sterbefälle,Deutschland,Insgesamt,2013,Insgesamt,22.10.,2407,e
Statistik der Sterbefälle,Deutschland,Insgesamt,2013,Insgesamt,23.10.,2443,e
Statistik der Sterbefälle,Deutschland,Insgesamt,2013,Insgesamt,24.10.,2323,e
Statistik der Sterbefälle,Deutschland,Insgesamt,2013,Insgesamt,25.10.,2343,e
Statistik der Sterbefälle,Deutschland,Insgesamt,2013,Insgesamt,26.10.,2407,e
Statistik der Sterbefälle,Deutschland,Insgesamt,2013,Insgesamt,27.10.,2360,e
Statistik der Sterbefälle,Deutschland,Insgesamt,2013,Insgesamt,28.10.,2326,e
Statistik der Sterbefälle,Deutschland,Insgesamt,2013,Insgesamt,29.10.,2318,e
Statistik der Sterbefälle,Deutschland,Insgesamt,2013,Insgesamt,30.10.,2286,e
Statistik der Sterbefälle,Deutschland,Insgesamt,2013,Insgesamt,31.10.,2258,e
Statistik der Sterbefälle,Deutschland,Insgesamt,2013,Insgesamt,01.11.,2298,e
Statistik der Sterbefälle,Deutschland,Insgesamt,2013,Insgesamt,02.11.,2301,e
Statistik der Sterbefälle,Deutschland,Insgesamt,2013,Insgesamt,03.11.,2163,e
Statistik der Sterbefälle,Deutschland,Insgesamt,2013,Insgesamt,04.11.,2329,e
Statistik der Sterbefälle,Deutschland,Insgesamt,2013,Insgesamt,05.11.,2340,e
Statistik der Sterbefälle,Deutschland,Insgesamt,2013,Insgesamt,06.11.,2305,e
Statistik der Sterbefälle,Deutschland,Insgesamt,2013,Insgesamt,07.11.,2387,e
Statistik der Sterbefälle,Deutschland,Insgesamt,2013,Insgesamt,08.11.,2456,e
Statistik der Sterbefälle,Deutschland,Insgesamt,2013,Insgesamt,09.11.,2238,e
Statistik der Sterbefälle,Deutschland,Insgesamt,2013,Insgesamt,10.11.,2172,e
Statistik der Sterbefälle,Deutschland,Insgesamt,2013,Insgesamt,11.11.,2251,e
Statistik der Sterbefälle,Deutschland,Insgesamt,2013,Insgesamt,12.11.,2244,e
Statistik der Sterbefälle,Deutschland,Insgesamt,2013,Insgesamt,13.11.,2432,e
Statistik der Sterbefälle,Deutschland,Insgesamt,2013,Insgesamt,14.11.,2353,e
Statistik der Sterbefälle,Deutschland,Insgesamt,2013,Insgesamt,15.11.,2337,e
Statistik der Sterbefälle,Deutschland,Insgesamt,2013,Insgesamt,16.11.,2251,e
Statistik der Sterbefälle,Deutschland,Insgesamt,2013,Insgesamt,17.11.,2317,e
Statistik der Sterbefälle,Deutschland,Insgesamt,2013,Insgesamt,18.11.,2349,e
Statistik der Sterbefälle,Deutschland,Insgesamt,2013,Insgesamt,19.11.,2400,e
Statistik der Sterbefälle,Deutschland,Insgesamt,2013,Insgesamt,20.11.,2364,e
Statistik der Sterbefälle,Deutschland,Insgesamt,2013,Insgesamt,21.11.,2440,e
Statistik der Sterbefälle,Deutschland,Insgesamt,2013,Insgesamt,22.11.,2439,e
Statistik der Sterbefälle,Deutschland,Insgesamt,2013,Insgesamt,23.11.,2413,e
Statistik der Sterbefälle,Deutschland,Insgesamt,2013,Insgesamt,24.11.,2315,e
Statistik der Sterbefälle,Deutschland,Insgesamt,2013,Insgesamt,25.11.,2308,e
Statistik der Sterbefälle,Deutschland,Insgesamt,2013,Insgesamt,26.11.,2387,e
Statistik der Sterbefälle,Deutschland,Insgesamt,2013,Insgesamt,27.11.,2320,e
Statistik der Sterbefälle,Deutschland,Insgesamt,2013,Insgesamt,28.11.,2377,e
Statistik der Sterbefälle,Deutschland,Insgesamt,2013,Insgesamt,29.11.,2479,e
Statistik der Sterbefälle,Deutschland,Insgesamt,2013,Insgesamt,30.11.,2399,e
Statistik der Sterbefälle,Deutschland,Insgesamt,2013,Insgesamt,01.12.,2257,e
Statistik der Sterbefälle,Deutschland,Insgesamt,2013,Insgesamt,02.12.,2391,e
Statistik der Sterbefälle,Deutschland,Insgesamt,2013,Insgesamt,03.12.,2459,e
Statistik der Sterbefälle,Deutschland,Insgesamt,2013,Insgesamt,04.12.,2416,e
Statistik der Sterbefälle,Deutschland,Insgesamt,2013,Insgesamt,05.12.,2527,e
Statistik der Sterbefälle,Deutschland,Insgesamt,2013,Insgesamt,06.12.,2536,e
Statistik der Sterbefälle,Deutschland,Insgesamt,2013,Insgesamt,07.12.,2375,e
Statistik der Sterbefälle,Deutschland,Insgesamt,2013,Insgesamt,08.12.,2494,e
Statistik der Sterbefälle,Deutschland,Insgesamt,2013,Insgesamt,09.12.,2512,e
Statistik der Sterbefälle,Deutschland,Insgesamt,2013,Insgesamt,10.12.,2391,e
Statistik der Sterbefälle,Deutschland,Insgesamt,2013,Insgesamt,11.12.,2478,e
Statistik der Sterbefälle,Deutschland,Insgesamt,2013,Insgesamt,12.12.,2443,e
Statistik der Sterbefälle,Deutschland,Insgesamt,2013,Insgesamt,13.12.,2433,e
Statistik der Sterbefälle,Deutschland,Insgesamt,2013,Insgesamt,14.12.,2341,e
Statistik der Sterbefälle,Deutschland,Insgesamt,2013,Insgesamt,15.12.,2438,e
Statistik der Sterbefälle,Deutschland,Insgesamt,2013,Insgesamt,16.12.,2404,e
Statistik der Sterbefälle,Deutschland,Insgesamt,2013,Insgesamt,17.12.,2541,e
Statistik der Sterbefälle,Deutschland,Insgesamt,2013,Insgesamt,18.12.,2571,e
Statistik der Sterbefälle,Deutschland,Insgesamt,2013,Insgesamt,19.12.,2584,e
Statistik der Sterbefälle,Deutschland,Insgesamt,2013,Insgesamt,20.12.,2349,e
Statistik der Sterbefälle,Deutschland,Insgesamt,2013,Insgesamt,21.12.,2430,e
Statistik der Sterbefälle,Deutschland,Insgesamt,2013,Insgesamt,22.12.,2427,e
Statistik der Sterbefälle,Deutschland,Insgesamt,2013,Insgesamt,23.12.,2600,e
Statistik der Sterbefälle,Deutschland,Insgesamt,2013,Insgesamt,24.12.,2574,e
Statistik der Sterbefälle,Deutschland,Insgesamt,2013,Insgesamt,25.12.,2439,e
Statistik der Sterbefälle,Deutschland,Insgesamt,2013,Insgesamt,26.12.,2404,e
Statistik der Sterbefälle,Deutschland,Insgesamt,2013,Insgesamt,27.12.,2452,e
Statistik der Sterbefälle,Deutschland,Insgesamt,2013,Insgesamt,28.12.,2406,e
Statistik der Sterbefälle,Deutschland,Insgesamt,2013,Insgesamt,29.12.,2205,e
Statistik der Sterbefälle,Deutschland,Insgesamt,2013,Insgesamt,30.12.,2299,e
Statistik der Sterbefälle,Deutschland,Insgesamt,2013,Insgesamt,31.12.,2262,e
Statistik der Sterbefälle,Deutschland,Insgesamt,2014,Insgesamt,Insgesamt,868356,e
Statistik der Sterbefälle,Deutschland,Insgesamt,2014,Insgesamt,01.01.,2385,e
Statistik der Sterbefälle,Deutschland,Insgesamt,2014,Insgesamt,02.01.,2493,e
Statistik der Sterbefälle,Deutschland,Insgesamt,2014,Insgesamt,03.01.,2556,e
Statistik der Sterbefälle,Deutschland,Insgesamt,2014,Insgesamt,04.01.,2377,e
Statistik der Sterbefälle,Deutschland,Insgesamt,2014,Insgesamt,05.01.,2413,e
Statistik der Sterbefälle,Deutschland,Insgesamt,2014,Insgesamt,06.01.,2483,e
Statistik der Sterbefälle,Deutschland,Insgesamt,2014,Insgesamt,07.01.,2480,e
Statistik der Sterbefälle,Deutschland,Insgesamt,2014,Insgesamt,08.01.,2446,e
Statistik der Sterbefälle,Deutschland,Insgesamt,2014,Insgesamt,09.01.,2583,e
Statistik der Sterbefälle,Deutschland,Insgesamt,2014,Insgesamt,10.01.,2582,e
Statistik der Sterbefälle,Deutschland,Insgesamt,2014,Insgesamt,11.01.,2350,e
Statistik der Sterbefälle,Deutschland,Insgesamt,2014,Insgesamt,12.01.,2286,e
Statistik der Sterbefälle,Deutschland,Insgesamt,2014,Insgesamt,13.01.,2372,e
Statistik der Sterbefälle,Deutschland,Insgesamt,2014,Insgesamt,14.01.,2390,e
Statistik der Sterbefälle,Deutschland,Insgesamt,2014,Insgesamt,15.01.,2410,e
Statistik der Sterbefälle,Deutschland,Insgesamt,2014,Insgesamt,16.01.,2399,e
Statistik der Sterbefälle,Deutschland,Insgesamt,2014,Insgesamt,17.01.,2437,e
Statistik der Sterbefälle,Deutschland,Insgesamt,2014,Insgesamt,18.01.,2429,e
Statistik der Sterbefälle,Deutschland,Insgesamt,2014,Insgesamt,19.01.,2377,e
Statistik der Sterbefälle,Deutschland,Insgesamt,2014,Insgesamt,20.01.,2373,e
Statistik der Sterbefälle,Deutschland,Insgesamt,2014,Insgesamt,21.01.,2457,e
Statistik der Sterbefälle,Deutschland,Insgesamt,2014,Insgesamt,22.01.,2366,e
Statistik der Sterbefälle,Deutschland,Insgesamt,2014,Insgesamt,23.01.,2369,e
Statistik der Sterbefälle,Deutschland,Insgesamt,2014,Insgesamt,24.01.,2458,e
Statistik der Sterbefälle,Deutschland,Insgesamt,2014,Insgesamt,25.01.,2356,e
Statistik der Sterbefälle,Deutschland,Insgesamt,2014,Insgesamt,26.01.,2446,e
Statistik der Sterbefälle,Deutschland,Insgesamt,2014,Insgesamt,27.01.,2599,e
Statistik der Sterbefälle,Deutschland,Insgesamt,2014,Insgesamt,28.01.,2495,e
Statistik der Sterbefälle,Deutschland,Insgesamt,2014,Insgesamt,29.01.,2423,e
Statistik der Sterbefälle,Deutschland,Insgesamt,2014,Insgesamt,30.01.,2475,e
Statistik der Sterbefälle,Deutschland,Insgesamt,2014,Insgesamt,31.01.,2455,e
Statistik der Sterbefälle,Deutschland,Insgesamt,2014,Insgesamt,01.02.,2457,e
Statistik der Sterbefälle,Deutschland,Insgesamt,2014,Insgesamt,02.02.,2462,e
Statistik der Sterbefälle,Deutschland,Insgesamt,2014,Insgesamt,03.02.,2426,e
Statistik der Sterbefälle,Deutschland,Insgesamt,2014,Insgesamt,04.02.,2510,e
Statistik der Sterbefälle,Deutschland,Insgesamt,2014,Insgesamt,05.02.,2480,e
Statistik der Sterbefälle,Deutschland,Insgesamt,2014,Insgesamt,06.02.,2551,e
Statistik der Sterbefälle,Deutschland,Insgesamt,2014,Insgesamt,07.02.,2636,e
Statistik der Sterbefälle,Deutschland,Insgesamt,2014,Insgesamt,08.02.,2494,e
Statistik der Sterbefälle,Deutschland,Insgesamt,2014,Insgesamt,09.02.,2437,e
Statistik der Sterbefälle,Deutschland,Insgesamt,2014,Insgesamt,10.02.,2542,e
Statistik der Sterbefälle,Deutschland,Insgesamt,2014,Insgesamt,11.02.,2415,e
Statistik der Sterbefälle,Deutschland,Insgesamt,2014,Insgesamt,12.02.,2588,e
Statistik der Sterbefälle,Deutschland,Insgesamt,2014,Insgesamt,13.02.,2536,e
Statistik der Sterbefälle,Deutschland,Insgesamt,2014,Insgesamt,14.02.,2479,e
Statistik der Sterbefälle,Deutschland,Insgesamt,2014,Insgesamt,15.02.,2493,e
Statistik der Sterbefälle,Deutschland,Insgesamt,2014,Insgesamt,16.02.,2369,e
Statistik der Sterbefälle,Deutschland,Insgesamt,2014,Insgesamt,17.02.,2523,e
Statistik der Sterbefälle,Deutschland,Insgesamt,2014,Insgesamt,18.02.,2514,e
Statistik der Sterbefälle,Deutschland,Insgesamt,2014,Insgesamt,19.02.,2376,e
Statistik der Sterbefälle,Deutschland,Insgesamt,2014,Insgesamt,20.02.,2524,e
Statistik der Sterbefälle,Deutschland,Insgesamt,2014,Insgesamt,21.02.,2529,e
Statistik der Sterbefälle,Deutschland,Insgesamt,2014,Insgesamt,22.02.,2438,e
Statistik der Sterbefälle,Deutschland,Insgesamt,2014,Insgesamt,23.02.,2307,e
Statistik der Sterbefälle,Deutschland,Insgesamt,2014,Insgesamt,24.02.,2469,e
Statistik der Sterbefälle,Deutschland,Insgesamt,2014,Insgesamt,25.02.,2442,e
Statistik der Sterbefälle,Deutschland,Insgesamt,2014,Insgesamt,26.02.,2464,e
Statistik der Sterbefälle,Deutschland,Insgesamt,2014,Insgesamt,27.02.,2447,e
Statistik der Sterbefälle,Deutschland,Insgesamt,2014,Insgesamt,28.02.,2605,e
Statistik der Sterbefälle,Deutschland,Insgesamt,2014,Insgesamt,29.02.,X,e
Statistik der Sterbefälle,Deutschland,Insgesamt,2014,Insgesamt,01.03.,2514,e
Statistik der Sterbefälle,Deutschland,Insgesamt,2014,Insgesamt,02.03.,2404,e
Statistik der Sterbefälle,Deutschland,Insgesamt,2014,Insgesamt,03.03.,2523,e
Statistik der Sterbefälle,Deutschland,Insgesamt,2014,Insgesamt,04.03.,2523,e
Statistik der Sterbefälle,Deutschland,Insgesamt,2014,Insgesamt,05.03.,2508,e
Statistik der Sterbefälle,Deutschland,Insgesamt,2014,Insgesamt,06.03.,2463,e
Statistik der Sterbefälle,Deutschland,Insgesamt,2014,Insgesamt,07.03.,2512,e
Statistik der Sterbefälle,Deutschland,Insgesamt,2014,Insgesamt,08.03.,2451,e
Statistik der Sterbefälle,Deutschland,Insgesamt,2014,Insgesamt,09.03.,2469,e
Statistik der Sterbefälle,Deutschland,Insgesamt,2014,Insgesamt,10.03.,2510,e
Statistik der Sterbefälle,Deutschland,Insgesamt,2014,Insgesamt,11.03.,2544,e
Statistik der Sterbefälle,Deutschland,Insgesamt,2014,Insgesamt,12.03.,2472,e
Statistik der Sterbefälle,Deutschland,Insgesamt,2014,Insgesamt,13.03.,2523,e
Statistik der Sterbefälle,Deutschland,Insgesamt,2014,Insgesamt,14.03.,2562,e
Statistik der Sterbefälle,Deutschland,Insgesamt,2014,Insgesamt,15.03.,2436,e
Statistik der Sterbefälle,Deutschland,Insgesamt,2014,Insgesamt,16.03.,2444,e
Statistik der Sterbefälle,Deutschland,Insgesamt,2014,Insgesamt,17.03.,2538,e
Statistik der Sterbefälle,Deutschland,Insgesamt,2014,Insgesamt,18.03.,2458,e
Statistik der Sterbefälle,Deutschland,Insgesamt,2014,Insgesamt,19.03.,2533,e
Statistik der Sterbefälle,Deutschland,Insgesamt,2014,Insgesamt,20.03.,2569,e
Statistik der Sterbefälle,Deutschland,Insgesamt,2014,Insgesamt,21.03.,2609,e
Statistik der Sterbefälle,Deutschland,Insgesamt,2014,Insgesamt,22.03.,2497,e
Statistik der Sterbefälle,Deutschland,Insgesamt,2014,Insgesamt,23.03.,2375,e
Statistik der Sterbefälle,Deutschland,Insgesamt,2014,Insgesamt,24.03.,2486,e
Statistik der Sterbefälle,Deutschland,Insgesamt,2014,Insgesamt,25.03.,2475,e
Statistik der Sterbefälle,Deutschland,Insgesamt,2014,Insgesamt,26.03.,2491,e
Statistik der Sterbefälle,Deutschland,Insgesamt,2014,Insgesamt,27.03.,2610,e
Statistik der Sterbefälle,Deutschland,Insgesamt,2014,Insgesamt,28.03.,2535,e
Statistik der Sterbefälle,Deutschland,Insgesamt,2014,Insgesamt,29.03.,2468,e
Statistik der Sterbefälle,Deutschland,Insgesamt,2014,Insgesamt,30.03.,2353,e
Statistik der Sterbefälle,Deutschland,Insgesamt,2014,Insgesamt,31.03.,2481,e
Statistik der Sterbefälle,Deutschland,Insgesamt,2014,Insgesamt,01.04.,2540,e
Statistik der Sterbefälle,Deutschland,Insgesamt,2014,Insgesamt,02.04.,2601,e
Statistik der Sterbefälle,Deutschland,Insgesamt,2014,Insgesamt,03.04.,2667,e
Statistik der Sterbefälle,Deutschland,Insgesamt,2014,Insgesamt,04.04.,2462,e
Statistik der Sterbefälle,Deutschland,Insgesamt,2014,Insgesamt,05.04.,2454,e
Statistik der Sterbefälle,Deutschland,Insgesamt,2014,Insgesamt,06.04.,2336,e
Statistik der Sterbefälle,Deutschland,Insgesamt,2014,Insgesamt,07.04.,2631,e
Statistik der Sterbefälle,Deutschland,Insgesamt,2014,Insgesamt,08.04.,2320,e
Statistik der Sterbefälle,Deutschland,Insgesamt,2014,Insgesamt,09.04.,2287,e
Statistik der Sterbefälle,Deutschland,Insgesamt,2014,Insgesamt,10.04.,2367,e
Statistik der Sterbefälle,Deutschland,Insgesamt,2014,Insgesamt,11.04.,2537,e
Statistik der Sterbefälle,Deutschland,Insgesamt,2014,Insgesamt,12.04.,2342,e
Statistik der Sterbefälle,Deutschland,Insgesamt,2014,Insgesamt,13.04.,2262,e
Statistik der Sterbefälle,Deutschland,Insgesamt,2014,Insgesamt,14.04.,2390,e
Statistik der Sterbefälle,Deutschland,Insgesamt,2014,Insgesamt,15.04.,2316,e
Statistik der Sterbefälle,Deutschland,Insgesamt,2014,Insgesamt,16.04.,2316,e
Statistik der Sterbefälle,Deutschland,Insgesamt,2014,Insgesamt,17.04.,2399,e
Statistik der Sterbefälle,Deutschland,Insgesamt,2014,Insgesamt,18.04.,2378,e
Statistik der Sterbefälle,Deutschland,Insgesamt,2014,Insgesamt,19.04.,2311,e
Statistik der Sterbefälle,Deutschland,Insgesamt,2014,Insgesamt,20.04.,2430,e
Statistik der Sterbefälle,Deutschland,Insgesamt,2014,Insgesamt,21.04.,2347,e
Statistik der Sterbefälle,Deutschland,Insgesamt,2014,Insgesamt,22.04.,2394,e
Statistik der Sterbefälle,Deutschland,Insgesamt,2014,Insgesamt,23.04.,2403,e
Statistik der Sterbefälle,Deutschland,Insgesamt,2014,Insgesamt,24.04.,2358,e
Statistik der Sterbefälle,Deutschland,Insgesamt,2014,Insgesamt,25.04.,2410,e
Statistik der Sterbefälle,Deutschland,Insgesamt,2014,Insgesamt,26.04.,2361,e
Statistik der Sterbefälle,Deutschland,Insgesamt,2014,Insgesamt,27.04.,2277,e
Statistik der Sterbefälle,Deutschland,Insgesamt,2014,Insgesamt,28.04.,2405,e
Statistik der Sterbefälle,Deutschland,Insgesamt,2014,Insgesamt,29.04.,2289,e
Statistik der Sterbefälle,Deutschland,Insgesamt,2014,Insgesamt,30.04.,2351,e
Statistik der Sterbefälle,Deutschland,Insgesamt,2014,Insgesamt,01.05.,2279,e
Statistik der Sterbefälle,Deutschland,Insgesamt,2014,Insgesamt,02.05.,2228,e
Statistik der Sterbefälle,Deutschland,Insgesamt,2014,Insgesamt,03.05.,2186,e
Statistik der Sterbefälle,Deutschland,Insgesamt,2014,Insgesamt,04.05.,2065,e
Statistik der Sterbefälle,Deutschland,Insgesamt,2014,Insgesamt,05.05.,2291,e
Statistik der Sterbefälle,Deutschland,Insgesamt,2014,Insgesamt,06.05.,2331,e
Statistik der Sterbefälle,Deutschland,Insgesamt,2014,Insgesamt,07.05.,2282,e
Statistik der Sterbefälle,Deutschland,Insgesamt,2014,Insgesamt,08.05.,2313,e
Statistik der Sterbefälle,Deutschland,Insgesamt,2014,Insgesamt,09.05.,2323,e
Statistik der Sterbefälle,Deutschland,Insgesamt,2014,Insgesamt,10.05.,2238,e
Statistik der Sterbefälle,Deutschland,Insgesamt,2014,Insgesamt,11.05.,2296,e
Statistik der Sterbefälle,Deutschland,Insgesamt,2014,Insgesamt,12.05.,2328,e
Statistik der Sterbefälle,Deutschland,Insgesamt,2014,Insgesamt,13.05.,2317,e
Statistik der Sterbefälle,Deutschland,Insgesamt,2014,Insgesamt,14.05.,2162,e
Statistik der Sterbefälle,Deutschland,Insgesamt,2014,Insgesamt,15.05.,2231,e
Statistik der Sterbefälle,Deutschland,Insgesamt,2014,Insgesamt,16.05.,2303,e
Statistik der Sterbefälle,Deutschland,Insgesamt,2014,Insgesamt,17.05.,2245,e
Statistik der Sterbefälle,Deutschland,Insgesamt,2014,Insgesamt,18.05.,2177,e
Statistik der Sterbefälle,Deutschland,Insgesamt,2014,Insgesamt,19.05.,2382,e
Statistik der Sterbefälle,Deutschland,Insgesamt,2014,Insgesamt,20.05.,2413,e
Statistik der Sterbefälle,Deutschland,Insgesamt,2014,Insgesamt,21.05.,2335,e
Statistik der Sterbefälle,Deutschland,Insgesamt,2014,Insgesamt,22.05.,2472,e
Statistik der Sterbefälle,Deutschland,Insgesamt,2014,Insgesamt,23.05.,2461,e
Statistik der Sterbefälle,Deutschland,Insgesamt,2014,Insgesamt,24.05.,2284,e
Statistik der Sterbefälle,Deutschland,Insgesamt,2014,Insgesamt,25.05.,2106,e
Statistik der Sterbefälle,Deutschland,Insgesamt,2014,Insgesamt,26.05.,2314,e
Statistik der Sterbefälle,Deutschland,Insgesamt,2014,Insgesamt,27.05.,2216,e
Statistik der Sterbefälle,Deutschland,Insgesamt,2014,Insgesamt,28.05.,2186,e
Statistik der Sterbefälle,Deutschland,Insgesamt,2014,Insgesamt,29.05.,2123,e
Statistik der Sterbefälle,Deutschland,Insgesamt,2014,Insgesamt,30.05.,2142,e
Statistik der Sterbefälle,Deutschland,Insgesamt,2014,Insgesamt,31.05.,2134,e
Statistik der Sterbefälle,Deutschland,Insgesamt,2014,Insgesamt,01.06.,2096,e
Statistik der Sterbefälle,Deutschland,Insgesamt,2014,Insgesamt,02.06.,2276,e
Statistik der Sterbefälle,Deutschland,Insgesamt,2014,Insgesamt,03.06.,2331,e
Statistik der Sterbefälle,Deutschland,Insgesamt,2014,Insgesamt,04.06.,2321,e
Statistik der Sterbefälle,Deutschland,Insgesamt,2014,Insgesamt,05.06.,2230,e
Statistik der Sterbefälle,Deutschland,Insgesamt,2014,Insgesamt,06.06.,2334,e
Statistik der Sterbefälle,Deutschland,Insgesamt,2014,Insgesamt,07.06.,2368,e
Statistik der Sterbefälle,Deutschland,Insgesamt,2014,Insgesamt,08.06.,2355,e
Statistik der Sterbefälle,Deutschland,Insgesamt,2014,Insgesamt,09.06.,2438,e
Statistik der Sterbefälle,Deutschland,Insgesamt,2014,Insgesamt,10.06.,2542,e
Statistik der Sterbefälle,Deutschland,Insgesamt,2014,Insgesamt,11.06.,2456,e
Statistik der Sterbefälle,Deutschland,Insgesamt,2014,Insgesamt,12.06.,2348,e
Statistik der Sterbefälle,Deutschland,Insgesamt,2014,Insgesamt,13.06.,2200,e
Statistik der Sterbefälle,Deutschland,Insgesamt,2014,Insgesamt,14.06.,2118,e
Statistik der Sterbefälle,Deutschland,Insgesamt,2014,Insgesamt,15.06.,2074,e
Statistik der Sterbefälle,Deutschland,Insgesamt,2014,Insgesamt,16.06.,2232,e
Statistik der Sterbefälle,Deutschland,Insgesamt,2014,Insgesamt,17.06.,2108,e
Statistik der Sterbefälle,Deutschland,Insgesamt,2014,Insgesamt,18.06.,2269,e
Statistik der Sterbefälle,Deutschland,Insgesamt,2014,Insgesamt,19.06.,2139,e
Statistik der Sterbefälle,Deutschland,Insgesamt,2014,Insgesamt,20.06.,2172,e
Statistik der Sterbefälle,Deutschland,Insgesamt,2014,Insgesamt,21.06.,2198,e
Statistik der Sterbefälle,Deutschland,Insgesamt,2014,Insgesamt,22.06.,2150,e
Statistik der Sterbefälle,Deutschland,Insgesamt,2014,Insgesamt,23.06.,2189,e
Statistik der Sterbefälle,Deutschland,Insgesamt,2014,Insgesamt,24.06.,2268,e
Statistik der Sterbefälle,Deutschland,Insgesamt,2014,Insgesamt,25.06.,2246,e
Statistik der Sterbefälle,Deutschland,Insgesamt,2014,Insgesamt,26.06.,2203,e
Statistik der Sterbefälle,Deutschland,Insgesamt,2014,Insgesamt,27.06.,2273,e
Statistik der Sterbefälle,Deutschland,Insgesamt,2014,Insgesamt,28.06.,2250,e
Statistik der Sterbefälle,Deutschland,Insgesamt,2014,Insgesamt,29.06.,2154,e
Statistik der Sterbefälle,Deutschland,Insgesamt,2014,Insgesamt,30.06.,2173,e
Statistik der Sterbefälle,Deutschland,Insgesamt,2014,Insgesamt,01.07.,2114,e
Statistik der Sterbefälle,Deutschland,Insgesamt,2014,Insgesamt,02.07.,2231,e
Statistik der Sterbefälle,Deutschland,Insgesamt,2014,Insgesamt,03.07.,2222,e
Statistik der Sterbefälle,Deutschland,Insgesamt,2014,Insgesamt,04.07.,2398,e
Statistik der Sterbefälle,Deutschland,Insgesamt,2014,Insgesamt,05.07.,2484,e
Statistik der Sterbefälle,Deutschland,Insgesamt,2014,Insgesamt,06.07.,2407,e
Statistik der Sterbefälle,Deutschland,Insgesamt,2014,Insgesamt,07.07.,2301,e
Statistik der Sterbefälle,Deutschland,Insgesamt,2014,Insgesamt,08.07.,2294,e
Statistik der Sterbefälle,Deutschland,Insgesamt,2014,Insgesamt,09.07.,2285,e
Statistik der Sterbefälle,Deutschland,Insgesamt,2014,Insgesamt,10.07.,2252,e
Statistik der Sterbefälle,Deutschland,Insgesamt,2014,Insgesamt,11.07.,2395,e
Statistik der Sterbefälle,Deutschland,Insgesamt,2014,Insgesamt,12.07.,2159,e
Statistik der Sterbefälle,Deutschland,Insgesamt,2014,Insgesamt,13.07.,2159,e
Statistik der Sterbefälle,Deutschland,Insgesamt,2014,Insgesamt,14.07.,2353,e
Statistik der Sterbefälle,Deutschland,Insgesamt,2014,Insgesamt,15.07.,2289,e
Statistik der Sterbefälle,Deutschland,Insgesamt,2014,Insgesamt,16.07.,2272,e
Statistik der Sterbefälle,Deutschland,Insgesamt,2014,Insgesamt,17.07.,2262,e
Statistik der Sterbefälle,Deutschland,Insgesamt,2014,Insgesamt,18.07.,2453,e
Statistik der Sterbefälle,Deutschland,Insgesamt,2014,Insgesamt,19.07.,2486,e
Statistik der Sterbefälle,Deutschland,Insgesamt,2014,Insgesamt,20.07.,2516,e
Statistik der Sterbefälle,Deutschland,Insgesamt,2014,Insgesamt,21.07.,2556,e
Statistik der Sterbefälle,Deutschland,Insgesamt,2014,Insgesamt,22.07.,2357,e
Statistik der Sterbefälle,Deutschland,Insgesamt,2014,Insgesamt,23.07.,2495,e
Statistik der Sterbefälle,Deutschland,Insgesamt,2014,Insgesamt,24.07.,2278,e
Statistik der Sterbefälle,Deutschland,Insgesamt,2014,Insgesamt,25.07.,2316,e
Statistik der Sterbefälle,Deutschland,Insgesamt,2014,Insgesamt,26.07.,2186,e
Statistik der Sterbefälle,Deutschland,Insgesamt,2014,Insgesamt,27.07.,2182,e
Statistik der Sterbefälle,Deutschland,Insgesamt,2014,Insgesamt,28.07.,2333,e
Statistik der Sterbefälle,Deutschland,Insgesamt,2014,Insgesamt,29.07.,2310,e
Statistik der Sterbefälle,Deutschland,Insgesamt,2014,Insgesamt,30.07.,2339,e
Statistik der Sterbefälle,Deutschland,Insgesamt,2014,Insgesamt,31.07.,2111,e
Statistik der Sterbefälle,Deutschland,Insgesamt,2014,Insgesamt,01.08.,2185,e
Statistik der Sterbefälle,Deutschland,Insgesamt,2014,Insgesamt,02.08.,2267,e
Statistik der Sterbefälle,Deutschland,Insgesamt,2014,Insgesamt,03.08.,2248,e
Statistik der Sterbefälle,Deutschland,Insgesamt,2014,Insgesamt,04.08.,2254,e
Statistik der Sterbefälle,Deutschland,Insgesamt,2014,Insgesamt,05.08.,2144,e
Statistik der Sterbefälle,Deutschland,Insgesamt,2014,Insgesamt,06.08.,2101,e
Statistik der Sterbefälle,Deutschland,Insgesamt,2014,Insgesamt,07.08.,2155,e
Statistik der Sterbefälle,Deutschland,Insgesamt,2014,Insgesamt,08.08.,2289,e
Statistik der Sterbefälle,Deutschland,Insgesamt,2014,Insgesamt,09.08.,2297,e
Statistik der Sterbefälle,Deutschland,Insgesamt,2014,Insgesamt,10.08.,2195,e
Statistik der Sterbefälle,Deutschland,Insgesamt,2014,Insgesamt,11.08.,2236,e
Statistik der Sterbefälle,Deutschland,Insgesamt,2014,Insgesamt,12.08.,2186,e
Statistik der Sterbefälle,Deutschland,Insgesamt,2014,Insgesamt,13.08.,2089,e
Statistik der Sterbefälle,Deutschland,Insgesamt,2014,Insgesamt,14.08.,2151,e
Statistik der Sterbefälle,Deutschland,Insgesamt,2014,Insgesamt,15.08.,2227,e
Statistik der Sterbefälle,Deutschland,Insgesamt,2014,Insgesamt,16.08.,2121,e
Statistik der Sterbefälle,Deutschland,Insgesamt,2014,Insgesamt,17.08.,2001,e
Statistik der Sterbefälle,Deutschland,Insgesamt,2014,Insgesamt,18.08.,2161,e
Statistik der Sterbefälle,Deutschland,Insgesamt,2014,Insgesamt,19.08.,2252,e
Statistik der Sterbefälle,Deutschland,Insgesamt,2014,Insgesamt,20.08.,2173,e
Statistik der Sterbefälle,Deutschland,Insgesamt,2014,Insgesamt,21.08.,2202,e
Statistik der Sterbefälle,Deutschland,Insgesamt,2014,Insgesamt,22.08.,2256,e
Statistik der Sterbefälle,Deutschland,Insgesamt,2014,Insgesamt,23.08.,2273,e
Statistik der Sterbefälle,Deutschland,Insgesamt,2014,Insgesamt,24.08.,2209,e
Statistik der Sterbefälle,Deutschland,Insgesamt,2014,Insgesamt,25.08.,2228,e
Statistik der Sterbefälle,Deutschland,Insgesamt,2014,Insgesamt,26.08.,2204,e
Statistik der Sterbefälle,Deutschland,Insgesamt,2014,Insgesamt,27.08.,2285,e
Statistik der Sterbefälle,Deutschland,Insgesamt,2014,Insgesamt,28.08.,2219,e
Statistik der Sterbefälle,Deutschland,Insgesamt,2014,Insgesamt,29.08.,2428,e
Statistik der Sterbefälle,Deutschland,Insgesamt,2014,Insgesamt,30.08.,2347,e
Statistik der Sterbefälle,Deutschland,Insgesamt,2014,Insgesamt,31.08.,2227,e
Statistik der Sterbefälle,Deutschland,Insgesamt,2014,Insgesamt,01.09.,2240,e
Statistik der Sterbefälle,Deutschland,Insgesamt,2014,Insgesamt,02.09.,2329,e
Statistik der Sterbefälle,Deutschland,Insgesamt,2014,Insgesamt,03.09.,2315,e
Statistik der Sterbefälle,Deutschland,Insgesamt,2014,Insgesamt,04.09.,2318,e
Statistik der Sterbefälle,Deutschland,Insgesamt,2014,Insgesamt,05.09.,2376,e
Statistik der Sterbefälle,Deutschland,Insgesamt,2014,Insgesamt,06.09.,2343,e
Statistik der Sterbefälle,Deutschland,Insgesamt,2014,Insgesamt,07.09.,2339,e
Statistik der Sterbefälle,Deutschland,Insgesamt,2014,Insgesamt,08.09.,2374,e
Statistik der Sterbefälle,Deutschland,Insgesamt,2014,Insgesamt,09.09.,2242,e
Statistik der Sterbefälle,Deutschland,Insgesamt,2014,Insgesamt,10.09.,2210,e
Statistik der Sterbefälle,Deutschland,Insgesamt,2014,Insgesamt,11.09.,2190,e
Statistik der Sterbefälle,Deutschland,Insgesamt,2014,Insgesamt,12.09.,2216,e
Statistik der Sterbefälle,Deutschland,Insgesamt,2014,Insgesamt,13.09.,2329,e
Statistik der Sterbefälle,Deutschland,Insgesamt,2014,Insgesamt,14.09.,2279,e
Statistik der Sterbefälle,Deutschland,Insgesamt,2014,Insgesamt,15.09.,2288,e
Statistik der Sterbefälle,Deutschland,Insgesamt,2014,Insgesamt,16.09.,2313,e
Statistik der Sterbefälle,Deutschland,Insgesamt,2014,Insgesamt,17.09.,2300,e
Statistik der Sterbefälle,Deutschland,Insgesamt,2014,Insgesamt,18.09.,2280,e
Statistik der Sterbefälle,Deutschland,Insgesamt,2014,Insgesamt,19.09.,2388,e
Statistik der Sterbefälle,Deutschland,Insgesamt,2014,Insgesamt,20.09.,2297,e
Statistik der Sterbefälle,Deutschland,Insgesamt,2014,Insgesamt,21.09.,2209,e
Statistik der Sterbefälle,Deutschland,Insgesamt,2014,Insgesamt,22.09.,2216,e
Statistik der Sterbefälle,Deutschland,Insgesamt,2014,Insgesamt,23.09.,2139,e
Statistik der Sterbefälle,Deutschland,Insgesamt,2014,Insgesamt,24.09.,2244,e
Statistik der Sterbefälle,Deutschland,Insgesamt,2014,Insgesamt,25.09.,2191,e
Statistik der Sterbefälle,Deutschland,Insgesamt,2014,Insgesamt,26.09.,2356,e
Statistik der Sterbefälle,Deutschland,Insgesamt,2014,Insgesamt,27.09.,2283,e
Statistik der Sterbefälle,Deutschland,Insgesamt,2014,Insgesamt,28.09.,2263,e
Statistik der Sterbefälle,Deutschland,Insgesamt,2014,Insgesamt,29.09.,2367,e
Statistik der Sterbefälle,Deutschland,Insgesamt,2014,Insgesamt,30.09.,2292,e
Statistik der Sterbefälle,Deutschland,Insgesamt,2014,Insgesamt,01.10.,2389,e
Statistik der Sterbefälle,Deutschland,Insgesamt,2014,Insgesamt,02.10.,2359,e
Statistik der Sterbefälle,Deutschland,Insgesamt,2014,Insgesamt,03.10.,2353,e
Statistik der Sterbefälle,Deutschland,Insgesamt,2014,Insgesamt,04.10.,2253,e
Statistik der Sterbefälle,Deutschland,Insgesamt,2014,Insgesamt,05.10.,2102,e
Statistik der Sterbefälle,Deutschland,Insgesamt,2014,Insgesamt,06.10.,2241,e
Statistik der Sterbefälle,Deutschland,Insgesamt,2014,Insgesamt,07.10.,2413,e
Statistik der Sterbefälle,Deutschland,Insgesamt,2014,Insgesamt,08.10.,2341,e
Statistik der Sterbefälle,Deutschland,Insgesamt,2014,Insgesamt,09.10.,2440,e
Statistik der Sterbefälle,Deutschland,Insgesamt,2014,Insgesamt,10.10.,2486,e
Statistik der Sterbefälle,Deutschland,Insgesamt,2014,Insgesamt,11.10.,2284,e
Statistik der Sterbefälle,Deutschland,Insgesamt,2014,Insgesamt,12.10.,2207,e
Statistik der Sterbefälle,Deutschland,Insgesamt,2014,Insgesamt,13.10.,2371,e
Statistik der Sterbefälle,Deutschland,Insgesamt,2014,Insgesamt,14.10.,2429,e
Statistik der Sterbefälle,Deutschland,Insgesamt,2014,Insgesamt,15.10.,2374,e
Statistik der Sterbefälle,Deutschland,Insgesamt,2014,Insgesamt,16.10.,2276,e
Statistik der Sterbefälle,Deutschland,Insgesamt,2014,Insgesamt,17.10.,2354,e
Statistik der Sterbefälle,Deutschland,Insgesamt,2014,Insgesamt,18.10.,2305,e
Statistik der Sterbefälle,Deutschland,Insgesamt,2014,Insgesamt,19.10.,2315,e
Statistik der Sterbefälle,Deutschland,Insgesamt,2014,Insgesamt,20.10.,2414,e
Statistik der Sterbefälle,Deutschland,Insgesamt,2014,Insgesamt,21.10.,2252,e
Statistik der Sterbefälle,Deutschland,Insgesamt,2014,Insgesamt,22.10.,2348,e
Statistik der Sterbefälle,Deutschland,Insgesamt,2014,Insgesamt,23.10.,2360,e
Statistik der Sterbefälle,Deutschland,Insgesamt,2014,Insgesamt,24.10.,2369,e
Statistik der Sterbefälle,Deutschland,Insgesamt,2014,Insgesamt,25.10.,2284,e
Statistik der Sterbefälle,Deutschland,Insgesamt,2014,Insgesamt,26.10.,2388,e
Statistik der Sterbefälle,Deutschland,Insgesamt,2014,Insgesamt,27.10.,2350,e
Statistik der Sterbefälle,Deutschland,Insgesamt,2014,Insgesamt,28.10.,2386,e
Statistik der Sterbefälle,Deutschland,Insgesamt,2014,Insgesamt,29.10.,2376,e
Statistik der Sterbefälle,Deutschland,Insgesamt,2014,Insgesamt,30.10.,2360,e
Statistik der Sterbefälle,Deutschland,Insgesamt,2014,Insgesamt,31.10.,2418,e
Statistik der Sterbefälle,Deutschland,Insgesamt,2014,Insgesamt,01.11.,2399,e
Statistik der Sterbefälle,Deutschland,Insgesamt,2014,Insgesamt,02.11.,2461,e
Statistik der Sterbefälle,Deutschland,Insgesamt,2014,Insgesamt,03.11.,2600,e
Statistik der Sterbefälle,Deutschland,Insgesamt,2014,Insgesamt,04.11.,2405,e
Statistik der Sterbefälle,Deutschland,Insgesamt,2014,Insgesamt,05.11.,2498,e
Statistik der Sterbefälle,Deutschland,Insgesamt,2014,Insgesamt,06.11.,2349,e
Statistik der Sterbefälle,Deutschland,Insgesamt,2014,Insgesamt,07.11.,2395,e
Statistik der Sterbefälle,Deutschland,Insgesamt,2014,Insgesamt,08.11.,2417,e
Statistik der Sterbefälle,Deutschland,Insgesamt,2014,Insgesamt,09.11.,2349,e
Statistik der Sterbefälle,Deutschland,Insgesamt,2014,Insgesamt,10.11.,2468,e
Statistik der Sterbefälle,Deutschland,Insgesamt,2014,Insgesamt,11.11.,2434,e
Statistik der Sterbefälle,Deutschland,Insgesamt,2014,Insgesamt,12.11.,2458,e
Statistik der Sterbefälle,Deutschland,Insgesamt,2014,Insgesamt,13.11.,2458,e
Statistik der Sterbefälle,Deutschland,Insgesamt,2014,Insgesamt,14.11.,2602,e
Statistik der Sterbefälle,Deutschland,Insgesamt,2014,Insgesamt,15.11.,2471,e
Statistik der Sterbefälle,Deutschland,Insgesamt,2014,Insgesamt,16.11.,2397,e
Statistik der Sterbefälle,Deutschland,Insgesamt,2014,Insgesamt,17.11.,2477,e
Statistik der Sterbefälle,Deutschland,Insgesamt,2014,Insgesamt,18.11.,2449,e
Statistik der Sterbefälle,Deutschland,Insgesamt,2014,Insgesamt,19.11.,2457,e
Statistik der Sterbefälle,Deutschland,Insgesamt,2014,Insgesamt,20.11.,2391,e
Statistik der Sterbefälle,Deutschland,Insgesamt,2014,Insgesamt,21.11.,2464,e
Statistik der Sterbefälle,Deutschland,Insgesamt,2014,Insgesamt,22.11.,2487,e
Statistik der Sterbefälle,Deutschland,Insgesamt,2014,Insgesamt,23.11.,2337,e
Statistik der Sterbefälle,Deutschland,Insgesamt,2014,Insgesamt,24.11.,2470,e
Statistik der Sterbefälle,Deutschland,Insgesamt,2014,Insgesamt,25.11.,2528,e
Statistik der Sterbefälle,Deutschland,Insgesamt,2014,Insgesamt,26.11.,2472,e
Statistik der Sterbefälle,Deutschland,Insgesamt,2014,Insgesamt,27.11.,2556,e
Statistik der Sterbefälle,Deutschland,Insgesamt,2014,Insgesamt,28.11.,2526,e
Statistik der Sterbefälle,Deutschland,Insgesamt,2014,Insgesamt,29.11.,2538,e
Statistik der Sterbefälle,Deutschland,Insgesamt,2014,Insgesamt,30.11.,2409,e
Statistik der Sterbefälle,Deutschland,Insgesamt,2014,Insgesamt,01.12.,2533,e
Statistik der Sterbefälle,Deutschland,Insgesamt,2014,Insgesamt,02.12.,2578,e
Statistik der Sterbefälle,Deutschland,Insgesamt,2014,Insgesamt,03.12.,2601,e
Statistik der Sterbefälle,Deutschland,Insgesamt,2014,Insgesamt,04.12.,2639,e
Statistik der Sterbefälle,Deutschland,Insgesamt,2014,Insgesamt,05.12.,2513,e
Statistik der Sterbefälle,Deutschland,Insgesamt,2014,Insgesamt,06.12.,2601,e
Statistik der Sterbefälle,Deutschland,Insgesamt,2014,Insgesamt,07.12.,2499,e
Statistik der Sterbefälle,Deutschland,Insgesamt,2014,Insgesamt,08.12.,2689,e
Statistik der Sterbefälle,Deutschland,Insgesamt,2014,Insgesamt,09.12.,2640,e
Statistik der Sterbefälle,Deutschland,Insgesamt,2014,Insgesamt,10.12.,2737,e
Statistik der Sterbefälle,Deutschland,Insgesamt,2014,Insgesamt,11.12.,2627,e
Statistik der Sterbefälle,Deutschland,Insgesamt,2014,Insgesamt,12.12.,2723,e
Statistik der Sterbefälle,Deutschland,Insgesamt,2014,Insgesamt,13.12.,2632,e
Statistik der Sterbefälle,Deutschland,Insgesamt,2014,Insgesamt,14.12.,2587,e
Statistik der Sterbefälle,Deutschland,Insgesamt,2014,Insgesamt,15.12.,2580,e
Statistik der Sterbefälle,Deutschland,Insgesamt,2014,Insgesamt,16.12.,2649,e
Statistik der Sterbefälle,Deutschland,Insgesamt,2014,Insgesamt,17.12.,2572,e
Statistik der Sterbefälle,Deutschland,Insgesamt,2014,Insgesamt,18.12.,2690,e
Statistik der Sterbefälle,Deutschland,Insgesamt,2014,Insgesamt,19.12.,2698,e
Statistik der Sterbefälle,Deutschland,Insgesamt,2014,Insgesamt,20.12.,2682,e
Statistik der Sterbefälle,Deutschland,Insgesamt,2014,Insgesamt,21.12.,2507,e
Statistik der Sterbefälle,Deutschland,Insgesamt,2014,Insgesamt,22.12.,2671,e
Statistik der Sterbefälle,Deutschland,Insgesamt,2014,Insgesamt,23.12.,2732,e
Statistik der Sterbefälle,Deutschland,Insgesamt,2014,Insgesamt,24.12.,2623,e
Statistik der Sterbefälle,Deutschland,Insgesamt,2014,Insgesamt,25.12.,2427,e
Statistik der Sterbefälle,Deutschland,Insgesamt,2014,Insgesamt,26.12.,2539,e
Statistik der Sterbefälle,Deutschland,Insgesamt,2014,Insgesamt,27.12.,2588,e
Statistik der Sterbefälle,Deutschland,Insgesamt,2014,Insgesamt,28.12.,2559,e
Statistik der Sterbefälle,Deutschland,Insgesamt,2014,Insgesamt,29.12.,2681,e
Statistik der Sterbefälle,Deutschland,Insgesamt,2014,Insgesamt,30.12.,2681,e
Statistik der Sterbefälle,Deutschland,Insgesamt,2014,Insgesamt,31.12.,2644,e
Statistik der Sterbefälle,Deutschland,Insgesamt,2015,Insgesamt,Insgesamt,925200,e
Statistik der Sterbefälle,Deutschland,Insgesamt,2015,Insgesamt,01.01.,2655,e
Statistik der Sterbefälle,Deutschland,Insgesamt,2015,Insgesamt,02.01.,2716,e
Statistik der Sterbefälle,Deutschland,Insgesamt,2015,Insgesamt,03.01.,2729,e
Statistik der Sterbefälle,Deutschland,Insgesamt,2015,Insgesamt,04.01.,2607,e
Statistik der Sterbefälle,Deutschland,Insgesamt,2015,Insgesamt,05.01.,2778,e
Statistik der Sterbefälle,Deutschland,Insgesamt,2015,Insgesamt,06.01.,2771,e
Statistik der Sterbefälle,Deutschland,Insgesamt,2015,Insgesamt,07.01.,2742,e
Statistik der Sterbefälle,Deutschland,Insgesamt,2015,Insgesamt,08.01.,2837,e
Statistik der Sterbefälle,Deutschland,Insgesamt,2015,Insgesamt,09.01.,2794,e
Statistik der Sterbefälle,Deutschland,Insgesamt,2015,Insgesamt,10.01.,2737,e
Statistik der Sterbefälle,Deutschland,Insgesamt,2015,Insgesamt,11.01.,2624,e
Statistik der Sterbefälle,Deutschland,Insgesamt,2015,Insgesamt,12.01.,2733,e
Statistik der Sterbefälle,Deutschland,Insgesamt,2015,Insgesamt,13.01.,2862,e
Statistik der Sterbefälle,Deutschland,Insgesamt,2015,Insgesamt,14.01.,2815,e
Statistik der Sterbefälle,Deutschland,Insgesamt,2015,Insgesamt,15.01.,2850,e
Statistik der Sterbefälle,Deutschland,Insgesamt,2015,Insgesamt,16.01.,2887,e
Statistik der Sterbefälle,Deutschland,Insgesamt,2015,Insgesamt,17.01.,2735,e
Statistik der Sterbefälle,Deutschland,Insgesamt,2015,Insgesamt,18.01.,2618,e
Statistik der Sterbefälle,Deutschland,Insgesamt,2015,Insgesamt,19.01.,2750,e
Statistik der Sterbefälle,Deutschland,Insgesamt,2015,Insgesamt,20.01.,2796,e
Statistik der Sterbefälle,Deutschland,Insgesamt,2015,Insgesamt,21.01.,2763,e
Statistik der Sterbefälle,Deutschland,Insgesamt,2015,Insgesamt,22.01.,2697,e
Statistik der Sterbefälle,Deutschland,Insgesamt,2015,Insgesamt,23.01.,2771,e
Statistik der Sterbefälle,Deutschland,Insgesamt,2015,Insgesamt,24.01.,2824,e
Statistik der Sterbefälle,Deutschland,Insgesamt,2015,Insgesamt,25.01.,2745,e
Statistik der Sterbefälle,Deutschland,Insgesamt,2015,Insgesamt,26.01.,2894,e
Statistik der Sterbefälle,Deutschland,Insgesamt,2015,Insgesamt,27.01.,2865,e
Statistik der Sterbefälle,Deutschland,Insgesamt,2015,Insgesamt,28.01.,2959,e
Statistik der Sterbefälle,Deutschland,Insgesamt,2015,Insgesamt,29.01.,3082,e
Statistik der Sterbefälle,Deutschland,Insgesamt,2015,Insgesamt,30.01.,3068,e
Statistik der Sterbefälle,Deutschland,Insgesamt,2015,Insgesamt,31.01.,2881,e
Statistik der Sterbefälle,Deutschland,Insgesamt,2015,Insgesamt,01.02.,2967,e
Statistik der Sterbefälle,Deutschland,Insgesamt,2015,Insgesamt,02.02.,3056,e
Statistik der Sterbefälle,Deutschland,Insgesamt,2015,Insgesamt,03.02.,2968,e
Statistik der Sterbefälle,Deutschland,Insgesamt,2015,Insgesamt,04.02.,3017,e
Statistik der Sterbefälle,Deutschland,Insgesamt,2015,Insgesamt,05.02.,2956,e
Statistik der Sterbefälle,Deutschland,Insgesamt,2015,Insgesamt,06.02.,3034,e
Statistik der Sterbefälle,Deutschland,Insgesamt,2015,Insgesamt,07.02.,3025,e
Statistik der Sterbefälle,Deutschland,Insgesamt,2015,Insgesamt,08.02.,2849,e
Statistik der Sterbefälle,Deutschland,Insgesamt,2015,Insgesamt,09.02.,3172,e
Statistik der Sterbefälle,Deutschland,Insgesamt,2015,Insgesamt,10.02.,3222,e
Statistik der Sterbefälle,Deutschland,Insgesamt,2015,Insgesamt,11.02.,3120,e
Statistik der Sterbefälle,Deutschland,Insgesamt,2015,Insgesamt,12.02.,3291,e
Statistik der Sterbefälle,Deutschland,Insgesamt,2015,Insgesamt,13.02.,3200,e
Statistik der Sterbefälle,Deutschland,Insgesamt,2015,Insgesamt,14.02.,3205,e
Statistik der Sterbefälle,Deutschland,Insgesamt,2015,Insgesamt,15.02.,3185,e
Statistik der Sterbefälle,Deutschland,Insgesamt,2015,Insgesamt,16.02.,3285,e
Statistik der Sterbefälle,Deutschland,Insgesamt,2015,Insgesamt,17.02.,3305,e
Statistik der Sterbefälle,Deutschland,Insgesamt,2015,Insgesamt,18.02.,3333,e
Statistik der Sterbefälle,Deutschland,Insgesamt,2015,Insgesamt,19.02.,3293,e
Statistik der Sterbefälle,Deutschland,Insgesamt,2015,Insgesamt,20.02.,3418,e
Statistik der Sterbefälle,Deutschland,Insgesamt,2015,Insgesamt,21.02.,3380,e
Statistik der Sterbefälle,Deutschland,Insgesamt,2015,Insgesamt,22.02.,3250,e
Statistik der Sterbefälle,Deutschland,Insgesamt,2015,Insgesamt,23.02.,3477,e
Statistik der Sterbefälle,Deutschland,Insgesamt,2015,Insgesamt,24.02.,3488,e
Statistik der Sterbefälle,Deutschland,Insgesamt,2015,Insgesamt,25.02.,3351,e
Statistik der Sterbefälle,Deutschland,Insgesamt,2015,Insgesamt,26.02.,3357,e
Statistik der Sterbefälle,Deutschland,Insgesamt,2015,Insgesamt,27.02.,3424,e
Statistik der Sterbefälle,Deutschland,Insgesamt,2015,Insgesamt,28.02.,3284,e
Statistik der Sterbefälle,Deutschland,Insgesamt,2015,Insgesamt,29.02.,X,e
Statistik der Sterbefälle,Deutschland,Insgesamt,2015,Insgesamt,01.03.,3217,e
Statistik der Sterbefälle,Deutschland,Insgesamt,2015,Insgesamt,02.03.,3282,e
Statistik der Sterbefälle,Deutschland,Insgesamt,2015,Insgesamt,03.03.,3204,e
Statistik der Sterbefälle,Deutschland,Insgesamt,2015,Insgesamt,04.03.,3189,e
Statistik der Sterbefälle,Deutschland,Insgesamt,2015,Insgesamt,05.03.,3147,e
Statistik der Sterbefälle,Deutschland,Insgesamt,2015,Insgesamt,06.03.,3135,e
Statistik der Sterbefälle,Deutschland,Insgesamt,2015,Insgesamt,07.03.,2987,e
Statistik der Sterbefälle,Deutschland,Insgesamt,2015,Insgesamt,08.03.,3058,e
Statistik der Sterbefälle,Deutschland,Insgesamt,2015,Insgesamt,09.03.,3058,e
Statistik der Sterbefälle,Deutschland,Insgesamt,2015,Insgesamt,10.03.,3079,e
Statistik der Sterbefälle,Deutschland,Insgesamt,2015,Insgesamt,11.03.,2980,e
Statistik der Sterbefälle,Deutschland,Insgesamt,2015,Insgesamt,12.03.,2936,e
Statistik der Sterbefälle,Deutschland,Insgesamt,2015,Insgesamt,13.03.,3037,e
Statistik der Sterbefälle,Deutschland,Insgesamt,2015,Insgesamt,14.03.,2919,e
Statistik der Sterbefälle,Deutschland,Insgesamt,2015,Insgesamt,15.03.,2761,e
Statistik der Sterbefälle,Deutschland,Insgesamt,2015,Insgesamt,16.03.,2979,e
Statistik der Sterbefälle,Deutschland,Insgesamt,2015,Insgesamt,17.03.,3022,e
Statistik der Sterbefälle,Deutschland,Insgesamt,2015,Insgesamt,18.03.,2916,e
Statistik der Sterbefälle,Deutschland,Insgesamt,2015,Insgesamt,19.03.,2902,e
Statistik der Sterbefälle,Deutschland,Insgesamt,2015,Insgesamt,20.03.,2855,e
Statistik der Sterbefälle,Deutschland,Insgesamt,2015,Insgesamt,21.03.,2726,e
Statistik der Sterbefälle,Deutschland,Insgesamt,2015,Insgesamt,22.03.,2609,e
Statistik der Sterbefälle,Deutschland,Insgesamt,2015,Insgesamt,23.03.,2739,e
Statistik der Sterbefälle,Deutschland,Insgesamt,2015,Insgesamt,24.03.,2870,e
Statistik der Sterbefälle,Deutschland,Insgesamt,2015,Insgesamt,25.03.,2849,e
Statistik der Sterbefälle,Deutschland,Insgesamt,2015,Insgesamt,26.03.,2706,e
Statistik der Sterbefälle,Deutschland,Insgesamt,2015,Insgesamt,27.03.,2749,e
Statistik der Sterbefälle,Deutschland,Insgesamt,2015,Insgesamt,28.03.,2663,e
Statistik der Sterbefälle,Deutschland,Insgesamt,2015,Insgesamt,29.03.,2530,e
Statistik der Sterbefälle,Deutschland,Insgesamt,2015,Insgesamt,30.03.,2790,e
Statistik der Sterbefälle,Deutschland,Insgesamt,2015,Insgesamt,31.03.,2832,e
Statistik der Sterbefälle,Deutschland,Insgesamt,2015,Insgesamt,01.04.,2638,e
Statistik der Sterbefälle,Deutschland,Insgesamt,2015,Insgesamt,02.04.,2739,e
Statistik der Sterbefälle,Deutschland,Insgesamt,2015,Insgesamt,03.04.,2584,e
Statistik der Sterbefälle,Deutschland,Insgesamt,2015,Insgesamt,04.04.,2518,e
Statistik der Sterbefälle,Deutschland,Insgesamt,2015,Insgesamt,05.04.,2567,e
Statistik der Sterbefälle,Deutschland,Insgesamt,2015,Insgesamt,06.04.,2493,e
Statistik der Sterbefälle,Deutschland,Insgesamt,2015,Insgesamt,07.04.,2583,e
Statistik der Sterbefälle,Deutschland,Insgesamt,2015,Insgesamt,08.04.,2581,e
Statistik der Sterbefälle,Deutschland,Insgesamt,2015,Insgesamt,09.04.,2673,e
Statistik der Sterbefälle,Deutschland,Insgesamt,2015,Insgesamt,10.04.,2659,e
Statistik der Sterbefälle,Deutschland,Insgesamt,2015,Insgesamt,11.04.,2618,e
Statistik der Sterbefälle,Deutschland,Insgesamt,2015,Insgesamt,12.04.,2482,e
Statistik der Sterbefälle,Deutschland,Insgesamt,2015,Insgesamt,13.04.,2632,e
Statistik der Sterbefälle,Deutschland,Insgesamt,2015,Insgesamt,14.04.,2690,e
Statistik der Sterbefälle,Deutschland,Insgesamt,2015,Insgesamt,15.04.,2788,e
Statistik der Sterbefälle,Deutschland,Insgesamt,2015,Insgesamt,16.04.,2669,e
Statistik der Sterbefälle,Deutschland,Insgesamt,2015,Insgesamt,17.04.,2519,e
Statistik der Sterbefälle,Deutschland,Insgesamt,2015,Insgesamt,18.04.,2506,e
Statistik der Sterbefälle,Deutschland,Insgesamt,2015,Insgesamt,19.04.,2312,e
Statistik der Sterbefälle,Deutschland,Insgesamt,2015,Insgesamt,20.04.,2555,e
Statistik der Sterbefälle,Deutschland,Insgesamt,2015,Insgesamt,21.04.,2566,e
Statistik der Sterbefälle,Deutschland,Insgesamt,2015,Insgesamt,22.04.,2538,e
Statistik der Sterbefälle,Deutschland,Insgesamt,2015,Insgesamt,23.04.,2509,e
Statistik der Sterbefälle,Deutschland,Insgesamt,2015,Insgesamt,24.04.,2574,e
Statistik der Sterbefälle,Deutschland,Insgesamt,2015,Insgesamt,25.04.,2477,e
Statistik der Sterbefälle,Deutschland,Insgesamt,2015,Insgesamt,26.04.,2449,e
Statistik der Sterbefälle,Deutschland,Insgesamt,2015,Insgesamt,27.04.,2555,e
Statistik der Sterbefälle,Deutschland,Insgesamt,2015,Insgesamt,28.04.,2380,e
Statistik der Sterbefälle,Deutschland,Insgesamt,2015,Insgesamt,29.04.,2439,e
Statistik der Sterbefälle,Deutschland,Insgesamt,2015,Insgesamt,30.04.,2531,e
Statistik der Sterbefälle,Deutschland,Insgesamt,2015,Insgesamt,01.05.,2390,e
Statistik der Sterbefälle,Deutschland,Insgesamt,2015,Insgesamt,02.05.,2374,e
Statistik der Sterbefälle,Deutschland,Insgesamt,2015,Insgesamt,03.05.,2445,e
Statistik der Sterbefälle,Deutschland,Insgesamt,2015,Insgesamt,04.05.,2521,e
Statistik der Sterbefälle,Deutschland,Insgesamt,2015,Insgesamt,05.05.,2599,e
Statistik der Sterbefälle,Deutschland,Insgesamt,2015,Insgesamt,06.05.,2405,e
Statistik der Sterbefälle,Deutschland,Insgesamt,2015,Insgesamt,07.05.,2428,e
Statistik der Sterbefälle,Deutschland,Insgesamt,2015,Insgesamt,08.05.,2448,e
Statistik der Sterbefälle,Deutschland,Insgesamt,2015,Insgesamt,09.05.,2407,e
Statistik der Sterbefälle,Deutschland,Insgesamt,2015,Insgesamt,10.05.,2264,e
Statistik der Sterbefälle,Deutschland,Insgesamt,2015,Insgesamt,11.05.,2508,e
Statistik der Sterbefälle,Deutschland,Insgesamt,2015,Insgesamt,12.05.,2516,e
Statistik der Sterbefälle,Deutschland,Insgesamt,2015,Insgesamt,13.05.,2421,e
Statistik der Sterbefälle,Deutschland,Insgesamt,2015,Insgesamt,14.05.,2322,e
Statistik der Sterbefälle,Deutschland,Insgesamt,2015,Insgesamt,15.05.,2380,e
Statistik der Sterbefälle,Deutschland,Insgesamt,2015,Insgesamt,16.05.,2284,e
Statistik der Sterbefälle,Deutschland,Insgesamt,2015,Insgesamt,17.05.,2301,e
Statistik der Sterbefälle,Deutschland,Insgesamt,2015,Insgesamt,18.05.,2420,e
Statistik der Sterbefälle,Deutschland,Insgesamt,2015,Insgesamt,19.05.,2320,e
Statistik der Sterbefälle,Deutschland,Insgesamt,2015,Insgesamt,20.05.,2325,e
Statistik der Sterbefälle,Deutschland,Insgesamt,2015,Insgesamt,21.05.,2308,e
Statistik der Sterbefälle,Deutschland,Insgesamt,2015,Insgesamt,22.05.,2351,e
Statistik der Sterbefälle,Deutschland,Insgesamt,2015,Insgesamt,23.05.,2395,e
Statistik der Sterbefälle,Deutschland,Insgesamt,2015,Insgesamt,24.05.,2211,e
Statistik der Sterbefälle,Deutschland,Insgesamt,2015,Insgesamt,25.05.,2278,e
Statistik der Sterbefälle,Deutschland,Insgesamt,2015,Insgesamt,26.05.,2358,e
Statistik der Sterbefälle,Deutschland,Insgesamt,2015,Insgesamt,27.05.,2253,e
Statistik der Sterbefälle,Deutschland,Insgesamt,2015,Insgesamt,28.05.,2411,e
Statistik der Sterbefälle,Deutschland,Insgesamt,2015,Insgesamt,29.05.,2352,e
Statistik der Sterbefälle,Deutschland,Insgesamt,2015,Insgesamt,30.05.,2342,e
Statistik der Sterbefälle,Deutschland,Insgesamt,2015,Insgesamt,31.05.,2206,e
Statistik der Sterbefälle,Deutschland,Insgesamt,2015,Insgesamt,01.06.,2414,e
Statistik der Sterbefälle,Deutschland,Insgesamt,2015,Insgesamt,02.06.,2420,e
Statistik der Sterbefälle,Deutschland,Insgesamt,2015,Insgesamt,03.06.,2454,e
Statistik der Sterbefälle,Deutschland,Insgesamt,2015,Insgesamt,04.06.,2240,e
Statistik der Sterbefälle,Deutschland,Insgesamt,2015,Insgesamt,05.06.,2510,e
Statistik der Sterbefälle,Deutschland,Insgesamt,2015,Insgesamt,06.06.,2526,e
Statistik der Sterbefälle,Deutschland,Insgesamt,2015,Insgesamt,07.06.,2213,e
Statistik der Sterbefälle,Deutschland,Insgesamt,2015,Insgesamt,08.06.,2242,e
Statistik der Sterbefälle,Deutschland,Insgesamt,2015,Insgesamt,09.06.,2282,e
Statistik der Sterbefälle,Deutschland,Insgesamt,2015,Insgesamt,10.06.,2405,e
Statistik der Sterbefälle,Deutschland,Insgesamt,2015,Insgesamt,11.06.,2363,e
Statistik der Sterbefälle,Deutschland,Insgesamt,2015,Insgesamt,12.06.,2382,e
Statistik der Sterbefälle,Deutschland,Insgesamt,2015,Insgesamt,13.06.,2444,e
Statistik der Sterbefälle,Deutschland,Insgesamt,2015,Insgesamt,14.06.,2154,e
Statistik der Sterbefälle,Deutschland,Insgesamt,2015,Insgesamt,15.06.,2300,e
Statistik der Sterbefälle,Deutschland,Insgesamt,2015,Insgesamt,16.06.,2111,e
Statistik der Sterbefälle,Deutschland,Insgesamt,2015,Insgesamt,17.06.,2173,e
Statistik der Sterbefälle,Deutschland,Insgesamt,2015,Insgesamt,18.06.,2314,e
Statistik der Sterbefälle,Deutschland,Insgesamt,2015,Insgesamt,19.06.,2302,e
Statistik der Sterbefälle,Deutschland,Insgesamt,2015,Insgesamt,20.06.,2257,e
Statistik der Sterbefälle,Deutschland,Insgesamt,2015,Insgesamt,21.06.,2162,e
Statistik der Sterbefälle,Deutschland,Insgesamt,2015,Insgesamt,22.06.,2315,e
Statistik der Sterbefälle,Deutschland,Insgesamt,2015,Insgesamt,23.06.,2251,e
Statistik der Sterbefälle,Deutschland,Insgesamt,2015,Insgesamt,24.06.,2361,e
Statistik der Sterbefälle,Deutschland,Insgesamt,2015,Insgesamt,25.06.,2307,e
Statistik der Sterbefälle,Deutschland,Insgesamt,2015,Insgesamt,26.06.,2426,e
Statistik der Sterbefälle,Deutschland,Insgesamt,2015,Insgesamt,27.06.,2319,e
Statistik der Sterbefälle,Deutschland,Insgesamt,2015,Insgesamt,28.06.,2173,e
Statistik der Sterbefälle,Deutschland,Insgesamt,2015,Insgesamt,29.06.,2297,e
Statistik der Sterbefälle,Deutschland,Insgesamt,2015,Insgesamt,30.06.,2367,e
Statistik der Sterbefälle,Deutschland,Insgesamt,2015,Insgesamt,01.07.,2408,e
Statistik der Sterbefälle,Deutschland,Insgesamt,2015,Insgesamt,02.07.,2644,e
Statistik der Sterbefälle,Deutschland,Insgesamt,2015,Insgesamt,03.07.,2958,e
Statistik der Sterbefälle,Deutschland,Insgesamt,2015,Insgesamt,04.07.,3174,e
Statistik der Sterbefälle,Deutschland,Insgesamt,2015,Insgesamt,05.07.,3404,e
Statistik der Sterbefälle,Deutschland,Insgesamt,2015,Insgesamt,06.07.,3038,e
Statistik der Sterbefälle,Deutschland,Insgesamt,2015,Insgesamt,07.07.,2681,e
Statistik der Sterbefälle,Deutschland,Insgesamt,2015,Insgesamt,08.07.,2498,e
Statistik der Sterbefälle,Deutschland,Insgesamt,2015,Insgesamt,09.07.,2314,e
Statistik der Sterbefälle,Deutschland,Insgesamt,2015,Insgesamt,10.07.,2381,e
Statistik der Sterbefälle,Deutschland,Insgesamt,2015,Insgesamt,11.07.,2245,e
Statistik der Sterbefälle,Deutschland,Insgesamt,2015,Insgesamt,12.07.,2204,e
Statistik der Sterbefälle,Deutschland,Insgesamt,2015,Insgesamt,13.07.,2285,e
Statistik der Sterbefälle,Deutschland,Insgesamt,2015,Insgesamt,14.07.,2274,e
Statistik der Sterbefälle,Deutschland,Insgesamt,2015,Insgesamt,15.07.,2360,e
Statistik der Sterbefälle,Deutschland,Insgesamt,2015,Insgesamt,16.07.,2393,e
Statistik der Sterbefälle,Deutschland,Insgesamt,2015,Insgesamt,17.07.,2487,e
Statistik der Sterbefälle,Deutschland,Insgesamt,2015,Insgesamt,18.07.,2422,e
Statistik der Sterbefälle,Deutschland,Insgesamt,2015,Insgesamt,19.07.,2226,e
Statistik der Sterbefälle,Deutschland,Insgesamt,2015,Insgesamt,20.07.,2329,e
Statistik der Sterbefälle,Deutschland,Insgesamt,2015,Insgesamt,21.07.,2488,e
Statistik der Sterbefälle,Deutschland,Insgesamt,2015,Insgesamt,22.07.,2569,e
Statistik der Sterbefälle,Deutschland,Insgesamt,2015,Insgesamt,23.07.,2233,e
Statistik der Sterbefälle,Deutschland,Insgesamt,2015,Insgesamt,24.07.,2325,e
Statistik der Sterbefälle,Deutschland,Insgesamt,2015,Insgesamt,25.07.,2228,e
Statistik der Sterbefälle,Deutschland,Insgesamt,2015,Insgesamt,26.07.,2100,e
Statistik der Sterbefälle,Deutschland,Insgesamt,2015,Insgesamt,27.07.,2221,e
Statistik der Sterbefälle,Deutschland,Insgesamt,2015,Insgesamt,28.07.,2232,e
Statistik der Sterbefälle,Deutschland,Insgesamt,2015,Insgesamt,29.07.,2122,e
Statistik der Sterbefälle,Deutschland,Insgesamt,2015,Insgesamt,30.07.,2235,e
Statistik der Sterbefälle,Deutschland,Insgesamt,2015,Insgesamt,31.07.,2211,e
Statistik der Sterbefälle,Deutschland,Insgesamt,2015,Insgesamt,01.08.,2159,e
Statistik der Sterbefälle,Deutschland,Insgesamt,2015,Insgesamt,02.08.,2252,e
Statistik der Sterbefälle,Deutschland,Insgesamt,2015,Insgesamt,03.08.,2323,e
Statistik der Sterbefälle,Deutschland,Insgesamt,2015,Insgesamt,04.08.,2405,e
Statistik der Sterbefälle,Deutschland,Insgesamt,2015,Insgesamt,05.08.,2262,e
Statistik der Sterbefälle,Deutschland,Insgesamt,2015,Insgesamt,06.08.,2376,e
Statistik der Sterbefälle,Deutschland,Insgesamt,2015,Insgesamt,07.08.,2496,e
Statistik der Sterbefälle,Deutschland,Insgesamt,2015,Insgesamt,08.08.,2380,e
Statistik der Sterbefälle,Deutschland,Insgesamt,2015,Insgesamt,09.08.,2409,e
Statistik der Sterbefälle,Deutschland,Insgesamt,2015,Insgesamt,10.08.,2411,e
Statistik der Sterbefälle,Deutschland,Insgesamt,2015,Insgesamt,11.08.,2489,e
Statistik der Sterbefälle,Deutschland,Insgesamt,2015,Insgesamt,12.08.,2434,e
Statistik der Sterbefälle,Deutschland,Insgesamt,2015,Insgesamt,13.08.,2404,e
Statistik der Sterbefälle,Deutschland,Insgesamt,2015,Insgesamt,14.08.,2617,e
Statistik der Sterbefälle,Deutschland,Insgesamt,2015,Insgesamt,15.08.,2392,e
Statistik der Sterbefälle,Deutschland,Insgesamt,2015,Insgesamt,16.08.,2134,e
Statistik der Sterbefälle,Deutschland,Insgesamt,2015,Insgesamt,17.08.,2242,e
Statistik der Sterbefälle,Deutschland,Insgesamt,2015,Insgesamt,18.08.,2139,e
Statistik der Sterbefälle,Deutschland,Insgesamt,2015,Insgesamt,19.08.,2133,e
Statistik der Sterbefälle,Deutschland,Insgesamt,2015,Insgesamt,20.08.,2117,e
Statistik der Sterbefälle,Deutschland,Insgesamt,2015,Insgesamt,21.08.,2235,e
Statistik der Sterbefälle,Deutschland,Insgesamt,2015,Insgesamt,22.08.,2191,e
Statistik der Sterbefälle,Deutschland,Insgesamt,2015,Insgesamt,23.08.,2176,e
Statistik der Sterbefälle,Deutschland,Insgesamt,2015,Insgesamt,24.08.,2356,e
Statistik der Sterbefälle,Deutschland,Insgesamt,2015,Insgesamt,25.08.,2153,e
Statistik der Sterbefälle,Deutschland,Insgesamt,2015,Insgesamt,26.08.,2233,e
Statistik der Sterbefälle,Deutschland,Insgesamt,2015,Insgesamt,27.08.,2402,e
Statistik der Sterbefälle,Deutschland,Insgesamt,2015,Insgesamt,28.08.,2334,e
Statistik der Sterbefälle,Deutschland,Insgesamt,2015,Insgesamt,29.08.,2304,e
Statistik der Sterbefälle,Deutschland,Insgesamt,2015,Insgesamt,30.08.,2335,e
Statistik der Sterbefälle,Deutschland,Insgesamt,2015,Insgesamt,31.08.,2462,e
Statistik der Sterbefälle,Deutschland,Insgesamt,2015,Insgesamt,01.09.,2445,e
Statistik der Sterbefälle,Deutschland,Insgesamt,2015,Insgesamt,02.09.,2220,e
Statistik der Sterbefälle,Deutschland,Insgesamt,2015,Insgesamt,03.09.,2160,e
Statistik der Sterbefälle,Deutschland,Insgesamt,2015,Insgesamt,04.09.,2198,e
Statistik der Sterbefälle,Deutschland,Insgesamt,2015,Insgesamt,05.09.,2080,e
Statistik der Sterbefälle,Deutschland,Insgesamt,2015,Insgesamt,06.09.,2089,e
Statistik der Sterbefälle,Deutschland,Insgesamt,2015,Insgesamt,07.09.,2214,e
Statistik der Sterbefälle,Deutschland,Insgesamt,2015,Insgesamt,08.09.,2248,e
Statistik der Sterbefälle,Deutschland,Insgesamt,2015,Insgesamt,09.09.,2312,e
Statistik der Sterbefälle,Deutschland,Insgesamt,2015,Insgesamt,10.09.,2201,e
Statistik der Sterbefälle,Deutschland,Insgesamt,2015,Insgesamt,11.09.,2272,e
Statistik der Sterbefälle,Deutschland,Insgesamt,2015,Insgesamt,12.09.,2304,e
Statistik der Sterbefälle,Deutschland,Insgesamt,2015,Insgesamt,13.09.,2401,e
Statistik der Sterbefälle,Deutschland,Insgesamt,2015,Insgesamt,14.09.,2325,e
Statistik der Sterbefälle,Deutschland,Insgesamt,2015,Insgesamt,15.09.,2316,e
Statistik der Sterbefälle,Deutschland,Insgesamt,2015,Insgesamt,16.09.,2367,e
Statistik der Sterbefälle,Deutschland,Insgesamt,2015,Insgesamt,17.09.,2462,e
Statistik der Sterbefälle,Deutschland,Insgesamt,2015,Insgesamt,18.09.,2201,e
Statistik der Sterbefälle,Deutschland,Insgesamt,2015,Insgesamt,19.09.,2184,e
Statistik der Sterbefälle,Deutschland,Insgesamt,2015,Insgesamt,20.09.,2179,e
Statistik der Sterbefälle,Deutschland,Insgesamt,2015,Insgesamt,21.09.,2186,e
Statistik der Sterbefälle,Deutschland,Insgesamt,2015,Insgesamt,22.09.,2231,e
Statistik der Sterbefälle,Deutschland,Insgesamt,2015,Insgesamt,23.09.,2301,e
Statistik der Sterbefälle,Deutschland,Insgesamt,2015,Insgesamt,24.09.,2260,e
Statistik der Sterbefälle,Deutschland,Insgesamt,2015,Insgesamt,25.09.,2264,e
Statistik der Sterbefälle,Deutschland,Insgesamt,2015,Insgesamt,26.09.,2300,e
Statistik der Sterbefälle,Deutschland,Insgesamt,2015,Insgesamt,27.09.,2125,e
Statistik der Sterbefälle,Deutschland,Insgesamt,2015,Insgesamt,28.09.,2247,e
Statistik der Sterbefälle,Deutschland,Insgesamt,2015,Insgesamt,29.09.,2340,e
Statistik der Sterbefälle,Deutschland,Insgesamt,2015,Insgesamt,30.09.,2386,e
Statistik der Sterbefälle,Deutschland,Insgesamt,2015,Insgesamt,01.10.,2335,e
Statistik der Sterbefälle,Deutschland,Insgesamt,2015,Insgesamt,02.10.,2373,e
Statistik der Sterbefälle,Deutschland,Insgesamt,2015,Insgesamt,03.10.,2444,e
Statistik der Sterbefälle,Deutschland,Insgesamt,2015,Insgesamt,04.10.,2304,e
Statistik der Sterbefälle,Deutschland,Insgesamt,2015,Insgesamt,05.10.,2399,e
Statistik der Sterbefälle,Deutschland,Insgesamt,2015,Insgesamt,06.10.,2470,e
Statistik der Sterbefälle,Deutschland,Insgesamt,2015,Insgesamt,07.10.,2527,e
Statistik der Sterbefälle,Deutschland,Insgesamt,2015,Insgesamt,08.10.,2412,e
Statistik der Sterbefälle,Deutschland,Insgesamt,2015,Insgesamt,09.10.,2412,e
Statistik der Sterbefälle,Deutschland,Insgesamt,2015,Insgesamt,10.10.,2296,e
Statistik der Sterbefälle,Deutschland,Insgesamt,2015,Insgesamt,11.10.,2260,e
Statistik der Sterbefälle,Deutschland,Insgesamt,2015,Insgesamt,12.10.,2342,e
Statistik der Sterbefälle,Deutschland,Insgesamt,2015,Insgesamt,13.10.,2355,e
Statistik der Sterbefälle,Deutschland,Insgesamt,2015,Insgesamt,14.10.,2436,e
Statistik der Sterbefälle,Deutschland,Insgesamt,2015,Insgesamt,15.10.,2419,e
Statistik der Sterbefälle,Deutschland,Insgesamt,2015,Insgesamt,16.10.,2465,e
Statistik der Sterbefälle,Deutschland,Insgesamt,2015,Insgesamt,17.10.,2450,e
Statistik der Sterbefälle,Deutschland,Insgesamt,2015,Insgesamt,18.10.,2381,e
Statistik der Sterbefälle,Deutschland,Insgesamt,2015,Insgesamt,19.10.,2504,e
Statistik der Sterbefälle,Deutschland,Insgesamt,2015,Insgesamt,20.10.,2612,e
Statistik der Sterbefälle,Deutschland,Insgesamt,2015,Insgesamt,21.10.,2442,e
Statistik der Sterbefälle,Deutschland,Insgesamt,2015,Insgesamt,22.10.,2503,e
Statistik der Sterbefälle,Deutschland,Insgesamt,2015,Insgesamt,23.10.,2474,e
Statistik der Sterbefälle,Deutschland,Insgesamt,2015,Insgesamt,24.10.,2360,e
Statistik der Sterbefälle,Deutschland,Insgesamt,2015,Insgesamt,25.10.,2446,e
Statistik der Sterbefälle,Deutschland,Insgesamt,2015,Insgesamt,26.10.,2457,e
Statistik der Sterbefälle,Deutschland,Insgesamt,2015,Insgesamt,27.10.,2334,e
Statistik der Sterbefälle,Deutschland,Insgesamt,2015,Insgesamt,28.10.,2455,e
Statistik der Sterbefälle,Deutschland,Insgesamt,2015,Insgesamt,29.10.,2406,e
Statistik der Sterbefälle,Deutschland,Insgesamt,2015,Insgesamt,30.10.,2454,e
Statistik der Sterbefälle,Deutschland,Insgesamt,2015,Insgesamt,31.10.,2327,e
Statistik der Sterbefälle,Deutschland,Insgesamt,2015,Insgesamt,01.11.,2362,e
Statistik der Sterbefälle,Deutschland,Insgesamt,2015,Insgesamt,02.11.,2397,e
Statistik der Sterbefälle,Deutschland,Insgesamt,2015,Insgesamt,03.11.,2377,e
Statistik der Sterbefälle,Deutschland,Insgesamt,2015,Insgesamt,04.11.,2434,e
Statistik der Sterbefälle,Deutschland,Insgesamt,2015,Insgesamt,05.11.,2431,e
Statistik der Sterbefälle,Deutschland,Insgesamt,2015,Insgesamt,06.11.,2588,e
Statistik der Sterbefälle,Deutschland,Insgesamt,2015,Insgesamt,07.11.,2478,e
Statistik der Sterbefälle,Deutschland,Insgesamt,2015,Insgesamt,08.11.,2319,e
Statistik der Sterbefälle,Deutschland,Insgesamt,2015,Insgesamt,09.11.,2401,e
Statistik der Sterbefälle,Deutschland,Insgesamt,2015,Insgesamt,10.11.,2468,e
Statistik der Sterbefälle,Deutschland,Insgesamt,2015,Insgesamt,11.11.,2408,e
Statistik der Sterbefälle,Deutschland,Insgesamt,2015,Insgesamt,12.11.,2368,e
Statistik der Sterbefälle,Deutschland,Insgesamt,2015,Insgesamt,13.11.,2408,e
Statistik der Sterbefälle,Deutschland,Insgesamt,2015,Insgesamt,14.11.,2299,e
Statistik der Sterbefälle,Deutschland,Insgesamt,2015,Insgesamt,15.11.,2266,e
Statistik der Sterbefälle,Deutschland,Insgesamt,2015,Insgesamt,16.11.,2418,e
Statistik der Sterbefälle,Deutschland,Insgesamt,2015,Insgesamt,17.11.,2458,e
Statistik der Sterbefälle,Deutschland,Insgesamt,2015,Insgesamt,18.11.,2486,e
Statistik der Sterbefälle,Deutschland,Insgesamt,2015,Insgesamt,19.11.,2319,e
Statistik der Sterbefälle,Deutschland,Insgesamt,2015,Insgesamt,20.11.,2527,e
Statistik der Sterbefälle,Deutschland,Insgesamt,2015,Insgesamt,21.11.,2368,e
Statistik der Sterbefälle,Deutschland,Insgesamt,2015,Insgesamt,22.11.,2273,e
Statistik der Sterbefälle,Deutschland,Insgesamt,2015,Insgesamt,23.11.,2374,e
Statistik der Sterbefälle,Deutschland,Insgesamt,2015,Insgesamt,24.11.,2376,e
Statistik der Sterbefälle,Deutschland,Insgesamt,2015,Insgesamt,25.11.,2488,e
Statistik der Sterbefälle,Deutschland,Insgesamt,2015,Insgesamt,26.11.,2427,e
Statistik der Sterbefälle,Deutschland,Insgesamt,2015,Insgesamt,27.11.,2378,e
Statistik der Sterbefälle,Deutschland,Insgesamt,2015,Insgesamt,28.11.,2398,e
Statistik der Sterbefälle,Deutschland,Insgesamt,2015,Insgesamt,29.11.,2361,e
Statistik der Sterbefälle,Deutschland,Insgesamt,2015,Insgesamt,30.11.,2489,e
Statistik der Sterbefälle,Deutschland,Insgesamt,2015,Insgesamt,01.12.,2498,e
Statistik der Sterbefälle,Deutschland,Insgesamt,2015,Insgesamt,02.12.,2427,e
Statistik der Sterbefälle,Deutschland,Insgesamt,2015,Insgesamt,03.12.,2445,e
Statistik der Sterbefälle,Deutschland,Insgesamt,2015,Insgesamt,04.12.,2455,e
Statistik der Sterbefälle,Deutschland,Insgesamt,2015,Insgesamt,05.12.,2359,e
Statistik der Sterbefälle,Deutschland,Insgesamt,2015,Insgesamt,06.12.,2336,e
Statistik der Sterbefälle,Deutschland,Insgesamt,2015,Insgesamt,07.12.,2471,e
Statistik der Sterbefälle,Deutschland,Insgesamt,2015,Insgesamt,08.12.,2487,e
Statistik der Sterbefälle,Deutschland,Insgesamt,2015,Insgesamt,09.12.,2426,e
Statistik der Sterbefälle,Deutschland,Insgesamt,2015,Insgesamt,10.12.,2432,e
Statistik der Sterbefälle,Deutschland,Insgesamt,2015,Insgesamt,11.12.,2407,e
Statistik der Sterbefälle,Deutschland,Insgesamt,2015,Insgesamt,12.12.,2424,e
Statistik der Sterbefälle,Deutschland,Insgesamt,2015,Insgesamt,13.12.,2407,e
Statistik der Sterbefälle,Deutschland,Insgesamt,2015,Insgesamt,14.12.,2463,e
Statistik der Sterbefälle,Deutschland,Insgesamt,2015,Insgesamt,15.12.,2540,e
Statistik der Sterbefälle,Deutschland,Insgesamt,2015,Insgesamt,16.12.,2428,e
Statistik der Sterbefälle,Deutschland,Insgesamt,2015,Insgesamt,17.12.,2522,e
Statistik der Sterbefälle,Deutschland,Insgesamt,2015,Insgesamt,18.12.,2523,e
Statistik der Sterbefälle,Deutschland,Insgesamt,2015,Insgesamt,19.12.,2558,e
Statistik der Sterbefälle,Deutschland,Insgesamt,2015,Insgesamt,20.12.,2374,e
Statistik der Sterbefälle,Deutschland,Insgesamt,2015,Insgesamt,21.12.,2534,e
Statistik der Sterbefälle,Deutschland,Insgesamt,2015,Insgesamt,22.12.,2493,e
Statistik der Sterbefälle,Deutschland,Insgesamt,2015,Insgesamt,23.12.,2503,e
Statistik der Sterbefälle,Deutschland,Insgesamt,2015,Insgesamt,24.12.,2419,e
Statistik der Sterbefälle,Deutschland,Insgesamt,2015,Insgesamt,25.12.,2390,e
Statistik der Sterbefälle,Deutschland,Insgesamt,2015,Insgesamt,26.12.,2422,e
Statistik der Sterbefälle,Deutschland,Insgesamt,2015,Insgesamt,27.12.,2415,e
Statistik der Sterbefälle,Deutschland,Insgesamt,2015,Insgesamt,28.12.,2474,e
Statistik der Sterbefälle,Deutschland,Insgesamt,2015,Insgesamt,29.12.,2388,e
Statistik der Sterbefälle,Deutschland,Insgesamt,2015,Insgesamt,30.12.,2376,e
Statistik der Sterbefälle,Deutschland,Insgesamt,2015,Insgesamt,31.12.,2470,e
Statistik der Sterbefälle,Deutschland,Insgesamt,2016,Insgesamt,Insgesamt,910899,e
Statistik der Sterbefälle,Deutschland,Insgesamt,2016,Insgesamt,01.01.,2558,e
Statistik der Sterbefälle,Deutschland,Insgesamt,2016,Insgesamt,02.01.,2422,e
Statistik der Sterbefälle,Deutschland,Insgesamt,2016,Insgesamt,03.01.,2522,e
Statistik der Sterbefälle,Deutschland,Insgesamt,2016,Insgesamt,04.01.,2743,e
Statistik der Sterbefälle,Deutschland,Insgesamt,2016,Insgesamt,05.01.,2633,e
Statistik der Sterbefälle,Deutschland,Insgesamt,2016,Insgesamt,06.01.,2578,e
Statistik der Sterbefälle,Deutschland,Insgesamt,2016,Insgesamt,07.01.,2584,e
Statistik der Sterbefälle,Deutschland,Insgesamt,2016,Insgesamt,08.01.,2765,e
Statistik der Sterbefälle,Deutschland,Insgesamt,2016,Insgesamt,09.01.,2579,e
Statistik der Sterbefälle,Deutschland,Insgesamt,2016,Insgesamt,10.01.,2585,e
Statistik der Sterbefälle,Deutschland,Insgesamt,2016,Insgesamt,11.01.,2751,e
Statistik der Sterbefälle,Deutschland,Insgesamt,2016,Insgesamt,12.01.,2627,e
Statistik der Sterbefälle,Deutschland,Insgesamt,2016,Insgesamt,13.01.,2698,e
Statistik der Sterbefälle,Deutschland,Insgesamt,2016,Insgesamt,14.01.,2581,e
Statistik der Sterbefälle,Deutschland,Insgesamt,2016,Insgesamt,15.01.,2657,e
Statistik der Sterbefälle,Deutschland,Insgesamt,2016,Insgesamt,16.01.,2627,e
Statistik der Sterbefälle,Deutschland,Insgesamt,2016,Insgesamt,17.01.,2498,e
Statistik der Sterbefälle,Deutschland,Insgesamt,2016,Insgesamt,18.01.,2624,e
Statistik der Sterbefälle,Deutschland,Insgesamt,2016,Insgesamt,19.01.,2641,e
Statistik der Sterbefälle,Deutschland,Insgesamt,2016,Insgesamt,20.01.,2640,e
Statistik der Sterbefälle,Deutschland,Insgesamt,2016,Insgesamt,21.01.,2685,e
Statistik der Sterbefälle,Deutschland,Insgesamt,2016,Insgesamt,22.01.,2668,e
Statistik der Sterbefälle,Deutschland,Insgesamt,2016,Insgesamt,23.01.,2688,e
Statistik der Sterbefälle,Deutschland,Insgesamt,2016,Insgesamt,24.01.,2681,e
Statistik der Sterbefälle,Deutschland,Insgesamt,2016,Insgesamt,25.01.,2777,e
Statistik der Sterbefälle,Deutschland,Insgesamt,2016,Insgesamt,26.01.,2679,e
Statistik der Sterbefälle,Deutschland,Insgesamt,2016,Insgesamt,27.01.,2691,e
Statistik der Sterbefälle,Deutschland,Insgesamt,2016,Insgesamt,28.01.,2639,e
Statistik der Sterbefälle,Deutschland,Insgesamt,2016,Insgesamt,29.01.,2755,e
Statistik der Sterbefälle,Deutschland,Insgesamt,2016,Insgesamt,30.01.,2650,e
Statistik der Sterbefälle,Deutschland,Insgesamt,2016,Insgesamt,31.01.,2516,e
Statistik der Sterbefälle,Deutschland,Insgesamt,2016,Insgesamt,01.02.,2683,e
Statistik der Sterbefälle,Deutschland,Insgesamt,2016,Insgesamt,02.02.,2745,e
Statistik der Sterbefälle,Deutschland,Insgesamt,2016,Insgesamt,03.02.,2518,e
Statistik der Sterbefälle,Deutschland,Insgesamt,2016,Insgesamt,04.02.,2579,e
Statistik der Sterbefälle,Deutschland,Insgesamt,2016,Insgesamt,05.02.,2649,e
Statistik der Sterbefälle,Deutschland,Insgesamt,2016,Insgesamt,06.02.,2700,e
Statistik der Sterbefälle,Deutschland,Insgesamt,2016,Insgesamt,07.02.,2619,e
Statistik der Sterbefälle,Deutschland,Insgesamt,2016,Insgesamt,08.02.,2663,e
Statistik der Sterbefälle,Deutschland,Insgesamt,2016,Insgesamt,09.02.,2640,e
Statistik der Sterbefälle,Deutschland,Insgesamt,2016,Insgesamt,10.02.,2751,e
Statistik der Sterbefälle,Deutschland,Insgesamt,2016,Insgesamt,11.02.,2594,e
Statistik der Sterbefälle,Deutschland,Insgesamt,2016,Insgesamt,12.02.,2620,e
Statistik der Sterbefälle,Deutschland,Insgesamt,2016,Insgesamt,13.02.,2701,e
Statistik der Sterbefälle,Deutschland,Insgesamt,2016,Insgesamt,14.02.,2572,e
Statistik der Sterbefälle,Deutschland,Insgesamt,2016,Insgesamt,15.02.,2643,e
Statistik der Sterbefälle,Deutschland,Insgesamt,2016,Insgesamt,16.02.,2506,e
Statistik der Sterbefälle,Deutschland,Insgesamt,2016,Insgesamt,17.02.,2671,e
Statistik der Sterbefälle,Deutschland,Insgesamt,2016,Insgesamt,18.02.,2673,e
Statistik der Sterbefälle,Deutschland,Insgesamt,2016,Insgesamt,19.02.,2730,e
Statistik der Sterbefälle,Deutschland,Insgesamt,2016,Insgesamt,20.02.,2661,e
Statistik der Sterbefälle,Deutschland,Insgesamt,2016,Insgesamt,21.02.,2599,e
Statistik der Sterbefälle,Deutschland,Insgesamt,2016,Insgesamt,22.02.,2706,e
Statistik der Sterbefälle,Deutschland,Insgesamt,2016,Insgesamt,23.02.,2684,e
Statistik der Sterbefälle,Deutschland,Insgesamt,2016,Insgesamt,24.02.,2618,e
Statistik der Sterbefälle,Deutschland,Insgesamt,2016,Insgesamt,25.02.,2658,e
Statistik der Sterbefälle,Deutschland,Insgesamt,2016,Insgesamt,26.02.,2703,e
Statistik der Sterbefälle,Deutschland,Insgesamt,2016,Insgesamt,27.02.,2585,e
Statistik der Sterbefälle,Deutschland,Insgesamt,2016,Insgesamt,28.02.,2521,e
Statistik der Sterbefälle,Deutschland,Insgesamt,2016,Insgesamt,29.02.,2627,e
Statistik der Sterbefälle,Deutschland,Insgesamt,2016,Insgesamt,01.03.,2693,e
Statistik der Sterbefälle,Deutschland,Insgesamt,2016,Insgesamt,02.03.,2794,e
Statistik der Sterbefälle,Deutschland,Insgesamt,2016,Insgesamt,03.03.,2730,e
Statistik der Sterbefälle,Deutschland,Insgesamt,2016,Insgesamt,04.03.,2803,e
Statistik der Sterbefälle,Deutschland,Insgesamt,2016,Insgesamt,05.03.,2654,e
Statistik der Sterbefälle,Deutschland,Insgesamt,2016,Insgesamt,06.03.,2625,e
Statistik der Sterbefälle,Deutschland,Insgesamt,2016,Insgesamt,07.03.,2690,e
Statistik der Sterbefälle,Deutschland,Insgesamt,2016,Insgesamt,08.03.,2754,e
Statistik der Sterbefälle,Deutschland,Insgesamt,2016,Insgesamt,09.03.,2769,e
Statistik der Sterbefälle,Deutschland,Insgesamt,2016,Insgesamt,10.03.,2682,e
Statistik der Sterbefälle,Deutschland,Insgesamt,2016,Insgesamt,11.03.,2714,e
Statistik der Sterbefälle,Deutschland,Insgesamt,2016,Insgesamt,12.03.,2613,e
Statistik der Sterbefälle,Deutschland,Insgesamt,2016,Insgesamt,13.03.,2666,e
Statistik der Sterbefälle,Deutschland,Insgesamt,2016,Insgesamt,14.03.,2727,e
Statistik der Sterbefälle,Deutschland,Insgesamt,2016,Insgesamt,15.03.,2715,e
Statistik der Sterbefälle,Deutschland,Insgesamt,2016,Insgesamt,16.03.,2686,e
Statistik der Sterbefälle,Deutschland,Insgesamt,2016,Insgesamt,17.03.,2813,e
Statistik der Sterbefälle,Deutschland,Insgesamt,2016,Insgesamt,18.03.,2711,e
Statistik der Sterbefälle,Deutschland,Insgesamt,2016,Insgesamt,19.03.,2691,e
Statistik der Sterbefälle,Deutschland,Insgesamt,2016,Insgesamt,20.03.,2628,e
Statistik der Sterbefälle,Deutschland,Insgesamt,2016,Insgesamt,21.03.,2788,e
Statistik der Sterbefälle,Deutschland,Insgesamt,2016,Insgesamt,22.03.,2748,e
Statistik der Sterbefälle,Deutschland,Insgesamt,2016,Insgesamt,23.03.,2811,e
Statistik der Sterbefälle,Deutschland,Insgesamt,2016,Insgesamt,24.03.,2660,e
Statistik der Sterbefälle,Deutschland,Insgesamt,2016,Insgesamt,25.03.,2676,e
Statistik der Sterbefälle,Deutschland,Insgesamt,2016,Insgesamt,26.03.,2656,e
Statistik der Sterbefälle,Deutschland,Insgesamt,2016,Insgesamt,27.03.,2487,e
Statistik der Sterbefälle,Deutschland,Insgesamt,2016,Insgesamt,28.03.,2551,e
Statistik der Sterbefälle,Deutschland,Insgesamt,2016,Insgesamt,29.03.,2757,e
Statistik der Sterbefälle,Deutschland,Insgesamt,2016,Insgesamt,30.03.,2668,e
Statistik der Sterbefälle,Deutschland,Insgesamt,2016,Insgesamt,31.03.,2708,e
Statistik der Sterbefälle,Deutschland,Insgesamt,2016,Insgesamt,01.04.,2675,e
Statistik der Sterbefälle,Deutschland,Insgesamt,2016,Insgesamt,02.04.,2637,e
Statistik der Sterbefälle,Deutschland,Insgesamt,2016,Insgesamt,03.04.,2621,e
Statistik der Sterbefälle,Deutschland,Insgesamt,2016,Insgesamt,04.04.,2695,e
Statistik der Sterbefälle,Deutschland,Insgesamt,2016,Insgesamt,05.04.,2707,e
Statistik der Sterbefälle,Deutschland,Insgesamt,2016,Insgesamt,06.04.,2650,e
Statistik der Sterbefälle,Deutschland,Insgesamt,2016,Insgesamt,07.04.,2584,e
Statistik der Sterbefälle,Deutschland,Insgesamt,2016,Insgesamt,08.04.,2653,e
Statistik der Sterbefälle,Deutschland,Insgesamt,2016,Insgesamt,09.04.,2532,e
Statistik der Sterbefälle,Deutschland,Insgesamt,2016,Insgesamt,10.04.,2423,e
Statistik der Sterbefälle,Deutschland,Insgesamt,2016,Insgesamt,11.04.,2546,e
Statistik der Sterbefälle,Deutschland,Insgesamt,2016,Insgesamt,12.04.,2618,e
Statistik der Sterbefälle,Deutschland,Insgesamt,2016,Insgesamt,13.04.,2621,e
Statistik der Sterbefälle,Deutschland,Insgesamt,2016,Insgesamt,14.04.,2518,e
Statistik der Sterbefälle,Deutschland,Insgesamt,2016,Insgesamt,15.04.,2544,e
Statistik der Sterbefälle,Deutschland,Insgesamt,2016,Insgesamt,16.04.,2471,e
Statistik der Sterbefälle,Deutschland,Insgesamt,2016,Insgesamt,17.04.,2394,e
Statistik der Sterbefälle,Deutschland,Insgesamt,2016,Insgesamt,18.04.,2370,e
Statistik der Sterbefälle,Deutschland,Insgesamt,2016,Insgesamt,19.04.,2351,e
Statistik der Sterbefälle,Deutschland,Insgesamt,2016,Insgesamt,20.04.,2425,e
Statistik der Sterbefälle,Deutschland,Insgesamt,2016,Insgesamt,21.04.,2422,e
Statistik der Sterbefälle,Deutschland,Insgesamt,2016,Insgesamt,22.04.,2466,e
Statistik der Sterbefälle,Deutschland,Insgesamt,2016,Insgesamt,23.04.,2428,e
Statistik der Sterbefälle,Deutschland,Insgesamt,2016,Insgesamt,24.04.,2313,e
Statistik der Sterbefälle,Deutschland,Insgesamt,2016,Insgesamt,25.04.,2423,e
Statistik der Sterbefälle,Deutschland,Insgesamt,2016,Insgesamt,26.04.,2437,e
Statistik der Sterbefälle,Deutschland,Insgesamt,2016,Insgesamt,27.04.,2502,e
Statistik der Sterbefälle,Deutschland,Insgesamt,2016,Insgesamt,28.04.,2413,e
Statistik der Sterbefälle,Deutschland,Insgesamt,2016,Insgesamt,29.04.,2379,e
Statistik der Sterbefälle,Deutschland,Insgesamt,2016,Insgesamt,30.04.,2497,e
Statistik der Sterbefälle,Deutschland,Insgesamt,2016,Insgesamt,01.05.,2402,e
Statistik der Sterbefälle,Deutschland,Insgesamt,2016,Insgesamt,02.05.,2491,e
Statistik der Sterbefälle,Deutschland,Insgesamt,2016,Insgesamt,03.05.,2396,e
Statistik der Sterbefälle,Deutschland,Insgesamt,2016,Insgesamt,04.05.,2413,e
Statistik der Sterbefälle,Deutschland,Insgesamt,2016,Insgesamt,05.05.,2226,e
Statistik der Sterbefälle,Deutschland,Insgesamt,2016,Insgesamt,06.05.,2505,e
Statistik der Sterbefälle,Deutschland,Insgesamt,2016,Insgesamt,07.05.,2503,e
Statistik der Sterbefälle,Deutschland,Insgesamt,2016,Insgesamt,08.05.,2367,e
Statistik der Sterbefälle,Deutschland,Insgesamt,2016,Insgesamt,09.05.,2552,e
Statistik der Sterbefälle,Deutschland,Insgesamt,2016,Insgesamt,10.05.,2648,e
Statistik der Sterbefälle,Deutschland,Insgesamt,2016,Insgesamt,11.05.,2600,e
Statistik der Sterbefälle,Deutschland,Insgesamt,2016,Insgesamt,12.05.,2573,e
Statistik der Sterbefälle,Deutschland,Insgesamt,2016,Insgesamt,13.05.,2562,e
Statistik der Sterbefälle,Deutschland,Insgesamt,2016,Insgesamt,14.05.,2399,e
Statistik der Sterbefälle,Deutschland,Insgesamt,2016,Insgesamt,15.05.,2295,e
Statistik der Sterbefälle,Deutschland,Insgesamt,2016,Insgesamt,16.05.,2278,e
Statistik der Sterbefälle,Deutschland,Insgesamt,2016,Insgesamt,17.05.,2340,e
Statistik der Sterbefälle,Deutschland,Insgesamt,2016,Insgesamt,18.05.,2332,e
Statistik der Sterbefälle,Deutschland,Insgesamt,2016,Insgesamt,19.05.,2442,e
Statistik der Sterbefälle,Deutschland,Insgesamt,2016,Insgesamt,20.05.,2410,e
Statistik der Sterbefälle,Deutschland,Insgesamt,2016,Insgesamt,21.05.,2401,e
Statistik der Sterbefälle,Deutschland,Insgesamt,2016,Insgesamt,22.05.,2398,e
Statistik der Sterbefälle,Deutschland,Insgesamt,2016,Insgesamt,23.05.,2407,e
Statistik der Sterbefälle,Deutschland,Insgesamt,2016,Insgesamt,24.05.,2344,e
Statistik der Sterbefälle,Deutschland,Insgesamt,2016,Insgesamt,25.05.,2402,e
Statistik der Sterbefälle,Deutschland,Insgesamt,2016,Insgesamt,26.05.,2194,e
Statistik der Sterbefälle,Deutschland,Insgesamt,2016,Insgesamt,27.05.,2346,e
Statistik der Sterbefälle,Deutschland,Insgesamt,2016,Insgesamt,28.05.,2309,e
Statistik der Sterbefälle,Deutschland,Insgesamt,2016,Insgesamt,29.05.,2284,e
Statistik der Sterbefälle,Deutschland,Insgesamt,2016,Insgesamt,30.05.,2361,e
Statistik der Sterbefälle,Deutschland,Insgesamt,2016,Insgesamt,31.05.,2345,e
Statistik der Sterbefälle,Deutschland,Insgesamt,2016,Insgesamt,01.06.,2369,e
Statistik der Sterbefälle,Deutschland,Insgesamt,2016,Insgesamt,02.06.,2416,e
Statistik der Sterbefälle,Deutschland,Insgesamt,2016,Insgesamt,03.06.,2349,e
Statistik der Sterbefälle,Deutschland,Insgesamt,2016,Insgesamt,04.06.,2338,e
Statistik der Sterbefälle,Deutschland,Insgesamt,2016,Insgesamt,05.06.,2168,e
Statistik der Sterbefälle,Deutschland,Insgesamt,2016,Insgesamt,06.06.,2378,e
Statistik der Sterbefälle,Deutschland,Insgesamt,2016,Insgesamt,07.06.,2334,e
Statistik der Sterbefälle,Deutschland,Insgesamt,2016,Insgesamt,08.06.,2355,e
Statistik der Sterbefälle,Deutschland,Insgesamt,2016,Insgesamt,09.06.,2177,e
Statistik der Sterbefälle,Deutschland,Insgesamt,2016,Insgesamt,10.06.,2265,e
Statistik der Sterbefälle,Deutschland,Insgesamt,2016,Insgesamt,11.06.,2121,e
Statistik der Sterbefälle,Deutschland,Insgesamt,2016,Insgesamt,12.06.,2169,e
Statistik der Sterbefälle,Deutschland,Insgesamt,2016,Insgesamt,13.06.,2293,e
Statistik der Sterbefälle,Deutschland,Insgesamt,2016,Insgesamt,14.06.,2288,e
Statistik der Sterbefälle,Deutschland,Insgesamt,2016,Insgesamt,15.06.,2259,e
Statistik der Sterbefälle,Deutschland,Insgesamt,2016,Insgesamt,16.06.,2370,e
Statistik der Sterbefälle,Deutschland,Insgesamt,2016,Insgesamt,17.06.,2208,e
Statistik der Sterbefälle,Deutschland,Insgesamt,2016,Insgesamt,18.06.,2186,e
Statistik der Sterbefälle,Deutschland,Insgesamt,2016,Insgesamt,19.06.,2113,e
Statistik der Sterbefälle,Deutschland,Insgesamt,2016,Insgesamt,20.06.,2314,e
Statistik der Sterbefälle,Deutschland,Insgesamt,2016,Insgesamt,21.06.,2346,e
Statistik der Sterbefälle,Deutschland,Insgesamt,2016,Insgesamt,22.06.,2506,e
Statistik der Sterbefälle,Deutschland,Insgesamt,2016,Insgesamt,23.06.,2475,e
Statistik der Sterbefälle,Deutschland,Insgesamt,2016,Insgesamt,24.06.,2712,e
Statistik der Sterbefälle,Deutschland,Insgesamt,2016,Insgesamt,25.06.,2492,e
Statistik der Sterbefälle,Deutschland,Insgesamt,2016,Insgesamt,26.06.,2065,e
Statistik der Sterbefälle,Deutschland,Insgesamt,2016,Insgesamt,27.06.,2191,e
Statistik der Sterbefälle,Deutschland,Insgesamt,2016,Insgesamt,28.06.,2302,e
Statistik der Sterbefälle,Deutschland,Insgesamt,2016,Insgesamt,29.06.,2348,e
Statistik der Sterbefälle,Deutschland,Insgesamt,2016,Insgesamt,30.06.,2279,e
Statistik der Sterbefälle,Deutschland,Insgesamt,2016,Insgesamt,01.07.,2431,e
Statistik der Sterbefälle,Deutschland,Insgesamt,2016,Insgesamt,02.07.,2145,e
Statistik der Sterbefälle,Deutschland,Insgesamt,2016,Insgesamt,03.07.,2003,e
Statistik der Sterbefälle,Deutschland,Insgesamt,2016,Insgesamt,04.07.,2298,e
Statistik der Sterbefälle,Deutschland,Insgesamt,2016,Insgesamt,05.07.,2368,e
Statistik der Sterbefälle,Deutschland,Insgesamt,2016,Insgesamt,06.07.,2231,e
Statistik der Sterbefälle,Deutschland,Insgesamt,2016,Insgesamt,07.07.,2261,e
Statistik der Sterbefälle,Deutschland,Insgesamt,2016,Insgesamt,08.07.,2455,e
Statistik der Sterbefälle,Deutschland,Insgesamt,2016,Insgesamt,09.07.,2284,e
Statistik der Sterbefälle,Deutschland,Insgesamt,2016,Insgesamt,10.07.,2332,e
Statistik der Sterbefälle,Deutschland,Insgesamt,2016,Insgesamt,11.07.,2559,e
Statistik der Sterbefälle,Deutschland,Insgesamt,2016,Insgesamt,12.07.,2435,e
Statistik der Sterbefälle,Deutschland,Insgesamt,2016,Insgesamt,13.07.,2313,e
Statistik der Sterbefälle,Deutschland,Insgesamt,2016,Insgesamt,14.07.,2216,e
Statistik der Sterbefälle,Deutschland,Insgesamt,2016,Insgesamt,15.07.,2139,e
Statistik der Sterbefälle,Deutschland,Insgesamt,2016,Insgesamt,16.07.,2225,e
Statistik der Sterbefälle,Deutschland,Insgesamt,2016,Insgesamt,17.07.,2285,e
Statistik der Sterbefälle,Deutschland,Insgesamt,2016,Insgesamt,18.07.,2294,e
Statistik der Sterbefälle,Deutschland,Insgesamt,2016,Insgesamt,19.07.,2316,e
Statistik der Sterbefälle,Deutschland,Insgesamt,2016,Insgesamt,20.07.,2441,e
Statistik der Sterbefälle,Deutschland,Insgesamt,2016,Insgesamt,21.07.,2593,e
Statistik der Sterbefälle,Deutschland,Insgesamt,2016,Insgesamt,22.07.,2659,e
Statistik der Sterbefälle,Deutschland,Insgesamt,2016,Insgesamt,23.07.,2366,e
Statistik der Sterbefälle,Deutschland,Insgesamt,2016,Insgesamt,24.07.,2316,e
Statistik der Sterbefälle,Deutschland,Insgesamt,2016,Insgesamt,25.07.,2449,e
Statistik der Sterbefälle,Deutschland,Insgesamt,2016,Insgesamt,26.07.,2345,e
Statistik der Sterbefälle,Deutschland,Insgesamt,2016,Insgesamt,27.07.,2267,e
Statistik der Sterbefälle,Deutschland,Insgesamt,2016,Insgesamt,28.07.,2313,e
Statistik der Sterbefälle,Deutschland,Insgesamt,2016,Insgesamt,29.07.,2311,e
Statistik der Sterbefälle,Deutschland,Insgesamt,2016,Insgesamt,30.07.,2250,e
Statistik der Sterbefälle,Deutschland,Insgesamt,2016,Insgesamt,31.07.,2222,e
Statistik der Sterbefälle,Deutschland,Insgesamt,2016,Insgesamt,01.08.,2197,e
Statistik der Sterbefälle,Deutschland,Insgesamt,2016,Insgesamt,02.08.,2216,e
Statistik der Sterbefälle,Deutschland,Insgesamt,2016,Insgesamt,03.08.,2305,e
Statistik der Sterbefälle,Deutschland,Insgesamt,2016,Insgesamt,04.08.,2269,e
Statistik der Sterbefälle,Deutschland,Insgesamt,2016,Insgesamt,05.08.,2202,e
Statistik der Sterbefälle,Deutschland,Insgesamt,2016,Insgesamt,06.08.,2149,e
Statistik der Sterbefälle,Deutschland,Insgesamt,2016,Insgesamt,07.08.,2101,e
Statistik der Sterbefälle,Deutschland,Insgesamt,2016,Insgesamt,08.08.,2307,e
Statistik der Sterbefälle,Deutschland,Insgesamt,2016,Insgesamt,09.08.,2134,e
Statistik der Sterbefälle,Deutschland,Insgesamt,2016,Insgesamt,10.08.,2191,e
Statistik der Sterbefälle,Deutschland,Insgesamt,2016,Insgesamt,11.08.,2107,e
Statistik der Sterbefälle,Deutschland,Insgesamt,2016,Insgesamt,12.08.,2229,e
Statistik der Sterbefälle,Deutschland,Insgesamt,2016,Insgesamt,13.08.,2327,e
Statistik der Sterbefälle,Deutschland,Insgesamt,2016,Insgesamt,14.08.,2192,e
Statistik der Sterbefälle,Deutschland,Insgesamt,2016,Insgesamt,15.08.,2394,e
Statistik der Sterbefälle,Deutschland,Insgesamt,2016,Insgesamt,16.08.,2238,e
Statistik der Sterbefälle,Deutschland,Insgesamt,2016,Insgesamt,17.08.,2375,e
Statistik der Sterbefälle,Deutschland,Insgesamt,2016,Insgesamt,18.08.,2366,e
Statistik der Sterbefälle,Deutschland,Insgesamt,2016,Insgesamt,19.08.,2324,e
Statistik der Sterbefälle,Deutschland,Insgesamt,2016,Insgesamt,20.08.,2319,e
Statistik der Sterbefälle,Deutschland,Insgesamt,2016,Insgesamt,21.08.,2242,e
Statistik der Sterbefälle,Deutschland,Insgesamt,2016,Insgesamt,22.08.,2321,e
Statistik der Sterbefälle,Deutschland,Insgesamt,2016,Insgesamt,23.08.,2330,e
Statistik der Sterbefälle,Deutschland,Insgesamt,2016,Insgesamt,24.08.,2479,e
Statistik der Sterbefälle,Deutschland,Insgesamt,2016,Insgesamt,25.08.,2479,e
Statistik der Sterbefälle,Deutschland,Insgesamt,2016,Insgesamt,26.08.,2511,e
Statistik der Sterbefälle,Deutschland,Insgesamt,2016,Insgesamt,27.08.,2487,e
Statistik der Sterbefälle,Deutschland,Insgesamt,2016,Insgesamt,28.08.,2540,e
Statistik der Sterbefälle,Deutschland,Insgesamt,2016,Insgesamt,29.08.,2441,e
Statistik der Sterbefälle,Deutschland,Insgesamt,2016,Insgesamt,30.08.,2254,e
Statistik der Sterbefälle,Deutschland,Insgesamt,2016,Insgesamt,31.08.,2269,e
Statistik der Sterbefälle,Deutschland,Insgesamt,2016,Insgesamt,01.09.,2419,e
Statistik der Sterbefälle,Deutschland,Insgesamt,2016,Insgesamt,02.09.,2294,e
Statistik der Sterbefälle,Deutschland,Insgesamt,2016,Insgesamt,03.09.,2217,e
Statistik der Sterbefälle,Deutschland,Insgesamt,2016,Insgesamt,04.09.,2207,e
Statistik der Sterbefälle,Deutschland,Insgesamt,2016,Insgesamt,05.09.,2214,e
Statistik der Sterbefälle,Deutschland,Insgesamt,2016,Insgesamt,06.09.,2299,e
Statistik der Sterbefälle,Deutschland,Insgesamt,2016,Insgesamt,07.09.,2283,e
Statistik der Sterbefälle,Deutschland,Insgesamt,2016,Insgesamt,08.09.,2398,e
Statistik der Sterbefälle,Deutschland,Insgesamt,2016,Insgesamt,09.09.,2432,e
Statistik der Sterbefälle,Deutschland,Insgesamt,2016,Insgesamt,10.09.,2229,e
Statistik der Sterbefälle,Deutschland,Insgesamt,2016,Insgesamt,11.09.,2261,e
Statistik der Sterbefälle,Deutschland,Insgesamt,2016,Insgesamt,12.09.,2337,e
Statistik der Sterbefälle,Deutschland,Insgesamt,2016,Insgesamt,13.09.,2440,e
Statistik der Sterbefälle,Deutschland,Insgesamt,2016,Insgesamt,14.09.,2435,e
Statistik der Sterbefälle,Deutschland,Insgesamt,2016,Insgesamt,15.09.,2421,e
Statistik der Sterbefälle,Deutschland,Insgesamt,2016,Insgesamt,16.09.,2367,e
Statistik der Sterbefälle,Deutschland,Insgesamt,2016,Insgesamt,17.09.,2262,e
Statistik der Sterbefälle,Deutschland,Insgesamt,2016,Insgesamt,18.09.,2110,e
Statistik der Sterbefälle,Deutschland,Insgesamt,2016,Insgesamt,19.09.,2221,e
Statistik der Sterbefälle,Deutschland,Insgesamt,2016,Insgesamt,20.09.,2234,e
Statistik der Sterbefälle,Deutschland,Insgesamt,2016,Insgesamt,21.09.,2251,e
Statistik der Sterbefälle,Deutschland,Insgesamt,2016,Insgesamt,22.09.,2185,e
Statistik der Sterbefälle,Deutschland,Insgesamt,2016,Insgesamt,23.09.,2230,e
Statistik der Sterbefälle,Deutschland,Insgesamt,2016,Insgesamt,24.09.,2301,e
Statistik der Sterbefälle,Deutschland,Insgesamt,2016,Insgesamt,25.09.,2184,e
Statistik der Sterbefälle,Deutschland,Insgesamt,2016,Insgesamt,26.09.,2328,e
Statistik der Sterbefälle,Deutschland,Insgesamt,2016,Insgesamt,27.09.,2363,e
Statistik der Sterbefälle,Deutschland,Insgesamt,2016,Insgesamt,28.09.,2266,e
Statistik der Sterbefälle,Deutschland,Insgesamt,2016,Insgesamt,29.09.,2378,e
Statistik der Sterbefälle,Deutschland,Insgesamt,2016,Insgesamt,30.09.,2471,e
Statistik der Sterbefälle,Deutschland,Insgesamt,2016,Insgesamt,01.10.,2259,e
Statistik der Sterbefälle,Deutschland,Insgesamt,2016,Insgesamt,02.10.,2271,e
Statistik der Sterbefälle,Deutschland,Insgesamt,2016,Insgesamt,03.10.,2219,e
Statistik der Sterbefälle,Deutschland,Insgesamt,2016,Insgesamt,04.10.,2307,e
Statistik der Sterbefälle,Deutschland,Insgesamt,2016,Insgesamt,05.10.,2294,e
Statistik der Sterbefälle,Deutschland,Insgesamt,2016,Insgesamt,06.10.,2429,e
Statistik der Sterbefälle,Deutschland,Insgesamt,2016,Insgesamt,07.10.,2368,e
Statistik der Sterbefälle,Deutschland,Insgesamt,2016,Insgesamt,08.10.,2443,e
Statistik der Sterbefälle,Deutschland,Insgesamt,2016,Insgesamt,09.10.,2292,e
Statistik der Sterbefälle,Deutschland,Insgesamt,2016,Insgesamt,10.10.,2403,e
Statistik der Sterbefälle,Deutschland,Insgesamt,2016,Insgesamt,11.10.,2415,e
Statistik der Sterbefälle,Deutschland,Insgesamt,2016,Insgesamt,12.10.,2447,e
Statistik der Sterbefälle,Deutschland,Insgesamt,2016,Insgesamt,13.10.,2479,e
Statistik der Sterbefälle,Deutschland,Insgesamt,2016,Insgesamt,14.10.,2593,e
Statistik der Sterbefälle,Deutschland,Insgesamt,2016,Insgesamt,15.10.,2619,e
Statistik der Sterbefälle,Deutschland,Insgesamt,2016,Insgesamt,16.10.,2471,e
Statistik der Sterbefälle,Deutschland,Insgesamt,2016,Insgesamt,17.10.,2531,e
Statistik der Sterbefälle,Deutschland,Insgesamt,2016,Insgesamt,18.10.,2604,e
Statistik der Sterbefälle,Deutschland,Insgesamt,2016,Insgesamt,19.10.,2561,e
Statistik der Sterbefälle,Deutschland,Insgesamt,2016,Insgesamt,20.10.,2501,e
Statistik der Sterbefälle,Deutschland,Insgesamt,2016,Insgesamt,21.10.,2566,e
Statistik der Sterbefälle,Deutschland,Insgesamt,2016,Insgesamt,22.10.,2406,e
Statistik der Sterbefälle,Deutschland,Insgesamt,2016,Insgesamt,23.10.,2430,e
Statistik der Sterbefälle,Deutschland,Insgesamt,2016,Insgesamt,24.10.,2588,e
Statistik der Sterbefälle,Deutschland,Insgesamt,2016,Insgesamt,25.10.,2475,e
Statistik der Sterbefälle,Deutschland,Insgesamt,2016,Insgesamt,26.10.,2556,e
Statistik der Sterbefälle,Deutschland,Insgesamt,2016,Insgesamt,27.10.,2446,e
Statistik der Sterbefälle,Deutschland,Insgesamt,2016,Insgesamt,28.10.,2596,e
Statistik der Sterbefälle,Deutschland,Insgesamt,2016,Insgesamt,29.10.,2476,e
Statistik der Sterbefälle,Deutschland,Insgesamt,2016,Insgesamt,30.10.,2449,e
Statistik der Sterbefälle,Deutschland,Insgesamt,2016,Insgesamt,31.10.,2507,e
Statistik der Sterbefälle,Deutschland,Insgesamt,2016,Insgesamt,01.11.,2523,e
Statistik der Sterbefälle,Deutschland,Insgesamt,2016,Insgesamt,02.11.,2553,e
Statistik der Sterbefälle,Deutschland,Insgesamt,2016,Insgesamt,03.11.,2462,e
Statistik der Sterbefälle,Deutschland,Insgesamt,2016,Insgesamt,04.11.,2545,e
Statistik der Sterbefälle,Deutschland,Insgesamt,2016,Insgesamt,05.11.,2581,e
Statistik der Sterbefälle,Deutschland,Insgesamt,2016,Insgesamt,06.11.,2409,e
Statistik der Sterbefälle,Deutschland,Insgesamt,2016,Insgesamt,07.11.,2525,e
Statistik der Sterbefälle,Deutschland,Insgesamt,2016,Insgesamt,08.11.,2522,e
Statistik der Sterbefälle,Deutschland,Insgesamt,2016,Insgesamt,09.11.,2520,e
Statistik der Sterbefälle,Deutschland,Insgesamt,2016,Insgesamt,10.11.,2593,e
Statistik der Sterbefälle,Deutschland,Insgesamt,2016,Insgesamt,11.11.,2553,e
Statistik der Sterbefälle,Deutschland,Insgesamt,2016,Insgesamt,12.11.,2543,e
Statistik der Sterbefälle,Deutschland,Insgesamt,2016,Insgesamt,13.11.,2526,e
Statistik der Sterbefälle,Deutschland,Insgesamt,2016,Insgesamt,14.11.,2588,e
Statistik der Sterbefälle,Deutschland,Insgesamt,2016,Insgesamt,15.11.,2598,e
Statistik der Sterbefälle,Deutschland,Insgesamt,2016,Insgesamt,16.11.,2770,e
Statistik der Sterbefälle,Deutschland,Insgesamt,2016,Insgesamt,17.11.,2613,e
Statistik der Sterbefälle,Deutschland,Insgesamt,2016,Insgesamt,18.11.,2677,e
Statistik der Sterbefälle,Deutschland,Insgesamt,2016,Insgesamt,19.11.,2711,e
Statistik der Sterbefälle,Deutschland,Insgesamt,2016,Insgesamt,20.11.,2634,e
Statistik der Sterbefälle,Deutschland,Insgesamt,2016,Insgesamt,21.11.,2541,e
Statistik der Sterbefälle,Deutschland,Insgesamt,2016,Insgesamt,22.11.,2577,e
Statistik der Sterbefälle,Deutschland,Insgesamt,2016,Insgesamt,23.11.,2577,e
Statistik der Sterbefälle,Deutschland,Insgesamt,2016,Insgesamt,24.11.,2581,e
Statistik der Sterbefälle,Deutschland,Insgesamt,2016,Insgesamt,25.11.,2618,e
Statistik der Sterbefälle,Deutschland,Insgesamt,2016,Insgesamt,26.11.,2568,e
Statistik der Sterbefälle,Deutschland,Insgesamt,2016,Insgesamt,27.11.,2449,e
Statistik der Sterbefälle,Deutschland,Insgesamt,2016,Insgesamt,28.11.,2521,e
Statistik der Sterbefälle,Deutschland,Insgesamt,2016,Insgesamt,29.11.,2551,e
Statistik der Sterbefälle,Deutschland,Insgesamt,2016,Insgesamt,30.11.,2621,e
Statistik der Sterbefälle,Deutschland,Insgesamt,2016,Insgesamt,01.12.,2658,e
Statistik der Sterbefälle,Deutschland,Insgesamt,2016,Insgesamt,02.12.,2754,e
Statistik der Sterbefälle,Deutschland,Insgesamt,2016,Insgesamt,03.12.,2532,e
Statistik der Sterbefälle,Deutschland,Insgesamt,2016,Insgesamt,04.12.,2509,e
Statistik der Sterbefälle,Deutschland,Insgesamt,2016,Insgesamt,05.12.,2658,e
Statistik der Sterbefälle,Deutschland,Insgesamt,2016,Insgesamt,06.12.,2662,e
Statistik der Sterbefälle,Deutschland,Insgesamt,2016,Insgesamt,07.12.,2678,e
Statistik der Sterbefälle,Deutschland,Insgesamt,2016,Insgesamt,08.12.,2706,e
Statistik der Sterbefälle,Deutschland,Insgesamt,2016,Insgesamt,09.12.,2727,e
Statistik der Sterbefälle,Deutschland,Insgesamt,2016,Insgesamt,10.12.,2699,e
Statistik der Sterbefälle,Deutschland,Insgesamt,2016,Insgesamt,11.12.,2663,e
Statistik der Sterbefälle,Deutschland,Insgesamt,2016,Insgesamt,12.12.,2704,e
Statistik der Sterbefälle,Deutschland,Insgesamt,2016,Insgesamt,13.12.,2718,e
Statistik der Sterbefälle,Deutschland,Insgesamt,2016,Insgesamt,14.12.,2700,e
Statistik der Sterbefälle,Deutschland,Insgesamt,2016,Insgesamt,15.12.,2784,e
Statistik der Sterbefälle,Deutschland,Insgesamt,2016,Insgesamt,16.12.,2662,e
Statistik der Sterbefälle,Deutschland,Insgesamt,2016,Insgesamt,17.12.,2629,e
Statistik der Sterbefälle,Deutschland,Insgesamt,2016,Insgesamt,18.12.,2688,e
Statistik der Sterbefälle,Deutschland,Insgesamt,2016,Insgesamt,19.12.,2748,e
Statistik der Sterbefälle,Deutschland,Insgesamt,2016,Insgesamt,20.12.,2788,e
Statistik der Sterbefälle,Deutschland,Insgesamt,2016,Insgesamt,21.12.,2716,e
Statistik der Sterbefälle,Deutschland,Insgesamt,2016,Insgesamt,22.12.,2765,e
Statistik der Sterbefälle,Deutschland,Insgesamt,2016,Insgesamt,23.12.,2729,e
Statistik der Sterbefälle,Deutschland,Insgesamt,2016,Insgesamt,24.12.,2918,e
Statistik der Sterbefälle,Deutschland,Insgesamt,2016,Insgesamt,25.12.,2712,e
Statistik der Sterbefälle,Deutschland,Insgesamt,2016,Insgesamt,26.12.,2781,e
Statistik der Sterbefälle,Deutschland,Insgesamt,2016,Insgesamt,27.12.,2839,e
Statistik der Sterbefälle,Deutschland,Insgesamt,2016,Insgesamt,28.12.,2831,e
Statistik der Sterbefälle,Deutschland,Insgesamt,2016,Insgesamt,29.12.,2751,e
Statistik der Sterbefälle,Deutschland,Insgesamt,2016,Insgesamt,30.12.,2834,e
Statistik der Sterbefälle,Deutschland,Insgesamt,2016,Insgesamt,31.12.,2796,e
Statistik der Sterbefälle,Deutschland,Insgesamt,2017,Insgesamt,Insgesamt,932263,e
Statistik der Sterbefälle,Deutschland,Insgesamt,2017,Insgesamt,01.01.,2912,e
Statistik der Sterbefälle,Deutschland,Insgesamt,2017,Insgesamt,02.01.,3085,e
Statistik der Sterbefälle,Deutschland,Insgesamt,2017,Insgesamt,03.01.,2923,e
Statistik der Sterbefälle,Deutschland,Insgesamt,2017,Insgesamt,04.01.,2973,e
Statistik der Sterbefälle,Deutschland,Insgesamt,2017,Insgesamt,05.01.,3055,e
Statistik der Sterbefälle,Deutschland,Insgesamt,2017,Insgesamt,06.01.,2979,e
Statistik der Sterbefälle,Deutschland,Insgesamt,2017,Insgesamt,07.01.,2949,e
Statistik der Sterbefälle,Deutschland,Insgesamt,2017,Insgesamt,08.01.,2954,e
Statistik der Sterbefälle,Deutschland,Insgesamt,2017,Insgesamt,09.01.,3088,e
Statistik der Sterbefälle,Deutschland,Insgesamt,2017,Insgesamt,10.01.,3256,e
Statistik der Sterbefälle,Deutschland,Insgesamt,2017,Insgesamt,11.01.,3213,e
Statistik der Sterbefälle,Deutschland,Insgesamt,2017,Insgesamt,12.01.,3145,e
Statistik der Sterbefälle,Deutschland,Insgesamt,2017,Insgesamt,13.01.,3240,e
Statistik der Sterbefälle,Deutschland,Insgesamt,2017,Insgesamt,14.01.,3079,e
Statistik der Sterbefälle,Deutschland,Insgesamt,2017,Insgesamt,15.01.,3049,e
Statistik der Sterbefälle,Deutschland,Insgesamt,2017,Insgesamt,16.01.,3036,e
Statistik der Sterbefälle,Deutschland,Insgesamt,2017,Insgesamt,17.01.,3011,e
Statistik der Sterbefälle,Deutschland,Insgesamt,2017,Insgesamt,18.01.,2956,e
Statistik der Sterbefälle,Deutschland,Insgesamt,2017,Insgesamt,19.01.,3077,e
Statistik der Sterbefälle,Deutschland,Insgesamt,2017,Insgesamt,20.01.,3073,e
Statistik der Sterbefälle,Deutschland,Insgesamt,2017,Insgesamt,21.01.,3120,e
Statistik der Sterbefälle,Deutschland,Insgesamt,2017,Insgesamt,22.01.,2963,e
Statistik der Sterbefälle,Deutschland,Insgesamt,2017,Insgesamt,23.01.,3151,e
Statistik der Sterbefälle,Deutschland,Insgesamt,2017,Insgesamt,24.01.,3226,e
Statistik der Sterbefälle,Deutschland,Insgesamt,2017,Insgesamt,25.01.,3155,e
Statistik der Sterbefälle,Deutschland,Insgesamt,2017,Insgesamt,26.01.,3196,e
Statistik der Sterbefälle,Deutschland,Insgesamt,2017,Insgesamt,27.01.,3167,e
Statistik der Sterbefälle,Deutschland,Insgesamt,2017,Insgesamt,28.01.,3114,e
Statistik der Sterbefälle,Deutschland,Insgesamt,2017,Insgesamt,29.01.,3074,e
Statistik der Sterbefälle,Deutschland,Insgesamt,2017,Insgesamt,30.01.,3404,e
Statistik der Sterbefälle,Deutschland,Insgesamt,2017,Insgesamt,31.01.,3410,e
Statistik der Sterbefälle,Deutschland,Insgesamt,2017,Insgesamt,01.02.,3290,e
Statistik der Sterbefälle,Deutschland,Insgesamt,2017,Insgesamt,02.02.,3316,e
Statistik der Sterbefälle,Deutschland,Insgesamt,2017,Insgesamt,03.02.,3535,e
Statistik der Sterbefälle,Deutschland,Insgesamt,2017,Insgesamt,04.02.,3427,e
Statistik der Sterbefälle,Deutschland,Insgesamt,2017,Insgesamt,05.02.,3258,e
Statistik der Sterbefälle,Deutschland,Insgesamt,2017,Insgesamt,06.02.,3286,e
Statistik der Sterbefälle,Deutschland,Insgesamt,2017,Insgesamt,07.02.,3337,e
Statistik der Sterbefälle,Deutschland,Insgesamt,2017,Insgesamt,08.02.,3232,e
Statistik der Sterbefälle,Deutschland,Insgesamt,2017,Insgesamt,09.02.,3217,e
Statistik der Sterbefälle,Deutschland,Insgesamt,2017,Insgesamt,10.02.,3360,e
Statistik der Sterbefälle,Deutschland,Insgesamt,2017,Insgesamt,11.02.,3168,e
Statistik der Sterbefälle,Deutschland,Insgesamt,2017,Insgesamt,12.02.,3144,e
Statistik der Sterbefälle,Deutschland,Insgesamt,2017,Insgesamt,13.02.,3298,e
Statistik der Sterbefälle,Deutschland,Insgesamt,2017,Insgesamt,14.02.,3222,e
Statistik der Sterbefälle,Deutschland,Insgesamt,2017,Insgesamt,15.02.,3292,e
Statistik der Sterbefälle,Deutschland,Insgesamt,2017,Insgesamt,16.02.,3342,e
Statistik der Sterbefälle,Deutschland,Insgesamt,2017,Insgesamt,17.02.,3268,e
Statistik der Sterbefälle,Deutschland,Insgesamt,2017,Insgesamt,18.02.,3209,e
Statistik der Sterbefälle,Deutschland,Insgesamt,2017,Insgesamt,19.02.,3052,e
Statistik der Sterbefälle,Deutschland,Insgesamt,2017,Insgesamt,20.02.,3314,e
Statistik der Sterbefälle,Deutschland,Insgesamt,2017,Insgesamt,21.02.,3221,e
Statistik der Sterbefälle,Deutschland,Insgesamt,2017,Insgesamt,22.02.,3307,e
Statistik der Sterbefälle,Deutschland,Insgesamt,2017,Insgesamt,23.02.,3350,e
Statistik der Sterbefälle,Deutschland,Insgesamt,2017,Insgesamt,24.02.,3104,e
Statistik der Sterbefälle,Deutschland,Insgesamt,2017,Insgesamt,25.02.,3025,e
Statistik der Sterbefälle,Deutschland,Insgesamt,2017,Insgesamt,26.02.,2945,e
Statistik der Sterbefälle,Deutschland,Insgesamt,2017,Insgesamt,27.02.,3131,e
Statistik der Sterbefälle,Deutschland,Insgesamt,2017,Insgesamt,28.02.,2999,e
Statistik der Sterbefälle,Deutschland,Insgesamt,2017,Insgesamt,29.02.,X,e
Statistik der Sterbefälle,Deutschland,Insgesamt,2017,Insgesamt,01.03.,3121,e
Statistik der Sterbefälle,Deutschland,Insgesamt,2017,Insgesamt,02.03.,2990,e
Statistik der Sterbefälle,Deutschland,Insgesamt,2017,Insgesamt,03.03.,2944,e
Statistik der Sterbefälle,Deutschland,Insgesamt,2017,Insgesamt,04.03.,2960,e
Statistik der Sterbefälle,Deutschland,Insgesamt,2017,Insgesamt,05.03.,2785,e
Statistik der Sterbefälle,Deutschland,Insgesamt,2017,Insgesamt,06.03.,2907,e
Statistik der Sterbefälle,Deutschland,Insgesamt,2017,Insgesamt,07.03.,2724,e
Statistik der Sterbefälle,Deutschland,Insgesamt,2017,Insgesamt,08.03.,2695,e
Statistik der Sterbefälle,Deutschland,Insgesamt,2017,Insgesamt,09.03.,2758,e
Statistik der Sterbefälle,Deutschland,Insgesamt,2017,Insgesamt,10.03.,2789,e
Statistik der Sterbefälle,Deutschland,Insgesamt,2017,Insgesamt,11.03.,2659,e
Statistik der Sterbefälle,Deutschland,Insgesamt,2017,Insgesamt,12.03.,2570,e
Statistik der Sterbefälle,Deutschland,Insgesamt,2017,Insgesamt,13.03.,2680,e
Statistik der Sterbefälle,Deutschland,Insgesamt,2017,Insgesamt,14.03.,2685,e
Statistik der Sterbefälle,Deutschland,Insgesamt,2017,Insgesamt,15.03.,2662,e
Statistik der Sterbefälle,Deutschland,Insgesamt,2017,Insgesamt,16.03.,2654,e
Statistik der Sterbefälle,Deutschland,Insgesamt,2017,Insgesamt,17.03.,2667,e
Statistik der Sterbefälle,Deutschland,Insgesamt,2017,Insgesamt,18.03.,2671,e
Statistik der Sterbefälle,Deutschland,Insgesamt,2017,Insgesamt,19.03.,2646,e
Statistik der Sterbefälle,Deutschland,Insgesamt,2017,Insgesamt,20.03.,2627,e
Statistik der Sterbefälle,Deutschland,Insgesamt,2017,Insgesamt,21.03.,2604,e
Statistik der Sterbefälle,Deutschland,Insgesamt,2017,Insgesamt,22.03.,2557,e
Statistik der Sterbefälle,Deutschland,Insgesamt,2017,Insgesamt,23.03.,2572,e
Statistik der Sterbefälle,Deutschland,Insgesamt,2017,Insgesamt,24.03.,2617,e
Statistik der Sterbefälle,Deutschland,Insgesamt,2017,Insgesamt,25.03.,2501,e
Statistik der Sterbefälle,Deutschland,Insgesamt,2017,Insgesamt,26.03.,2162,e
Statistik der Sterbefälle,Deutschland,Insgesamt,2017,Insgesamt,27.03.,2548,e
Statistik der Sterbefälle,Deutschland,Insgesamt,2017,Insgesamt,28.03.,2514,e
Statistik der Sterbefälle,Deutschland,Insgesamt,2017,Insgesamt,29.03.,2573,e
Statistik der Sterbefälle,Deutschland,Insgesamt,2017,Insgesamt,30.03.,2505,e
Statistik der Sterbefälle,Deutschland,Insgesamt,2017,Insgesamt,31.03.,2587,e
Statistik der Sterbefälle,Deutschland,Insgesamt,2017,Insgesamt,01.04.,2527,e
Statistik der Sterbefälle,Deutschland,Insgesamt,2017,Insgesamt,02.04.,2477,e
Statistik der Sterbefälle,Deutschland,Insgesamt,2017,Insgesamt,03.04.,2498,e
Statistik der Sterbefälle,Deutschland,Insgesamt,2017,Insgesamt,04.04.,2418,e
Statistik der Sterbefälle,Deutschland,Insgesamt,2017,Insgesamt,05.04.,2519,e
Statistik der Sterbefälle,Deutschland,Insgesamt,2017,Insgesamt,06.04.,2370,e
Statistik der Sterbefälle,Deutschland,Insgesamt,2017,Insgesamt,07.04.,2465,e
Statistik der Sterbefälle,Deutschland,Insgesamt,2017,Insgesamt,08.04.,2417,e
Statistik der Sterbefälle,Deutschland,Insgesamt,2017,Insgesamt,09.04.,2341,e
Statistik der Sterbefälle,Deutschland,Insgesamt,2017,Insgesamt,10.04.,2483,e
Statistik der Sterbefälle,Deutschland,Insgesamt,2017,Insgesamt,11.04.,2398,e
Statistik der Sterbefälle,Deutschland,Insgesamt,2017,Insgesamt,12.04.,2474,e
Statistik der Sterbefälle,Deutschland,Insgesamt,2017,Insgesamt,13.04.,2486,e
Statistik der Sterbefälle,Deutschland,Insgesamt,2017,Insgesamt,14.04.,2375,e
Statistik der Sterbefälle,Deutschland,Insgesamt,2017,Insgesamt,15.04.,2411,e
Statistik der Sterbefälle,Deutschland,Insgesamt,2017,Insgesamt,16.04.,2274,e
Statistik der Sterbefälle,Deutschland,Insgesamt,2017,Insgesamt,17.04.,2290,e
Statistik der Sterbefälle,Deutschland,Insgesamt,2017,Insgesamt,18.04.,2431,e
Statistik der Sterbefälle,Deutschland,Insgesamt,2017,Insgesamt,19.04.,2304,e
Statistik der Sterbefälle,Deutschland,Insgesamt,2017,Insgesamt,20.04.,2387,e
Statistik der Sterbefälle,Deutschland,Insgesamt,2017,Insgesamt,21.04.,2404,e
Statistik der Sterbefälle,Deutschland,Insgesamt,2017,Insgesamt,22.04.,2428,e
Statistik der Sterbefälle,Deutschland,Insgesamt,2017,Insgesamt,23.04.,2393,e
Statistik der Sterbefälle,Deutschland,Insgesamt,2017,Insgesamt,24.04.,2499,e
Statistik der Sterbefälle,Deutschland,Insgesamt,2017,Insgesamt,25.04.,2523,e
Statistik der Sterbefälle,Deutschland,Insgesamt,2017,Insgesamt,26.04.,2544,e
Statistik der Sterbefälle,Deutschland,Insgesamt,2017,Insgesamt,27.04.,2558,e
Statistik der Sterbefälle,Deutschland,Insgesamt,2017,Insgesamt,28.04.,2606,e
Statistik der Sterbefälle,Deutschland,Insgesamt,2017,Insgesamt,29.04.,2475,e
Statistik der Sterbefälle,Deutschland,Insgesamt,2017,Insgesamt,30.04.,2429,e
Statistik der Sterbefälle,Deutschland,Insgesamt,2017,Insgesamt,01.05.,2391,e
Statistik der Sterbefälle,Deutschland,Insgesamt,2017,Insgesamt,02.05.,2508,e
Statistik der Sterbefälle,Deutschland,Insgesamt,2017,Insgesamt,03.05.,2459,e
Statistik der Sterbefälle,Deutschland,Insgesamt,2017,Insgesamt,04.05.,2496,e
Statistik der Sterbefälle,Deutschland,Insgesamt,2017,Insgesamt,05.05.,2472,e
Statistik der Sterbefälle,Deutschland,Insgesamt,2017,Insgesamt,06.05.,2431,e
Statistik der Sterbefälle,Deutschland,Insgesamt,2017,Insgesamt,07.05.,2372,e
Statistik der Sterbefälle,Deutschland,Insgesamt,2017,Insgesamt,08.05.,2460,e
Statistik der Sterbefälle,Deutschland,Insgesamt,2017,Insgesamt,09.05.,2324,e
Statistik der Sterbefälle,Deutschland,Insgesamt,2017,Insgesamt,10.05.,2455,e
Statistik der Sterbefälle,Deutschland,Insgesamt,2017,Insgesamt,11.05.,2510,e
Statistik der Sterbefälle,Deutschland,Insgesamt,2017,Insgesamt,12.05.,2588,e
Statistik der Sterbefälle,Deutschland,Insgesamt,2017,Insgesamt,13.05.,2515,e
Statistik der Sterbefälle,Deutschland,Insgesamt,2017,Insgesamt,14.05.,2491,e
Statistik der Sterbefälle,Deutschland,Insgesamt,2017,Insgesamt,15.05.,2353,e
Statistik der Sterbefälle,Deutschland,Insgesamt,2017,Insgesamt,16.05.,2475,e
Statistik der Sterbefälle,Deutschland,Insgesamt,2017,Insgesamt,17.05.,2625,e
Statistik der Sterbefälle,Deutschland,Insgesamt,2017,Insgesamt,18.05.,2593,e
Statistik der Sterbefälle,Deutschland,Insgesamt,2017,Insgesamt,19.05.,2515,e
Statistik der Sterbefälle,Deutschland,Insgesamt,2017,Insgesamt,20.05.,2342,e
Statistik der Sterbefälle,Deutschland,Insgesamt,2017,Insgesamt,21.05.,2176,e
Statistik der Sterbefälle,Deutschland,Insgesamt,2017,Insgesamt,22.05.,2346,e
Statistik der Sterbefälle,Deutschland,Insgesamt,2017,Insgesamt,23.05.,2399,e
Statistik der Sterbefälle,Deutschland,Insgesamt,2017,Insgesamt,24.05.,2392,e
Statistik der Sterbefälle,Deutschland,Insgesamt,2017,Insgesamt,25.05.,2231,e
Statistik der Sterbefälle,Deutschland,Insgesamt,2017,Insgesamt,26.05.,2442,e
Statistik der Sterbefälle,Deutschland,Insgesamt,2017,Insgesamt,27.05.,2304,e
Statistik der Sterbefälle,Deutschland,Insgesamt,2017,Insgesamt,28.05.,2337,e
Statistik der Sterbefälle,Deutschland,Insgesamt,2017,Insgesamt,29.05.,2655,e
Statistik der Sterbefälle,Deutschland,Insgesamt,2017,Insgesamt,30.05.,2534,e
Statistik der Sterbefälle,Deutschland,Insgesamt,2017,Insgesamt,31.05.,2492,e
Statistik der Sterbefälle,Deutschland,Insgesamt,2017,Insgesamt,01.06.,2326,e
Statistik der Sterbefälle,Deutschland,Insgesamt,2017,Insgesamt,02.06.,2368,e
Statistik der Sterbefälle,Deutschland,Insgesamt,2017,Insgesamt,03.06.,2306,e
Statistik der Sterbefälle,Deutschland,Insgesamt,2017,Insgesamt,04.06.,2221,e
Statistik der Sterbefälle,Deutschland,Insgesamt,2017,Insgesamt,05.06.,2137,e
Statistik der Sterbefälle,Deutschland,Insgesamt,2017,Insgesamt,06.06.,2324,e
Statistik der Sterbefälle,Deutschland,Insgesamt,2017,Insgesamt,07.06.,2273,e
Statistik der Sterbefälle,Deutschland,Insgesamt,2017,Insgesamt,08.06.,2260,e
Statistik der Sterbefälle,Deutschland,Insgesamt,2017,Insgesamt,09.06.,2385,e
Statistik der Sterbefälle,Deutschland,Insgesamt,2017,Insgesamt,10.06.,2261,e
Statistik der Sterbefälle,Deutschland,Insgesamt,2017,Insgesamt,11.06.,2206,e
Statistik der Sterbefälle,Deutschland,Insgesamt,2017,Insgesamt,12.06.,2407,e
Statistik der Sterbefälle,Deutschland,Insgesamt,2017,Insgesamt,13.06.,2302,e
Statistik der Sterbefälle,Deutschland,Insgesamt,2017,Insgesamt,14.06.,2247,e
Statistik der Sterbefälle,Deutschland,Insgesamt,2017,Insgesamt,15.06.,2394,e
Statistik der Sterbefälle,Deutschland,Insgesamt,2017,Insgesamt,16.06.,2302,e
Statistik der Sterbefälle,Deutschland,Insgesamt,2017,Insgesamt,17.06.,2171,e
Statistik der Sterbefälle,Deutschland,Insgesamt,2017,Insgesamt,18.06.,2264,e
Statistik der Sterbefälle,Deutschland,Insgesamt,2017,Insgesamt,19.06.,2335,e
Statistik der Sterbefälle,Deutschland,Insgesamt,2017,Insgesamt,20.06.,2470,e
Statistik der Sterbefälle,Deutschland,Insgesamt,2017,Insgesamt,21.06.,2342,e
Statistik der Sterbefälle,Deutschland,Insgesamt,2017,Insgesamt,22.06.,2545,e
Statistik der Sterbefälle,Deutschland,Insgesamt,2017,Insgesamt,23.06.,2551,e
Statistik der Sterbefälle,Deutschland,Insgesamt,2017,Insgesamt,24.06.,2316,e
Statistik der Sterbefälle,Deutschland,Insgesamt,2017,Insgesamt,25.06.,2260,e
Statistik der Sterbefälle,Deutschland,Insgesamt,2017,Insgesamt,26.06.,2361,e
Statistik der Sterbefälle,Deutschland,Insgesamt,2017,Insgesamt,27.06.,2281,e
Statistik der Sterbefälle,Deutschland,Insgesamt,2017,Insgesamt,28.06.,2392,e
Statistik der Sterbefälle,Deutschland,Insgesamt,2017,Insgesamt,29.06.,2355,e
Statistik der Sterbefälle,Deutschland,Insgesamt,2017,Insgesamt,30.06.,2282,e
Statistik der Sterbefälle,Deutschland,Insgesamt,2017,Insgesamt,01.07.,2218,e
Statistik der Sterbefälle,Deutschland,Insgesamt,2017,Insgesamt,02.07.,2187,e
Statistik der Sterbefälle,Deutschland,Insgesamt,2017,Insgesamt,03.07.,2309,e
Statistik der Sterbefälle,Deutschland,Insgesamt,2017,Insgesamt,04.07.,2223,e
Statistik der Sterbefälle,Deutschland,Insgesamt,2017,Insgesamt,05.07.,2366,e
Statistik der Sterbefälle,Deutschland,Insgesamt,2017,Insgesamt,06.07.,2345,e
Statistik der Sterbefälle,Deutschland,Insgesamt,2017,Insgesamt,07.07.,2523,e
Statistik der Sterbefälle,Deutschland,Insgesamt,2017,Insgesamt,08.07.,2395,e
Statistik der Sterbefälle,Deutschland,Insgesamt,2017,Insgesamt,09.07.,2263,e
Statistik der Sterbefälle,Deutschland,Insgesamt,2017,Insgesamt,10.07.,2342,e
Statistik der Sterbefälle,Deutschland,Insgesamt,2017,Insgesamt,11.07.,2373,e
Statistik der Sterbefälle,Deutschland,Insgesamt,2017,Insgesamt,12.07.,2311,e
Statistik der Sterbefälle,Deutschland,Insgesamt,2017,Insgesamt,13.07.,2138,e
Statistik der Sterbefälle,Deutschland,Insgesamt,2017,Insgesamt,14.07.,2158,e
Statistik der Sterbefälle,Deutschland,Insgesamt,2017,Insgesamt,15.07.,2180,e
Statistik der Sterbefälle,Deutschland,Insgesamt,2017,Insgesamt,16.07.,2101,e
Statistik der Sterbefälle,Deutschland,Insgesamt,2017,Insgesamt,17.07.,2246,e
Statistik der Sterbefälle,Deutschland,Insgesamt,2017,Insgesamt,18.07.,2386,e
Statistik der Sterbefälle,Deutschland,Insgesamt,2017,Insgesamt,19.07.,2384,e
Statistik der Sterbefälle,Deutschland,Insgesamt,2017,Insgesamt,20.07.,2461,e
Statistik der Sterbefälle,Deutschland,Insgesamt,2017,Insgesamt,21.07.,2406,e
Statistik der Sterbefälle,Deutschland,Insgesamt,2017,Insgesamt,22.07.,2427,e
Statistik der Sterbefälle,Deutschland,Insgesamt,2017,Insgesamt,23.07.,2279,e
Statistik der Sterbefälle,Deutschland,Insgesamt,2017,Insgesamt,24.07.,2258,e
Statistik der Sterbefälle,Deutschland,Insgesamt,2017,Insgesamt,25.07.,2248,e
Statistik der Sterbefälle,Deutschland,Insgesamt,2017,Insgesamt,26.07.,2285,e
Statistik der Sterbefälle,Deutschland,Insgesamt,2017,Insgesamt,27.07.,2317,e
Statistik der Sterbefälle,Deutschland,Insgesamt,2017,Insgesamt,28.07.,2240,e
Statistik der Sterbefälle,Deutschland,Insgesamt,2017,Insgesamt,29.07.,2354,e
Statistik der Sterbefälle,Deutschland,Insgesamt,2017,Insgesamt,30.07.,2356,e
Statistik der Sterbefälle,Deutschland,Insgesamt,2017,Insgesamt,31.07.,2332,e
Statistik der Sterbefälle,Deutschland,Insgesamt,2017,Insgesamt,01.08.,2528,e
Statistik der Sterbefälle,Deutschland,Insgesamt,2017,Insgesamt,02.08.,2394,e
Statistik der Sterbefälle,Deutschland,Insgesamt,2017,Insgesamt,03.08.,2454,e
Statistik der Sterbefälle,Deutschland,Insgesamt,2017,Insgesamt,04.08.,2374,e
Statistik der Sterbefälle,Deutschland,Insgesamt,2017,Insgesamt,05.08.,2260,e
Statistik der Sterbefälle,Deutschland,Insgesamt,2017,Insgesamt,06.08.,2152,e
Statistik der Sterbefälle,Deutschland,Insgesamt,2017,Insgesamt,07.08.,2223,e
Statistik der Sterbefälle,Deutschland,Insgesamt,2017,Insgesamt,08.08.,2414,e
Statistik der Sterbefälle,Deutschland,Insgesamt,2017,Insgesamt,09.08.,2301,e
Statistik der Sterbefälle,Deutschland,Insgesamt,2017,Insgesamt,10.08.,2261,e
Statistik der Sterbefälle,Deutschland,Insgesamt,2017,Insgesamt,11.08.,2239,e
Statistik der Sterbefälle,Deutschland,Insgesamt,2017,Insgesamt,12.08.,2172,e
Statistik der Sterbefälle,Deutschland,Insgesamt,2017,Insgesamt,13.08.,2174,e
Statistik der Sterbefälle,Deutschland,Insgesamt,2017,Insgesamt,14.08.,2292,e
Statistik der Sterbefälle,Deutschland,Insgesamt,2017,Insgesamt,15.08.,2299,e
Statistik der Sterbefälle,Deutschland,Insgesamt,2017,Insgesamt,16.08.,2469,e
Statistik der Sterbefälle,Deutschland,Insgesamt,2017,Insgesamt,17.08.,2320,e
Statistik der Sterbefälle,Deutschland,Insgesamt,2017,Insgesamt,18.08.,2414,e
Statistik der Sterbefälle,Deutschland,Insgesamt,2017,Insgesamt,19.08.,2259,e
Statistik der Sterbefälle,Deutschland,Insgesamt,2017,Insgesamt,20.08.,2095,e
Statistik der Sterbefälle,Deutschland,Insgesamt,2017,Insgesamt,21.08.,2201,e
Statistik der Sterbefälle,Deutschland,Insgesamt,2017,Insgesamt,22.08.,2206,e
Statistik der Sterbefälle,Deutschland,Insgesamt,2017,Insgesamt,23.08.,2157,e
Statistik der Sterbefälle,Deutschland,Insgesamt,2017,Insgesamt,24.08.,2391,e
Statistik der Sterbefälle,Deutschland,Insgesamt,2017,Insgesamt,25.08.,2323,e
Statistik der Sterbefälle,Deutschland,Insgesamt,2017,Insgesamt,26.08.,2377,e
Statistik der Sterbefälle,Deutschland,Insgesamt,2017,Insgesamt,27.08.,2225,e
Statistik der Sterbefälle,Deutschland,Insgesamt,2017,Insgesamt,28.08.,2282,e
Statistik der Sterbefälle,Deutschland,Insgesamt,2017,Insgesamt,29.08.,2398,e
Statistik der Sterbefälle,Deutschland,Insgesamt,2017,Insgesamt,30.08.,2484,e
Statistik der Sterbefälle,Deutschland,Insgesamt,2017,Insgesamt,31.08.,2350,e
Statistik der Sterbefälle,Deutschland,Insgesamt,2017,Insgesamt,01.09.,2205,e
Statistik der Sterbefälle,Deutschland,Insgesamt,2017,Insgesamt,02.09.,2239,e
Statistik der Sterbefälle,Deutschland,Insgesamt,2017,Insgesamt,03.09.,2106,e
Statistik der Sterbefälle,Deutschland,Insgesamt,2017,Insgesamt,04.09.,2180,e
Statistik der Sterbefälle,Deutschland,Insgesamt,2017,Insgesamt,05.09.,2231,e
Statistik der Sterbefälle,Deutschland,Insgesamt,2017,Insgesamt,06.09.,2335,e
Statistik der Sterbefälle,Deutschland,Insgesamt,2017,Insgesamt,07.09.,2233,e
Statistik der Sterbefälle,Deutschland,Insgesamt,2017,Insgesamt,08.09.,2222,e
Statistik der Sterbefälle,Deutschland,Insgesamt,2017,Insgesamt,09.09.,2314,e
Statistik der Sterbefälle,Deutschland,Insgesamt,2017,Insgesamt,10.09.,2191,e
Statistik der Sterbefälle,Deutschland,Insgesamt,2017,Insgesamt,11.09.,2341,e
Statistik der Sterbefälle,Deutschland,Insgesamt,2017,Insgesamt,12.09.,2294,e
Statistik der Sterbefälle,Deutschland,Insgesamt,2017,Insgesamt,13.09.,2334,e
Statistik der Sterbefälle,Deutschland,Insgesamt,2017,Insgesamt,14.09.,2304,e
Statistik der Sterbefälle,Deutschland,Insgesamt,2017,Insgesamt,15.09.,2284,e
Statistik der Sterbefälle,Deutschland,Insgesamt,2017,Insgesamt,16.09.,2330,e
Statistik der Sterbefälle,Deutschland,Insgesamt,2017,Insgesamt,17.09.,2259,e
Statistik der Sterbefälle,Deutschland,Insgesamt,2017,Insgesamt,18.09.,2271,e
Statistik der Sterbefälle,Deutschland,Insgesamt,2017,Insgesamt,19.09.,2382,e
Statistik der Sterbefälle,Deutschland,Insgesamt,2017,Insgesamt,20.09.,2280,e
Statistik der Sterbefälle,Deutschland,Insgesamt,2017,Insgesamt,21.09.,2420,e
Statistik der Sterbefälle,Deutschland,Insgesamt,2017,Insgesamt,22.09.,2434,e
Statistik der Sterbefälle,Deutschland,Insgesamt,2017,Insgesamt,23.09.,2392,e
Statistik der Sterbefälle,Deutschland,Insgesamt,2017,Insgesamt,24.09.,2326,e
Statistik der Sterbefälle,Deutschland,Insgesamt,2017,Insgesamt,25.09.,2379,e
Statistik der Sterbefälle,Deutschland,Insgesamt,2017,Insgesamt,26.09.,2370,e
Statistik der Sterbefälle,Deutschland,Insgesamt,2017,Insgesamt,27.09.,2428,e
Statistik der Sterbefälle,Deutschland,Insgesamt,2017,Insgesamt,28.09.,2390,e
Statistik der Sterbefälle,Deutschland,Insgesamt,2017,Insgesamt,29.09.,2490,e
Statistik der Sterbefälle,Deutschland,Insgesamt,2017,Insgesamt,30.09.,2427,e
Statistik der Sterbefälle,Deutschland,Insgesamt,2017,Insgesamt,01.10.,2263,e
Statistik der Sterbefälle,Deutschland,Insgesamt,2017,Insgesamt,02.10.,2441,e
Statistik der Sterbefälle,Deutschland,Insgesamt,2017,Insgesamt,03.10.,2342,e
Statistik der Sterbefälle,Deutschland,Insgesamt,2017,Insgesamt,04.10.,2255,e
Statistik der Sterbefälle,Deutschland,Insgesamt,2017,Insgesamt,05.10.,2470,e
Statistik der Sterbefälle,Deutschland,Insgesamt,2017,Insgesamt,06.10.,2426,e
Statistik der Sterbefälle,Deutschland,Insgesamt,2017,Insgesamt,07.10.,2404,e
Statistik der Sterbefälle,Deutschland,Insgesamt,2017,Insgesamt,08.10.,2326,e
Statistik der Sterbefälle,Deutschland,Insgesamt,2017,Insgesamt,09.10.,2424,e
Statistik der Sterbefälle,Deutschland,Insgesamt,2017,Insgesamt,10.10.,2575,e
Statistik der Sterbefälle,Deutschland,Insgesamt,2017,Insgesamt,11.10.,2465,e
Statistik der Sterbefälle,Deutschland,Insgesamt,2017,Insgesamt,12.10.,2516,e
Statistik der Sterbefälle,Deutschland,Insgesamt,2017,Insgesamt,13.10.,2599,e
Statistik der Sterbefälle,Deutschland,Insgesamt,2017,Insgesamt,14.10.,2494,e
Statistik der Sterbefälle,Deutschland,Insgesamt,2017,Insgesamt,15.10.,2397,e
Statistik der Sterbefälle,Deutschland,Insgesamt,2017,Insgesamt,16.10.,2469,e
Statistik der Sterbefälle,Deutschland,Insgesamt,2017,Insgesamt,17.10.,2446,e
Statistik der Sterbefälle,Deutschland,Insgesamt,2017,Insgesamt,18.10.,2450,e
Statistik der Sterbefälle,Deutschland,Insgesamt,2017,Insgesamt,19.10.,2494,e
Statistik der Sterbefälle,Deutschland,Insgesamt,2017,Insgesamt,20.10.,2523,e
Statistik der Sterbefälle,Deutschland,Insgesamt,2017,Insgesamt,21.10.,2439,e
Statistik der Sterbefälle,Deutschland,Insgesamt,2017,Insgesamt,22.10.,2318,e
Statistik der Sterbefälle,Deutschland,Insgesamt,2017,Insgesamt,23.10.,2345,e
Statistik der Sterbefälle,Deutschland,Insgesamt,2017,Insgesamt,24.10.,2480,e
Statistik der Sterbefälle,Deutschland,Insgesamt,2017,Insgesamt,25.10.,2489,e
Statistik der Sterbefälle,Deutschland,Insgesamt,2017,Insgesamt,26.10.,2471,e
Statistik der Sterbefälle,Deutschland,Insgesamt,2017,Insgesamt,27.10.,2434,e
Statistik der Sterbefälle,Deutschland,Insgesamt,2017,Insgesamt,28.10.,2417,e
Statistik der Sterbefälle,Deutschland,Insgesamt,2017,Insgesamt,29.10.,2423,e
Statistik der Sterbefälle,Deutschland,Insgesamt,2017,Insgesamt,30.10.,2315,e
Statistik der Sterbefälle,Deutschland,Insgesamt,2017,Insgesamt,31.10.,2319,e
Statistik der Sterbefälle,Deutschland,Insgesamt,2017,Insgesamt,01.11.,2350,e
Statistik der Sterbefälle,Deutschland,Insgesamt,2017,Insgesamt,02.11.,2388,e
Statistik der Sterbefälle,Deutschland,Insgesamt,2017,Insgesamt,03.11.,2533,e
Statistik der Sterbefälle,Deutschland,Insgesamt,2017,Insgesamt,04.11.,2467,e
Statistik der Sterbefälle,Deutschland,Insgesamt,2017,Insgesamt,05.11.,2390,e
Statistik der Sterbefälle,Deutschland,Insgesamt,2017,Insgesamt,06.11.,2434,e
Statistik der Sterbefälle,Deutschland,Insgesamt,2017,Insgesamt,07.11.,2461,e
Statistik der Sterbefälle,Deutschland,Insgesamt,2017,Insgesamt,08.11.,2425,e
Statistik der Sterbefälle,Deutschland,Insgesamt,2017,Insgesamt,09.11.,2479,e
Statistik der Sterbefälle,Deutschland,Insgesamt,2017,Insgesamt,10.11.,2567,e
Statistik der Sterbefälle,Deutschland,Insgesamt,2017,Insgesamt,11.11.,2525,e
Statistik der Sterbefälle,Deutschland,Insgesamt,2017,Insgesamt,12.11.,2480,e
Statistik der Sterbefälle,Deutschland,Insgesamt,2017,Insgesamt,13.11.,2488,e
Statistik der Sterbefälle,Deutschland,Insgesamt,2017,Insgesamt,14.11.,2578,e
Statistik der Sterbefälle,Deutschland,Insgesamt,2017,Insgesamt,15.11.,2561,e
Statistik der Sterbefälle,Deutschland,Insgesamt,2017,Insgesamt,16.11.,2528,e
Statistik der Sterbefälle,Deutschland,Insgesamt,2017,Insgesamt,17.11.,2496,e
Statistik der Sterbefälle,Deutschland,Insgesamt,2017,Insgesamt,18.11.,2493,e
Statistik der Sterbefälle,Deutschland,Insgesamt,2017,Insgesamt,19.11.,2450,e
Statistik der Sterbefälle,Deutschland,Insgesamt,2017,Insgesamt,20.11.,2501,e
Statistik der Sterbefälle,Deutschland,Insgesamt,2017,Insgesamt,21.11.,2543,e
Statistik der Sterbefälle,Deutschland,Insgesamt,2017,Insgesamt,22.11.,2708,e
Statistik der Sterbefälle,Deutschland,Insgesamt,2017,Insgesamt,23.11.,2635,e
Statistik der Sterbefälle,Deutschland,Insgesamt,2017,Insgesamt,24.11.,2533,e
Statistik der Sterbefälle,Deutschland,Insgesamt,2017,Insgesamt,25.11.,2454,e
Statistik der Sterbefälle,Deutschland,Insgesamt,2017,Insgesamt,26.11.,2302,e
Statistik der Sterbefälle,Deutschland,Insgesamt,2017,Insgesamt,27.11.,2456,e
Statistik der Sterbefälle,Deutschland,Insgesamt,2017,Insgesamt,28.11.,2633,e
Statistik der Sterbefälle,Deutschland,Insgesamt,2017,Insgesamt,29.11.,2550,e
Statistik der Sterbefälle,Deutschland,Insgesamt,2017,Insgesamt,30.11.,2579,e
Statistik der Sterbefälle,Deutschland,Insgesamt,2017,Insgesamt,01.12.,2589,e
Statistik der Sterbefälle,Deutschland,Insgesamt,2017,Insgesamt,02.12.,2525,e
Statistik der Sterbefälle,Deutschland,Insgesamt,2017,Insgesamt,03.12.,2545,e
Statistik der Sterbefälle,Deutschland,Insgesamt,2017,Insgesamt,04.12.,2613,e
Statistik der Sterbefälle,Deutschland,Insgesamt,2017,Insgesamt,05.12.,2557,e
Statistik der Sterbefälle,Deutschland,Insgesamt,2017,Insgesamt,06.12.,2601,e
Statistik der Sterbefälle,Deutschland,Insgesamt,2017,Insgesamt,07.12.,2677,e
Statistik der Sterbefälle,Deutschland,Insgesamt,2017,Insgesamt,08.12.,2614,e
Statistik der Sterbefälle,Deutschland,Insgesamt,2017,Insgesamt,09.12.,2647,e
Statistik der Sterbefälle,Deutschland,Insgesamt,2017,Insgesamt,10.12.,2586,e
Statistik der Sterbefälle,Deutschland,Insgesamt,2017,Insgesamt,11.12.,2724,e
Statistik der Sterbefälle,Deutschland,Insgesamt,2017,Insgesamt,12.12.,2692,e
Statistik der Sterbefälle,Deutschland,Insgesamt,2017,Insgesamt,13.12.,2659,e
Statistik der Sterbefälle,Deutschland,Insgesamt,2017,Insgesamt,14.12.,2705,e
Statistik der Sterbefälle,Deutschland,Insgesamt,2017,Insgesamt,15.12.,2677,e
Statistik der Sterbefälle,Deutschland,Insgesamt,2017,Insgesamt,16.12.,2640,e
Statistik der Sterbefälle,Deutschland,Insgesamt,2017,Insgesamt,17.12.,2407,e
Statistik der Sterbefälle,Deutschland,Insgesamt,2017,Insgesamt,18.12.,2609,e
Statistik der Sterbefälle,Deutschland,Insgesamt,2017,Insgesamt,19.12.,2635,e
Statistik der Sterbefälle,Deutschland,Insgesamt,2017,Insgesamt,20.12.,2626,e
Statistik der Sterbefälle,Deutschland,Insgesamt,2017,Insgesamt,21.12.,2705,e
Statistik der Sterbefälle,Deutschland,Insgesamt,2017,Insgesamt,22.12.,2771,e
Statistik der Sterbefälle,Deutschland,Insgesamt,2017,Insgesamt,23.12.,2584,e
Statistik der Sterbefälle,Deutschland,Insgesamt,2017,Insgesamt,24.12.,2570,e
Statistik der Sterbefälle,Deutschland,Insgesamt,2017,Insgesamt,25.12.,2531,e
Statistik der Sterbefälle,Deutschland,Insgesamt,2017,Insgesamt,26.12.,2611,e
Statistik der Sterbefälle,Deutschland,Insgesamt,2017,Insgesamt,27.12.,2821,e
Statistik der Sterbefälle,Deutschland,Insgesamt,2017,Insgesamt,28.12.,2649,e
Statistik der Sterbefälle,Deutschland,Insgesamt,2017,Insgesamt,29.12.,2570,e
Statistik der Sterbefälle,Deutschland,Insgesamt,2017,Insgesamt,30.12.,2712,e
Statistik der Sterbefälle,Deutschland,Insgesamt,2017,Insgesamt,31.12.,2758,e
Statistik der Sterbefälle,Deutschland,Insgesamt,2018,Insgesamt,Insgesamt,954874,e
Statistik der Sterbefälle,Deutschland,Insgesamt,2018,Insgesamt,01.01.,2665,e
Statistik der Sterbefälle,Deutschland,Insgesamt,2018,Insgesamt,02.01.,2760,e
Statistik der Sterbefälle,Deutschland,Insgesamt,2018,Insgesamt,03.01.,2870,e
Statistik der Sterbefälle,Deutschland,Insgesamt,2018,Insgesamt,04.01.,2865,e
Statistik der Sterbefälle,Deutschland,Insgesamt,2018,Insgesamt,05.01.,2875,e
Statistik der Sterbefälle,Deutschland,Insgesamt,2018,Insgesamt,06.01.,2763,e
Statistik der Sterbefälle,Deutschland,Insgesamt,2018,Insgesamt,07.01.,2544,e
Statistik der Sterbefälle,Deutschland,Insgesamt,2018,Insgesamt,08.01.,2659,e
Statistik der Sterbefälle,Deutschland,Insgesamt,2018,Insgesamt,09.01.,2589,e
Statistik der Sterbefälle,Deutschland,Insgesamt,2018,Insgesamt,10.01.,2805,e
Statistik der Sterbefälle,Deutschland,Insgesamt,2018,Insgesamt,11.01.,2705,e
Statistik der Sterbefälle,Deutschland,Insgesamt,2018,Insgesamt,12.01.,2731,e
Statistik der Sterbefälle,Deutschland,Insgesamt,2018,Insgesamt,13.01.,2679,e
Statistik der Sterbefälle,Deutschland,Insgesamt,2018,Insgesamt,14.01.,2602,e
Statistik der Sterbefälle,Deutschland,Insgesamt,2018,Insgesamt,15.01.,2754,e
Statistik der Sterbefälle,Deutschland,Insgesamt,2018,Insgesamt,16.01.,2849,e
Statistik der Sterbefälle,Deutschland,Insgesamt,2018,Insgesamt,17.01.,2731,e
Statistik der Sterbefälle,Deutschland,Insgesamt,2018,Insgesamt,18.01.,2831,e
Statistik der Sterbefälle,Deutschland,Insgesamt,2018,Insgesamt,19.01.,2803,e
Statistik der Sterbefälle,Deutschland,Insgesamt,2018,Insgesamt,20.01.,2645,e
Statistik der Sterbefälle,Deutschland,Insgesamt,2018,Insgesamt,21.01.,2574,e
Statistik der Sterbefälle,Deutschland,Insgesamt,2018,Insgesamt,22.01.,2763,e
Statistik der Sterbefälle,Deutschland,Insgesamt,2018,Insgesamt,23.01.,2761,e
Statistik der Sterbefälle,Deutschland,Insgesamt,2018,Insgesamt,24.01.,2816,e
Statistik der Sterbefälle,Deutschland,Insgesamt,2018,Insgesamt,25.01.,2796,e
Statistik der Sterbefälle,Deutschland,Insgesamt,2018,Insgesamt,26.01.,2804,e
Statistik der Sterbefälle,Deutschland,Insgesamt,2018,Insgesamt,27.01.,2640,e
Statistik der Sterbefälle,Deutschland,Insgesamt,2018,Insgesamt,28.01.,2591,e
Statistik der Sterbefälle,Deutschland,Insgesamt,2018,Insgesamt,29.01.,2897,e
Statistik der Sterbefälle,Deutschland,Insgesamt,2018,Insgesamt,30.01.,2728,e
Statistik der Sterbefälle,Deutschland,Insgesamt,2018,Insgesamt,31.01.,2878,e
Statistik der Sterbefälle,Deutschland,Insgesamt,2018,Insgesamt,01.02.,2826,e
Statistik der Sterbefälle,Deutschland,Insgesamt,2018,Insgesamt,02.02.,2811,e
Statistik der Sterbefälle,Deutschland,Insgesamt,2018,Insgesamt,03.02.,2764,e
Statistik der Sterbefälle,Deutschland,Insgesamt,2018,Insgesamt,04.02.,2654,e
Statistik der Sterbefälle,Deutschland,Insgesamt,2018,Insgesamt,05.02.,2835,e
Statistik der Sterbefälle,Deutschland,Insgesamt,2018,Insgesamt,06.02.,2784,e
Statistik der Sterbefälle,Deutschland,Insgesamt,2018,Insgesamt,07.02.,2983,e
Statistik der Sterbefälle,Deutschland,Insgesamt,2018,Insgesamt,08.02.,2887,e
Statistik der Sterbefälle,Deutschland,Insgesamt,2018,Insgesamt,09.02.,2871,e
Statistik der Sterbefälle,Deutschland,Insgesamt,2018,Insgesamt,10.02.,2872,e
Statistik der Sterbefälle,Deutschland,Insgesamt,2018,Insgesamt,11.02.,2854,e
Statistik der Sterbefälle,Deutschland,Insgesamt,2018,Insgesamt,12.02.,3012,e
Statistik der Sterbefälle,Deutschland,Insgesamt,2018,Insgesamt,13.02.,3041,e
Statistik der Sterbefälle,Deutschland,Insgesamt,2018,Insgesamt,14.02.,2965,e
Statistik der Sterbefälle,Deutschland,Insgesamt,2018,Insgesamt,15.02.,3031,e
Statistik der Sterbefälle,Deutschland,Insgesamt,2018,Insgesamt,16.02.,3105,e
Statistik der Sterbefälle,Deutschland,Insgesamt,2018,Insgesamt,17.02.,3000,e
Statistik der Sterbefälle,Deutschland,Insgesamt,2018,Insgesamt,18.02.,3100,e
Statistik der Sterbefälle,Deutschland,Insgesamt,2018,Insgesamt,19.02.,3201,e
Statistik der Sterbefälle,Deutschland,Insgesamt,2018,Insgesamt,20.02.,3237,e
Statistik der Sterbefälle,Deutschland,Insgesamt,2018,Insgesamt,21.02.,3284,e
Statistik der Sterbefälle,Deutschland,Insgesamt,2018,Insgesamt,22.02.,3291,e
Statistik der Sterbefälle,Deutschland,Insgesamt,2018,Insgesamt,23.02.,3378,e
Statistik der Sterbefälle,Deutschland,Insgesamt,2018,Insgesamt,24.02.,3269,e
Statistik der Sterbefälle,Deutschland,Insgesamt,2018,Insgesamt,25.02.,3228,e
Statistik der Sterbefälle,Deutschland,Insgesamt,2018,Insgesamt,26.02.,3457,e
Statistik der Sterbefälle,Deutschland,Insgesamt,2018,Insgesamt,27.02.,3469,e
Statistik der Sterbefälle,Deutschland,Insgesamt,2018,Insgesamt,28.02.,3590,e
Statistik der Sterbefälle,Deutschland,Insgesamt,2018,Insgesamt,29.02.,X,e
Statistik der Sterbefälle,Deutschland,Insgesamt,2018,Insgesamt,01.03.,3713,e
Statistik der Sterbefälle,Deutschland,Insgesamt,2018,Insgesamt,02.03.,3703,e
Statistik der Sterbefälle,Deutschland,Insgesamt,2018,Insgesamt,03.03.,3863,e
Statistik der Sterbefälle,Deutschland,Insgesamt,2018,Insgesamt,04.03.,3740,e
Statistik der Sterbefälle,Deutschland,Insgesamt,2018,Insgesamt,05.03.,3932,e
Statistik der Sterbefälle,Deutschland,Insgesamt,2018,Insgesamt,06.03.,3881,e
Statistik der Sterbefälle,Deutschland,Insgesamt,2018,Insgesamt,07.03.,3881,e
Statistik der Sterbefälle,Deutschland,Insgesamt,2018,Insgesamt,08.03.,3722,e
Statistik der Sterbefälle,Deutschland,Insgesamt,2018,Insgesamt,09.03.,3876,e
Statistik der Sterbefälle,Deutschland,Insgesamt,2018,Insgesamt,10.03.,3749,e
Statistik der Sterbefälle,Deutschland,Insgesamt,2018,Insgesamt,11.03.,3736,e
Statistik der Sterbefälle,Deutschland,Insgesamt,2018,Insgesamt,12.03.,3741,e
Statistik der Sterbefälle,Deutschland,Insgesamt,2018,Insgesamt,13.03.,3585,e
Statistik der Sterbefälle,Deutschland,Insgesamt,2018,Insgesamt,14.03.,3522,e
Statistik der Sterbefälle,Deutschland,Insgesamt,2018,Insgesamt,15.03.,3494,e
Statistik der Sterbefälle,Deutschland,Insgesamt,2018,Insgesamt,16.03.,3524,e
Statistik der Sterbefälle,Deutschland,Insgesamt,2018,Insgesamt,17.03.,3295,e
Statistik der Sterbefälle,Deutschland,Insgesamt,2018,Insgesamt,18.03.,3224,e
Statistik der Sterbefälle,Deutschland,Insgesamt,2018,Insgesamt,19.03.,3305,e
Statistik der Sterbefälle,Deutschland,Insgesamt,2018,Insgesamt,20.03.,3309,e
Statistik der Sterbefälle,Deutschland,Insgesamt,2018,Insgesamt,21.03.,3320,e
Statistik der Sterbefälle,Deutschland,Insgesamt,2018,Insgesamt,22.03.,3269,e
Statistik der Sterbefälle,Deutschland,Insgesamt,2018,Insgesamt,23.03.,3388,e
Statistik der Sterbefälle,Deutschland,Insgesamt,2018,Insgesamt,24.03.,3249,e
Statistik der Sterbefälle,Deutschland,Insgesamt,2018,Insgesamt,25.03.,2937,e
Statistik der Sterbefälle,Deutschland,Insgesamt,2018,Insgesamt,26.03.,3086,e
Statistik der Sterbefälle,Deutschland,Insgesamt,2018,Insgesamt,27.03.,3059,e
Statistik der Sterbefälle,Deutschland,Insgesamt,2018,Insgesamt,28.03.,3192,e
Statistik der Sterbefälle,Deutschland,Insgesamt,2018,Insgesamt,29.03.,2990,e
Statistik der Sterbefälle,Deutschland,Insgesamt,2018,Insgesamt,30.03.,2902,e
Statistik der Sterbefälle,Deutschland,Insgesamt,2018,Insgesamt,31.03.,2917,e
Statistik der Sterbefälle,Deutschland,Insgesamt,2018,Insgesamt,01.04.,2760,e
Statistik der Sterbefälle,Deutschland,Insgesamt,2018,Insgesamt,02.04.,2759,e
Statistik der Sterbefälle,Deutschland,Insgesamt,2018,Insgesamt,03.04.,3002,e
Statistik der Sterbefälle,Deutschland,Insgesamt,2018,Insgesamt,04.04.,2997,e
Statistik der Sterbefälle,Deutschland,Insgesamt,2018,Insgesamt,05.04.,2909,e
Statistik der Sterbefälle,Deutschland,Insgesamt,2018,Insgesamt,06.04.,2784,e
Statistik der Sterbefälle,Deutschland,Insgesamt,2018,Insgesamt,07.04.,2787,e
Statistik der Sterbefälle,Deutschland,Insgesamt,2018,Insgesamt,08.04.,2800,e
Statistik der Sterbefälle,Deutschland,Insgesamt,2018,Insgesamt,09.04.,2810,e
Statistik der Sterbefälle,Deutschland,Insgesamt,2018,Insgesamt,10.04.,2918,e
Statistik der Sterbefälle,Deutschland,Insgesamt,2018,Insgesamt,11.04.,2780,e
Statistik der Sterbefälle,Deutschland,Insgesamt,2018,Insgesamt,12.04.,2799,e
Statistik der Sterbefälle,Deutschland,Insgesamt,2018,Insgesamt,13.04.,2736,e
Statistik der Sterbefälle,Deutschland,Insgesamt,2018,Insgesamt,14.04.,2578,e
Statistik der Sterbefälle,Deutschland,Insgesamt,2018,Insgesamt,15.04.,2544,e
Statistik der Sterbefälle,Deutschland,Insgesamt,2018,Insgesamt,16.04.,2600,e
Statistik der Sterbefälle,Deutschland,Insgesamt,2018,Insgesamt,17.04.,2624,e
Statistik der Sterbefälle,Deutschland,Insgesamt,2018,Insgesamt,18.04.,2542,e
Statistik der Sterbefälle,Deutschland,Insgesamt,2018,Insgesamt,19.04.,2547,e
Statistik der Sterbefälle,Deutschland,Insgesamt,2018,Insgesamt,20.04.,2696,e
Statistik der Sterbefälle,Deutschland,Insgesamt,2018,Insgesamt,21.04.,2479,e
Statistik der Sterbefälle,Deutschland,Insgesamt,2018,Insgesamt,22.04.,2504,e
Statistik der Sterbefälle,Deutschland,Insgesamt,2018,Insgesamt,23.04.,2512,e
Statistik der Sterbefälle,Deutschland,Insgesamt,2018,Insgesamt,24.04.,2510,e
Statistik der Sterbefälle,Deutschland,Insgesamt,2018,Insgesamt,25.04.,2508,e
Statistik der Sterbefälle,Deutschland,Insgesamt,2018,Insgesamt,26.04.,2369,e
Statistik der Sterbefälle,Deutschland,Insgesamt,2018,Insgesamt,27.04.,2380,e
Statistik der Sterbefälle,Deutschland,Insgesamt,2018,Insgesamt,28.04.,2486,e
Statistik der Sterbefälle,Deutschland,Insgesamt,2018,Insgesamt,29.04.,2328,e
Statistik der Sterbefälle,Deutschland,Insgesamt,2018,Insgesamt,30.04.,2491,e
Statistik der Sterbefälle,Deutschland,Insgesamt,2018,Insgesamt,01.05.,2459,e
Statistik der Sterbefälle,Deutschland,Insgesamt,2018,Insgesamt,02.05.,2399,e
Statistik der Sterbefälle,Deutschland,Insgesamt,2018,Insgesamt,03.05.,2392,e
Statistik der Sterbefälle,Deutschland,Insgesamt,2018,Insgesamt,04.05.,2397,e
Statistik der Sterbefälle,Deutschland,Insgesamt,2018,Insgesamt,05.05.,2454,e
Statistik der Sterbefälle,Deutschland,Insgesamt,2018,Insgesamt,06.05.,2197,e
Statistik der Sterbefälle,Deutschland,Insgesamt,2018,Insgesamt,07.05.,2422,e
Statistik der Sterbefälle,Deutschland,Insgesamt,2018,Insgesamt,08.05.,2574,e
Statistik der Sterbefälle,Deutschland,Insgesamt,2018,Insgesamt,09.05.,2646,e
Statistik der Sterbefälle,Deutschland,Insgesamt,2018,Insgesamt,10.05.,2466,e
Statistik der Sterbefälle,Deutschland,Insgesamt,2018,Insgesamt,11.05.,2387,e
Statistik der Sterbefälle,Deutschland,Insgesamt,2018,Insgesamt,12.05.,2406,e
Statistik der Sterbefälle,Deutschland,Insgesamt,2018,Insgesamt,13.05.,2325,e
Statistik der Sterbefälle,Deutschland,Insgesamt,2018,Insgesamt,14.05.,2483,e
Statistik der Sterbefälle,Deutschland,Insgesamt,2018,Insgesamt,15.05.,2483,e
Statistik der Sterbefälle,Deutschland,Insgesamt,2018,Insgesamt,16.05.,2345,e
Statistik der Sterbefälle,Deutschland,Insgesamt,2018,Insgesamt,17.05.,2362,e
Statistik der Sterbefälle,Deutschland,Insgesamt,2018,Insgesamt,18.05.,2272,e
Statistik der Sterbefälle,Deutschland,Insgesamt,2018,Insgesamt,19.05.,2363,e
Statistik der Sterbefälle,Deutschland,Insgesamt,2018,Insgesamt,20.05.,2180,e
Statistik der Sterbefälle,Deutschland,Insgesamt,2018,Insgesamt,21.05.,2184,e
Statistik der Sterbefälle,Deutschland,Insgesamt,2018,Insgesamt,22.05.,2370,e
Statistik der Sterbefälle,Deutschland,Insgesamt,2018,Insgesamt,23.05.,2462,e
Statistik der Sterbefälle,Deutschland,Insgesamt,2018,Insgesamt,24.05.,2346,e
Statistik der Sterbefälle,Deutschland,Insgesamt,2018,Insgesamt,25.05.,2478,e
Statistik der Sterbefälle,Deutschland,Insgesamt,2018,Insgesamt,26.05.,2361,e
Statistik der Sterbefälle,Deutschland,Insgesamt,2018,Insgesamt,27.05.,2312,e
Statistik der Sterbefälle,Deutschland,Insgesamt,2018,Insgesamt,28.05.,2577,e
Statistik der Sterbefälle,Deutschland,Insgesamt,2018,Insgesamt,29.05.,2600,e
Statistik der Sterbefälle,Deutschland,Insgesamt,2018,Insgesamt,30.05.,2547,e
Statistik der Sterbefälle,Deutschland,Insgesamt,2018,Insgesamt,31.05.,2399,e
Statistik der Sterbefälle,Deutschland,Insgesamt,2018,Insgesamt,01.06.,2452,e
Statistik der Sterbefälle,Deutschland,Insgesamt,2018,Insgesamt,02.06.,2296,e
Statistik der Sterbefälle,Deutschland,Insgesamt,2018,Insgesamt,03.06.,2168,e
Statistik der Sterbefälle,Deutschland,Insgesamt,2018,Insgesamt,04.06.,2356,e
Statistik der Sterbefälle,Deutschland,Insgesamt,2018,Insgesamt,05.06.,2431,e
Statistik der Sterbefälle,Deutschland,Insgesamt,2018,Insgesamt,06.06.,2358,e
Statistik der Sterbefälle,Deutschland,Insgesamt,2018,Insgesamt,07.06.,2401,e
Statistik der Sterbefälle,Deutschland,Insgesamt,2018,Insgesamt,08.06.,2481,e
Statistik der Sterbefälle,Deutschland,Insgesamt,2018,Insgesamt,09.06.,2373,e
Statistik der Sterbefälle,Deutschland,Insgesamt,2018,Insgesamt,10.06.,2314,e
Statistik der Sterbefälle,Deutschland,Insgesamt,2018,Insgesamt,11.06.,2317,e
Statistik der Sterbefälle,Deutschland,Insgesamt,2018,Insgesamt,12.06.,2196,e
Statistik der Sterbefälle,Deutschland,Insgesamt,2018,Insgesamt,13.06.,2178,e
Statistik der Sterbefälle,Deutschland,Insgesamt,2018,Insgesamt,14.06.,2212,e
Statistik der Sterbefälle,Deutschland,Insgesamt,2018,Insgesamt,15.06.,2265,e
Statistik der Sterbefälle,Deutschland,Insgesamt,2018,Insgesamt,16.06.,2307,e
Statistik der Sterbefälle,Deutschland,Insgesamt,2018,Insgesamt,17.06.,2107,e
Statistik der Sterbefälle,Deutschland,Insgesamt,2018,Insgesamt,18.06.,2273,e
Statistik der Sterbefälle,Deutschland,Insgesamt,2018,Insgesamt,19.06.,2333,e
Statistik der Sterbefälle,Deutschland,Insgesamt,2018,Insgesamt,20.06.,2348,e
Statistik der Sterbefälle,Deutschland,Insgesamt,2018,Insgesamt,21.06.,2410,e
Statistik der Sterbefälle,Deutschland,Insgesamt,2018,Insgesamt,22.06.,2191,e
Statistik der Sterbefälle,Deutschland,Insgesamt,2018,Insgesamt,23.06.,2118,e
Statistik der Sterbefälle,Deutschland,Insgesamt,2018,Insgesamt,24.06.,2170,e
Statistik der Sterbefälle,Deutschland,Insgesamt,2018,Insgesamt,25.06.,2319,e
Statistik der Sterbefälle,Deutschland,Insgesamt,2018,Insgesamt,26.06.,2356,e
Statistik der Sterbefälle,Deutschland,Insgesamt,2018,Insgesamt,27.06.,2277,e
Statistik der Sterbefälle,Deutschland,Insgesamt,2018,Insgesamt,28.06.,2442,e
Statistik der Sterbefälle,Deutschland,Insgesamt,2018,Insgesamt,29.06.,2480,e
Statistik der Sterbefälle,Deutschland,Insgesamt,2018,Insgesamt,30.06.,2399,e
Statistik der Sterbefälle,Deutschland,Insgesamt,2018,Insgesamt,01.07.,2296,e
Statistik der Sterbefälle,Deutschland,Insgesamt,2018,Insgesamt,02.07.,2229,e
Statistik der Sterbefälle,Deutschland,Insgesamt,2018,Insgesamt,03.07.,2437,e
Statistik der Sterbefälle,Deutschland,Insgesamt,2018,Insgesamt,04.07.,2423,e
Statistik der Sterbefälle,Deutschland,Insgesamt,2018,Insgesamt,05.07.,2575,e
Statistik der Sterbefälle,Deutschland,Insgesamt,2018,Insgesamt,06.07.,2428,e
Statistik der Sterbefälle,Deutschland,Insgesamt,2018,Insgesamt,07.07.,2259,e
Statistik der Sterbefälle,Deutschland,Insgesamt,2018,Insgesamt,08.07.,2271,e
Statistik der Sterbefälle,Deutschland,Insgesamt,2018,Insgesamt,09.07.,2381,e
Statistik der Sterbefälle,Deutschland,Insgesamt,2018,Insgesamt,10.07.,2317,e
Statistik der Sterbefälle,Deutschland,Insgesamt,2018,Insgesamt,11.07.,2270,e
Statistik der Sterbefälle,Deutschland,Insgesamt,2018,Insgesamt,12.07.,2404,e
Statistik der Sterbefälle,Deutschland,Insgesamt,2018,Insgesamt,13.07.,2302,e
Statistik der Sterbefälle,Deutschland,Insgesamt,2018,Insgesamt,14.07.,2192,e
Statistik der Sterbefälle,Deutschland,Insgesamt,2018,Insgesamt,15.07.,2204,e
Statistik der Sterbefälle,Deutschland,Insgesamt,2018,Insgesamt,16.07.,2452,e
Statistik der Sterbefälle,Deutschland,Insgesamt,2018,Insgesamt,17.07.,2487,e
Statistik der Sterbefälle,Deutschland,Insgesamt,2018,Insgesamt,18.07.,2348,e
Statistik der Sterbefälle,Deutschland,Insgesamt,2018,Insgesamt,19.07.,2342,e
Statistik der Sterbefälle,Deutschland,Insgesamt,2018,Insgesamt,20.07.,2453,e
Statistik der Sterbefälle,Deutschland,Insgesamt,2018,Insgesamt,21.07.,2352,e
Statistik der Sterbefälle,Deutschland,Insgesamt,2018,Insgesamt,22.07.,2268,e
Statistik der Sterbefälle,Deutschland,Insgesamt,2018,Insgesamt,23.07.,2492,e
Statistik der Sterbefälle,Deutschland,Insgesamt,2018,Insgesamt,24.07.,2422,e
Statistik der Sterbefälle,Deutschland,Insgesamt,2018,Insgesamt,25.07.,2525,e
Statistik der Sterbefälle,Deutschland,Insgesamt,2018,Insgesamt,26.07.,2674,e
Statistik der Sterbefälle,Deutschland,Insgesamt,2018,Insgesamt,27.07.,2840,e
Statistik der Sterbefälle,Deutschland,Insgesamt,2018,Insgesamt,28.07.,2885,e
Statistik der Sterbefälle,Deutschland,Insgesamt,2018,Insgesamt,29.07.,2502,e
Statistik der Sterbefälle,Deutschland,Insgesamt,2018,Insgesamt,30.07.,2731,e
Statistik der Sterbefälle,Deutschland,Insgesamt,2018,Insgesamt,31.07.,2844,e
Statistik der Sterbefälle,Deutschland,Insgesamt,2018,Insgesamt,01.08.,3005,e
Statistik der Sterbefälle,Deutschland,Insgesamt,2018,Insgesamt,02.08.,2876,e
Statistik der Sterbefälle,Deutschland,Insgesamt,2018,Insgesamt,03.08.,3053,e
Statistik der Sterbefälle,Deutschland,Insgesamt,2018,Insgesamt,04.08.,3091,e
Statistik der Sterbefälle,Deutschland,Insgesamt,2018,Insgesamt,05.08.,2771,e
Statistik der Sterbefälle,Deutschland,Insgesamt,2018,Insgesamt,06.08.,2596,e
Statistik der Sterbefälle,Deutschland,Insgesamt,2018,Insgesamt,07.08.,2878,e
Statistik der Sterbefälle,Deutschland,Insgesamt,2018,Insgesamt,08.08.,2964,e
Statistik der Sterbefälle,Deutschland,Insgesamt,2018,Insgesamt,09.08.,2896,e
Statistik der Sterbefälle,Deutschland,Insgesamt,2018,Insgesamt,10.08.,2589,e
Statistik der Sterbefälle,Deutschland,Insgesamt,2018,Insgesamt,11.08.,2321,e
Statistik der Sterbefälle,Deutschland,Insgesamt,2018,Insgesamt,12.08.,2234,e
Statistik der Sterbefälle,Deutschland,Insgesamt,2018,Insgesamt,13.08.,2557,e
Statistik der Sterbefälle,Deutschland,Insgesamt,2018,Insgesamt,14.08.,2452,e
Statistik der Sterbefälle,Deutschland,Insgesamt,2018,Insgesamt,15.08.,2307,e
Statistik der Sterbefälle,Deutschland,Insgesamt,2018,Insgesamt,16.08.,2433,e
Statistik der Sterbefälle,Deutschland,Insgesamt,2018,Insgesamt,17.08.,2433,e
Statistik der Sterbefälle,Deutschland,Insgesamt,2018,Insgesamt,18.08.,2373,e
Statistik der Sterbefälle,Deutschland,Insgesamt,2018,Insgesamt,19.08.,2335,e
Statistik der Sterbefälle,Deutschland,Insgesamt,2018,Insgesamt,20.08.,2458,e
Statistik der Sterbefälle,Deutschland,Insgesamt,2018,Insgesamt,21.08.,2397,e
Statistik der Sterbefälle,Deutschland,Insgesamt,2018,Insgesamt,22.08.,2468,e
Statistik der Sterbefälle,Deutschland,Insgesamt,2018,Insgesamt,23.08.,2575,e
Statistik der Sterbefälle,Deutschland,Insgesamt,2018,Insgesamt,24.08.,2410,e
Statistik der Sterbefälle,Deutschland,Insgesamt,2018,Insgesamt,25.08.,2212,e
Statistik der Sterbefälle,Deutschland,Insgesamt,2018,Insgesamt,26.08.,2092,e
Statistik der Sterbefälle,Deutschland,Insgesamt,2018,Insgesamt,27.08.,2317,e
Statistik der Sterbefälle,Deutschland,Insgesamt,2018,Insgesamt,28.08.,2356,e
Statistik der Sterbefälle,Deutschland,Insgesamt,2018,Insgesamt,29.08.,2311,e
Statistik der Sterbefälle,Deutschland,Insgesamt,2018,Insgesamt,30.08.,2380,e
Statistik der Sterbefälle,Deutschland,Insgesamt,2018,Insgesamt,31.08.,2230,e
Statistik der Sterbefälle,Deutschland,Insgesamt,2018,Insgesamt,01.09.,2197,e
Statistik der Sterbefälle,Deutschland,Insgesamt,2018,Insgesamt,02.09.,2209,e
Statistik der Sterbefälle,Deutschland,Insgesamt,2018,Insgesamt,03.09.,2471,e
Statistik der Sterbefälle,Deutschland,Insgesamt,2018,Insgesamt,04.09.,2427,e
Statistik der Sterbefälle,Deutschland,Insgesamt,2018,Insgesamt,05.09.,2386,e
Statistik der Sterbefälle,Deutschland,Insgesamt,2018,Insgesamt,06.09.,2379,e
Statistik der Sterbefälle,Deutschland,Insgesamt,2018,Insgesamt,07.09.,2428,e
Statistik der Sterbefälle,Deutschland,Insgesamt,2018,Insgesamt,08.09.,2153,e
Statistik der Sterbefälle,Deutschland,Insgesamt,2018,Insgesamt,09.09.,2146,e
Statistik der Sterbefälle,Deutschland,Insgesamt,2018,Insgesamt,10.09.,2281,e
Statistik der Sterbefälle,Deutschland,Insgesamt,2018,Insgesamt,11.09.,2363,e
Statistik der Sterbefälle,Deutschland,Insgesamt,2018,Insgesamt,12.09.,2449,e
Statistik der Sterbefälle,Deutschland,Insgesamt,2018,Insgesamt,13.09.,2380,e
Statistik der Sterbefälle,Deutschland,Insgesamt,2018,Insgesamt,14.09.,2420,e
Statistik der Sterbefälle,Deutschland,Insgesamt,2018,Insgesamt,15.09.,2186,e
Statistik der Sterbefälle,Deutschland,Insgesamt,2018,Insgesamt,16.09.,2213,e
Statistik der Sterbefälle,Deutschland,Insgesamt,2018,Insgesamt,17.09.,2351,e
Statistik der Sterbefälle,Deutschland,Insgesamt,2018,Insgesamt,18.09.,2476,e
Statistik der Sterbefälle,Deutschland,Insgesamt,2018,Insgesamt,19.09.,2439,e
Statistik der Sterbefälle,Deutschland,Insgesamt,2018,Insgesamt,20.09.,2553,e
Statistik der Sterbefälle,Deutschland,Insgesamt,2018,Insgesamt,21.09.,2390,e
Statistik der Sterbefälle,Deutschland,Insgesamt,2018,Insgesamt,22.09.,2153,e
Statistik der Sterbefälle,Deutschland,Insgesamt,2018,Insgesamt,23.09.,2289,e
Statistik der Sterbefälle,Deutschland,Insgesamt,2018,Insgesamt,24.09.,2308,e
Statistik der Sterbefälle,Deutschland,Insgesamt,2018,Insgesamt,25.09.,2158,e
Statistik der Sterbefälle,Deutschland,Insgesamt,2018,Insgesamt,26.09.,2315,e
Statistik der Sterbefälle,Deutschland,Insgesamt,2018,Insgesamt,27.09.,2338,e
Statistik der Sterbefälle,Deutschland,Insgesamt,2018,Insgesamt,28.09.,2369,e
Statistik der Sterbefälle,Deutschland,Insgesamt,2018,Insgesamt,29.09.,2242,e
Statistik der Sterbefälle,Deutschland,Insgesamt,2018,Insgesamt,30.09.,2239,e
Statistik der Sterbefälle,Deutschland,Insgesamt,2018,Insgesamt,01.10.,2380,e
Statistik der Sterbefälle,Deutschland,Insgesamt,2018,Insgesamt,02.10.,2394,e
Statistik der Sterbefälle,Deutschland,Insgesamt,2018,Insgesamt,03.10.,2274,e
Statistik der Sterbefälle,Deutschland,Insgesamt,2018,Insgesamt,04.10.,2390,e
Statistik der Sterbefälle,Deutschland,Insgesamt,2018,Insgesamt,05.10.,2435,e
Statistik der Sterbefälle,Deutschland,Insgesamt,2018,Insgesamt,06.10.,2466,e
Statistik der Sterbefälle,Deutschland,Insgesamt,2018,Insgesamt,07.10.,2283,e
Statistik der Sterbefälle,Deutschland,Insgesamt,2018,Insgesamt,08.10.,2338,e
Statistik der Sterbefälle,Deutschland,Insgesamt,2018,Insgesamt,09.10.,2394,e
Statistik der Sterbefälle,Deutschland,Insgesamt,2018,Insgesamt,10.10.,2475,e
Statistik der Sterbefälle,Deutschland,Insgesamt,2018,Insgesamt,11.10.,2525,e
Statistik der Sterbefälle,Deutschland,Insgesamt,2018,Insgesamt,12.10.,2455,e
Statistik der Sterbefälle,Deutschland,Insgesamt,2018,Insgesamt,13.10.,2433,e
Statistik der Sterbefälle,Deutschland,Insgesamt,2018,Insgesamt,14.10.,2373,e
Statistik der Sterbefälle,Deutschland,Insgesamt,2018,Insgesamt,15.10.,2474,e
Statistik der Sterbefälle,Deutschland,Insgesamt,2018,Insgesamt,16.10.,2411,e
Statistik der Sterbefälle,Deutschland,Insgesamt,2018,Insgesamt,17.10.,2443,e
Statistik der Sterbefälle,Deutschland,Insgesamt,2018,Insgesamt,18.10.,2362,e
Statistik der Sterbefälle,Deutschland,Insgesamt,2018,Insgesamt,19.10.,2383,e
Statistik der Sterbefälle,Deutschland,Insgesamt,2018,Insgesamt,20.10.,2254,e
Statistik der Sterbefälle,Deutschland,Insgesamt,2018,Insgesamt,21.10.,2225,e
Statistik der Sterbefälle,Deutschland,Insgesamt,2018,Insgesamt,22.10.,2264,e
Statistik der Sterbefälle,Deutschland,Insgesamt,2018,Insgesamt,23.10.,2410,e
Statistik der Sterbefälle,Deutschland,Insgesamt,2018,Insgesamt,24.10.,2415,e
Statistik der Sterbefälle,Deutschland,Insgesamt,2018,Insgesamt,25.10.,2397,e
Statistik der Sterbefälle,Deutschland,Insgesamt,2018,Insgesamt,26.10.,2481,e
Statistik der Sterbefälle,Deutschland,Insgesamt,2018,Insgesamt,27.10.,2218,e
Statistik der Sterbefälle,Deutschland,Insgesamt,2018,Insgesamt,28.10.,2423,e
Statistik der Sterbefälle,Deutschland,Insgesamt,2018,Insgesamt,29.10.,2397,e
Statistik der Sterbefälle,Deutschland,Insgesamt,2018,Insgesamt,30.10.,2459,e
Statistik der Sterbefälle,Deutschland,Insgesamt,2018,Insgesamt,31.10.,2408,e
Statistik der Sterbefälle,Deutschland,Insgesamt,2018,Insgesamt,01.11.,2398,e
Statistik der Sterbefälle,Deutschland,Insgesamt,2018,Insgesamt,02.11.,2452,e
Statistik der Sterbefälle,Deutschland,Insgesamt,2018,Insgesamt,03.11.,2430,e
Statistik der Sterbefälle,Deutschland,Insgesamt,2018,Insgesamt,04.11.,2351,e
Statistik der Sterbefälle,Deutschland,Insgesamt,2018,Insgesamt,05.11.,2569,e
Statistik der Sterbefälle,Deutschland,Insgesamt,2018,Insgesamt,06.11.,2544,e
Statistik der Sterbefälle,Deutschland,Insgesamt,2018,Insgesamt,07.11.,2459,e
Statistik der Sterbefälle,Deutschland,Insgesamt,2018,Insgesamt,08.11.,2593,e
Statistik der Sterbefälle,Deutschland,Insgesamt,2018,Insgesamt,09.11.,2532,e
Statistik der Sterbefälle,Deutschland,Insgesamt,2018,Insgesamt,10.11.,2423,e
Statistik der Sterbefälle,Deutschland,Insgesamt,2018,Insgesamt,11.11.,2484,e
Statistik der Sterbefälle,Deutschland,Insgesamt,2018,Insgesamt,12.11.,2457,e
Statistik der Sterbefälle,Deutschland,Insgesamt,2018,Insgesamt,13.11.,2476,e
Statistik der Sterbefälle,Deutschland,Insgesamt,2018,Insgesamt,14.11.,2351,e
Statistik der Sterbefälle,Deutschland,Insgesamt,2018,Insgesamt,15.11.,2355,e
Statistik der Sterbefälle,Deutschland,Insgesamt,2018,Insgesamt,16.11.,2487,e
Statistik der Sterbefälle,Deutschland,Insgesamt,2018,Insgesamt,17.11.,2335,e
Statistik der Sterbefälle,Deutschland,Insgesamt,2018,Insgesamt,18.11.,2381,e
Statistik der Sterbefälle,Deutschland,Insgesamt,2018,Insgesamt,19.11.,2509,e
Statistik der Sterbefälle,Deutschland,Insgesamt,2018,Insgesamt,20.11.,2575,e
Statistik der Sterbefälle,Deutschland,Insgesamt,2018,Insgesamt,21.11.,2535,e
Statistik der Sterbefälle,Deutschland,Insgesamt,2018,Insgesamt,22.11.,2711,e
Statistik der Sterbefälle,Deutschland,Insgesamt,2018,Insgesamt,23.11.,2572,e
Statistik der Sterbefälle,Deutschland,Insgesamt,2018,Insgesamt,24.11.,2527,e
Statistik der Sterbefälle,Deutschland,Insgesamt,2018,Insgesamt,25.11.,2356,e
Statistik der Sterbefälle,Deutschland,Insgesamt,2018,Insgesamt,26.11.,2534,e
Statistik der Sterbefälle,Deutschland,Insgesamt,2018,Insgesamt,27.11.,2517,e
Statistik der Sterbefälle,Deutschland,Insgesamt,2018,Insgesamt,28.11.,2518,e
Statistik der Sterbefälle,Deutschland,Insgesamt,2018,Insgesamt,29.11.,2690,e
Statistik der Sterbefälle,Deutschland,Insgesamt,2018,Insgesamt,30.11.,2641,e
Statistik der Sterbefälle,Deutschland,Insgesamt,2018,Insgesamt,01.12.,2583,e
Statistik der Sterbefälle,Deutschland,Insgesamt,2018,Insgesamt,02.12.,2608,e
Statistik der Sterbefälle,Deutschland,Insgesamt,2018,Insgesamt,03.12.,2718,e
Statistik der Sterbefälle,Deutschland,Insgesamt,2018,Insgesamt,04.12.,2594,e
Statistik der Sterbefälle,Deutschland,Insgesamt,2018,Insgesamt,05.12.,2558,e
Statistik der Sterbefälle,Deutschland,Insgesamt,2018,Insgesamt,06.12.,2605,e
Statistik der Sterbefälle,Deutschland,Insgesamt,2018,Insgesamt,07.12.,2761,e
Statistik der Sterbefälle,Deutschland,Insgesamt,2018,Insgesamt,08.12.,2511,e
Statistik der Sterbefälle,Deutschland,Insgesamt,2018,Insgesamt,09.12.,2595,e
Statistik der Sterbefälle,Deutschland,Insgesamt,2018,Insgesamt,10.12.,2522,e
Statistik der Sterbefälle,Deutschland,Insgesamt,2018,Insgesamt,11.12.,2622,e
Statistik der Sterbefälle,Deutschland,Insgesamt,2018,Insgesamt,12.12.,2611,e
Statistik der Sterbefälle,Deutschland,Insgesamt,2018,Insgesamt,13.12.,2587,e
Statistik der Sterbefälle,Deutschland,Insgesamt,2018,Insgesamt,14.12.,2599,e
Statistik der Sterbefälle,Deutschland,Insgesamt,2018,Insgesamt,15.12.,2508,e
Statistik der Sterbefälle,Deutschland,Insgesamt,2018,Insgesamt,16.12.,2494,e
Statistik der Sterbefälle,Deutschland,Insgesamt,2018,Insgesamt,17.12.,2678,e
Statistik der Sterbefälle,Deutschland,Insgesamt,2018,Insgesamt,18.12.,2610,e
Statistik der Sterbefälle,Deutschland,Insgesamt,2018,Insgesamt,19.12.,2744,e
Statistik der Sterbefälle,Deutschland,Insgesamt,2018,Insgesamt,20.12.,2777,e
Statistik der Sterbefälle,Deutschland,Insgesamt,2018,Insgesamt,21.12.,2836,e
Statistik der Sterbefälle,Deutschland,Insgesamt,2018,Insgesamt,22.12.,2791,e
Statistik der Sterbefälle,Deutschland,Insgesamt,2018,Insgesamt,23.12.,2554,e
Statistik der Sterbefälle,Deutschland,Insgesamt,2018,Insgesamt,24.12.,2623,e
Statistik der Sterbefälle,Deutschland,Insgesamt,2018,Insgesamt,25.12.,2448,e
Statistik der Sterbefälle,Deutschland,Insgesamt,2018,Insgesamt,26.12.,2537,e
Statistik der Sterbefälle,Deutschland,Insgesamt,2018,Insgesamt,27.12.,2616,e
Statistik der Sterbefälle,Deutschland,Insgesamt,2018,Insgesamt,28.12.,2704,e
Statistik der Sterbefälle,Deutschland,Insgesamt,2018,Insgesamt,29.12.,2573,e
Statistik der Sterbefälle,Deutschland,Insgesamt,2018,Insgesamt,30.12.,2453,e
Statistik der Sterbefälle,Deutschland,Insgesamt,2018,Insgesamt,31.12.,2579,e
Statistik der Sterbefälle,Deutschland,Insgesamt,2019,Insgesamt,Insgesamt,939520,e
Statistik der Sterbefälle,Deutschland,Insgesamt,2019,Insgesamt,01.01.,2639,e
Statistik der Sterbefälle,Deutschland,Insgesamt,2019,Insgesamt,02.01.,2642,e
Statistik der Sterbefälle,Deutschland,Insgesamt,2019,Insgesamt,03.01.,2610,e
Statistik der Sterbefälle,Deutschland,Insgesamt,2019,Insgesamt,04.01.,2782,e
Statistik der Sterbefälle,Deutschland,Insgesamt,2019,Insgesamt,05.01.,2818,e
Statistik der Sterbefälle,Deutschland,Insgesamt,2019,Insgesamt,06.01.,2616,e
Statistik der Sterbefälle,Deutschland,Insgesamt,2019,Insgesamt,07.01.,2749,e
Statistik der Sterbefälle,Deutschland,Insgesamt,2019,Insgesamt,08.01.,2823,e
Statistik der Sterbefälle,Deutschland,Insgesamt,2019,Insgesamt,09.01.,2758,e
Statistik der Sterbefälle,Deutschland,Insgesamt,2019,Insgesamt,10.01.,2750,e
Statistik der Sterbefälle,Deutschland,Insgesamt,2019,Insgesamt,11.01.,2796,e
Statistik der Sterbefälle,Deutschland,Insgesamt,2019,Insgesamt,12.01.,2681,e
Statistik der Sterbefälle,Deutschland,Insgesamt,2019,Insgesamt,13.01.,2613,e
Statistik der Sterbefälle,Deutschland,Insgesamt,2019,Insgesamt,14.01.,2787,e
Statistik der Sterbefälle,Deutschland,Insgesamt,2019,Insgesamt,15.01.,2800,e
Statistik der Sterbefälle,Deutschland,Insgesamt,2019,Insgesamt,16.01.,2790,e
Statistik der Sterbefälle,Deutschland,Insgesamt,2019,Insgesamt,17.01.,2786,e
Statistik der Sterbefälle,Deutschland,Insgesamt,2019,Insgesamt,18.01.,2776,e
Statistik der Sterbefälle,Deutschland,Insgesamt,2019,Insgesamt,19.01.,2610,e
Statistik der Sterbefälle,Deutschland,Insgesamt,2019,Insgesamt,20.01.,2614,e
Statistik der Sterbefälle,Deutschland,Insgesamt,2019,Insgesamt,21.01.,2693,e
Statistik der Sterbefälle,Deutschland,Insgesamt,2019,Insgesamt,22.01.,2742,e
Statistik der Sterbefälle,Deutschland,Insgesamt,2019,Insgesamt,23.01.,2865,e
Statistik der Sterbefälle,Deutschland,Insgesamt,2019,Insgesamt,24.01.,2835,e
Statistik der Sterbefälle,Deutschland,Insgesamt,2019,Insgesamt,25.01.,2833,e
Statistik der Sterbefälle,Deutschland,Insgesamt,2019,Insgesamt,26.01.,2797,e
Statistik der Sterbefälle,Deutschland,Insgesamt,2019,Insgesamt,27.01.,2740,e
Statistik der Sterbefälle,Deutschland,Insgesamt,2019,Insgesamt,28.01.,2904,e
Statistik der Sterbefälle,Deutschland,Insgesamt,2019,Insgesamt,29.01.,2748,e
Statistik der Sterbefälle,Deutschland,Insgesamt,2019,Insgesamt,30.01.,2729,e
Statistik der Sterbefälle,Deutschland,Insgesamt,2019,Insgesamt,31.01.,2779,e
Statistik der Sterbefälle,Deutschland,Insgesamt,2019,Insgesamt,01.02.,3012,e
Statistik der Sterbefälle,Deutschland,Insgesamt,2019,Insgesamt,02.02.,2875,e
Statistik der Sterbefälle,Deutschland,Insgesamt,2019,Insgesamt,03.02.,2765,e
Statistik der Sterbefälle,Deutschland,Insgesamt,2019,Insgesamt,04.02.,2812,e
Statistik der Sterbefälle,Deutschland,Insgesamt,2019,Insgesamt,05.02.,2890,e
Statistik der Sterbefälle,Deutschland,Insgesamt,2019,Insgesamt,06.02.,2898,e
Statistik der Sterbefälle,Deutschland,Insgesamt,2019,Insgesamt,07.02.,2882,e
Statistik der Sterbefälle,Deutschland,Insgesamt,2019,Insgesamt,08.02.,2847,e
Statistik der Sterbefälle,Deutschland,Insgesamt,2019,Insgesamt,09.02.,2847,e
Statistik der Sterbefälle,Deutschland,Insgesamt,2019,Insgesamt,10.02.,2805,e
Statistik der Sterbefälle,Deutschland,Insgesamt,2019,Insgesamt,11.02.,2853,e
Statistik der Sterbefälle,Deutschland,Insgesamt,2019,Insgesamt,12.02.,2860,e
Statistik der Sterbefälle,Deutschland,Insgesamt,2019,Insgesamt,13.02.,2890,e
Statistik der Sterbefälle,Deutschland,Insgesamt,2019,Insgesamt,14.02.,2910,e
Statistik der Sterbefälle,Deutschland,Insgesamt,2019,Insgesamt,15.02.,2977,e
Statistik der Sterbefälle,Deutschland,Insgesamt,2019,Insgesamt,16.02.,2844,e
Statistik der Sterbefälle,Deutschland,Insgesamt,2019,Insgesamt,17.02.,2816,e
Statistik der Sterbefälle,Deutschland,Insgesamt,2019,Insgesamt,18.02.,2990,e
Statistik der Sterbefälle,Deutschland,Insgesamt,2019,Insgesamt,19.02.,2876,e
Statistik der Sterbefälle,Deutschland,Insgesamt,2019,Insgesamt,20.02.,3000,e
Statistik der Sterbefälle,Deutschland,Insgesamt,2019,Insgesamt,21.02.,2963,e
Statistik der Sterbefälle,Deutschland,Insgesamt,2019,Insgesamt,22.02.,2986,e
Statistik der Sterbefälle,Deutschland,Insgesamt,2019,Insgesamt,23.02.,2792,e
Statistik der Sterbefälle,Deutschland,Insgesamt,2019,Insgesamt,24.02.,2742,e
Statistik der Sterbefälle,Deutschland,Insgesamt,2019,Insgesamt,25.02.,2970,e
Statistik der Sterbefälle,Deutschland,Insgesamt,2019,Insgesamt,26.02.,2977,e
Statistik der Sterbefälle,Deutschland,Insgesamt,2019,Insgesamt,27.02.,2939,e
Statistik der Sterbefälle,Deutschland,Insgesamt,2019,Insgesamt,28.02.,2991,e
Statistik der Sterbefälle,Deutschland,Insgesamt,2019,Insgesamt,29.02.,X,e
Statistik der Sterbefälle,Deutschland,Insgesamt,2019,Insgesamt,01.03.,3100,e
Statistik der Sterbefälle,Deutschland,Insgesamt,2019,Insgesamt,02.03.,2955,e
Statistik der Sterbefälle,Deutschland,Insgesamt,2019,Insgesamt,03.03.,2858,e
Statistik der Sterbefälle,Deutschland,Insgesamt,2019,Insgesamt,04.03.,2909,e
Statistik der Sterbefälle,Deutschland,Insgesamt,2019,Insgesamt,05.03.,2978,e
Statistik der Sterbefälle,Deutschland,Insgesamt,2019,Insgesamt,06.03.,3006,e
Statistik der Sterbefälle,Deutschland,Insgesamt,2019,Insgesamt,07.03.,3046,e
Statistik der Sterbefälle,Deutschland,Insgesamt,2019,Insgesamt,08.03.,2981,e
Statistik der Sterbefälle,Deutschland,Insgesamt,2019,Insgesamt,09.03.,2810,e
Statistik der Sterbefälle,Deutschland,Insgesamt,2019,Insgesamt,10.03.,2723,e
Statistik der Sterbefälle,Deutschland,Insgesamt,2019,Insgesamt,11.03.,2743,e
Statistik der Sterbefälle,Deutschland,Insgesamt,2019,Insgesamt,12.03.,2857,e
Statistik der Sterbefälle,Deutschland,Insgesamt,2019,Insgesamt,13.03.,2878,e
Statistik der Sterbefälle,Deutschland,Insgesamt,2019,Insgesamt,14.03.,2864,e
Statistik der Sterbefälle,Deutschland,Insgesamt,2019,Insgesamt,15.03.,2882,e
Statistik der Sterbefälle,Deutschland,Insgesamt,2019,Insgesamt,16.03.,2859,e
Statistik der Sterbefälle,Deutschland,Insgesamt,2019,Insgesamt,17.03.,2712,e
Statistik der Sterbefälle,Deutschland,Insgesamt,2019,Insgesamt,18.03.,2701,e
Statistik der Sterbefälle,Deutschland,Insgesamt,2019,Insgesamt,19.03.,2651,e
Statistik der Sterbefälle,Deutschland,Insgesamt,2019,Insgesamt,20.03.,2749,e
Statistik der Sterbefälle,Deutschland,Insgesamt,2019,Insgesamt,21.03.,2768,e
Statistik der Sterbefälle,Deutschland,Insgesamt,2019,Insgesamt,22.03.,2806,e
Statistik der Sterbefälle,Deutschland,Insgesamt,2019,Insgesamt,23.03.,2730,e
Statistik der Sterbefälle,Deutschland,Insgesamt,2019,Insgesamt,24.03.,2611,e
Statistik der Sterbefälle,Deutschland,Insgesamt,2019,Insgesamt,25.03.,2614,e
Statistik der Sterbefälle,Deutschland,Insgesamt,2019,Insgesamt,26.03.,2654,e
Statistik der Sterbefälle,Deutschland,Insgesamt,2019,Insgesamt,27.03.,2683,e
Statistik der Sterbefälle,Deutschland,Insgesamt,2019,Insgesamt,28.03.,2670,e
Statistik der Sterbefälle,Deutschland,Insgesamt,2019,Insgesamt,29.03.,2809,e
Statistik der Sterbefälle,Deutschland,Insgesamt,2019,Insgesamt,30.03.,2670,e
Statistik der Sterbefälle,Deutschland,Insgesamt,2019,Insgesamt,31.03.,2462,e
Statistik der Sterbefälle,Deutschland,Insgesamt,2019,Insgesamt,01.04.,2653,e
Statistik der Sterbefälle,Deutschland,Insgesamt,2019,Insgesamt,02.04.,2695,e
Statistik der Sterbefälle,Deutschland,Insgesamt,2019,Insgesamt,03.04.,2754,e
Statistik der Sterbefälle,Deutschland,Insgesamt,2019,Insgesamt,04.04.,2790,e
Statistik der Sterbefälle,Deutschland,Insgesamt,2019,Insgesamt,05.04.,2682,e
Statistik der Sterbefälle,Deutschland,Insgesamt,2019,Insgesamt,06.04.,2645,e
Statistik der Sterbefälle,Deutschland,Insgesamt,2019,Insgesamt,07.04.,2452,e
Statistik der Sterbefälle,Deutschland,Insgesamt,2019,Insgesamt,08.04.,2670,e
Statistik der Sterbefälle,Deutschland,Insgesamt,2019,Insgesamt,09.04.,2542,e
Statistik der Sterbefälle,Deutschland,Insgesamt,2019,Insgesamt,10.04.,2628,e
Statistik der Sterbefälle,Deutschland,Insgesamt,2019,Insgesamt,11.04.,2543,e
Statistik der Sterbefälle,Deutschland,Insgesamt,2019,Insgesamt,12.04.,2513,e
Statistik der Sterbefälle,Deutschland,Insgesamt,2019,Insgesamt,13.04.,2537,e
Statistik der Sterbefälle,Deutschland,Insgesamt,2019,Insgesamt,14.04.,2419,e
Statistik der Sterbefälle,Deutschland,Insgesamt,2019,Insgesamt,15.04.,2671,e
Statistik der Sterbefälle,Deutschland,Insgesamt,2019,Insgesamt,16.04.,2580,e
Statistik der Sterbefälle,Deutschland,Insgesamt,2019,Insgesamt,17.04.,2629,e
Statistik der Sterbefälle,Deutschland,Insgesamt,2019,Insgesamt,18.04.,2623,e
Statistik der Sterbefälle,Deutschland,Insgesamt,2019,Insgesamt,19.04.,2594,e
Statistik der Sterbefälle,Deutschland,Insgesamt,2019,Insgesamt,20.04.,2504,e
Statistik der Sterbefälle,Deutschland,Insgesamt,2019,Insgesamt,21.04.,2488,e
Statistik der Sterbefälle,Deutschland,Insgesamt,2019,Insgesamt,22.04.,2435,e
Statistik der Sterbefälle,Deutschland,Insgesamt,2019,Insgesamt,23.04.,2714,e
Statistik der Sterbefälle,Deutschland,Insgesamt,2019,Insgesamt,24.04.,2704,e
Statistik der Sterbefälle,Deutschland,Insgesamt,2019,Insgesamt,25.04.,2675,e
Statistik der Sterbefälle,Deutschland,Insgesamt,2019,Insgesamt,26.04.,2594,e
Statistik der Sterbefälle,Deutschland,Insgesamt,2019,Insgesamt,27.04.,2439,e
Statistik der Sterbefälle,Deutschland,Insgesamt,2019,Insgesamt,28.04.,2333,e
Statistik der Sterbefälle,Deutschland,Insgesamt,2019,Insgesamt,29.04.,2393,e
Statistik der Sterbefälle,Deutschland,Insgesamt,2019,Insgesamt,30.04.,2511,e
Statistik der Sterbefälle,Deutschland,Insgesamt,2019,Insgesamt,01.05.,2456,e
Statistik der Sterbefälle,Deutschland,Insgesamt,2019,Insgesamt,02.05.,2445,e
Statistik der Sterbefälle,Deutschland,Insgesamt,2019,Insgesamt,03.05.,2536,e
Statistik der Sterbefälle,Deutschland,Insgesamt,2019,Insgesamt,04.05.,2464,e
Statistik der Sterbefälle,Deutschland,Insgesamt,2019,Insgesamt,05.05.,2285,e
Statistik der Sterbefälle,Deutschland,Insgesamt,2019,Insgesamt,06.05.,2428,e
Statistik der Sterbefälle,Deutschland,Insgesamt,2019,Insgesamt,07.05.,2369,e
Statistik der Sterbefälle,Deutschland,Insgesamt,2019,Insgesamt,08.05.,2519,e
Statistik der Sterbefälle,Deutschland,Insgesamt,2019,Insgesamt,09.05.,2563,e
Statistik der Sterbefälle,Deutschland,Insgesamt,2019,Insgesamt,10.05.,2561,e
Statistik der Sterbefälle,Deutschland,Insgesamt,2019,Insgesamt,11.05.,2431,e
Statistik der Sterbefälle,Deutschland,Insgesamt,2019,Insgesamt,12.05.,2247,e
Statistik der Sterbefälle,Deutschland,Insgesamt,2019,Insgesamt,13.05.,2431,e
Statistik der Sterbefälle,Deutschland,Insgesamt,2019,Insgesamt,14.05.,2459,e
Statistik der Sterbefälle,Deutschland,Insgesamt,2019,Insgesamt,15.05.,2374,e
Statistik der Sterbefälle,Deutschland,Insgesamt,2019,Insgesamt,16.05.,2508,e
Statistik der Sterbefälle,Deutschland,Insgesamt,2019,Insgesamt,17.05.,2575,e
Statistik der Sterbefälle,Deutschland,Insgesamt,2019,Insgesamt,18.05.,2559,e
Statistik der Sterbefälle,Deutschland,Insgesamt,2019,Insgesamt,19.05.,2409,e
Statistik der Sterbefälle,Deutschland,Insgesamt,2019,Insgesamt,20.05.,2533,e
Statistik der Sterbefälle,Deutschland,Insgesamt,2019,Insgesamt,21.05.,2561,e
Statistik der Sterbefälle,Deutschland,Insgesamt,2019,Insgesamt,22.05.,2425,e
Statistik der Sterbefälle,Deutschland,Insgesamt,2019,Insgesamt,23.05.,2414,e
Statistik der Sterbefälle,Deutschland,Insgesamt,2019,Insgesamt,24.05.,2538,e
Statistik der Sterbefälle,Deutschland,Insgesamt,2019,Insgesamt,25.05.,2335,e
Statistik der Sterbefälle,Deutschland,Insgesamt,2019,Insgesamt,26.05.,2274,e
Statistik der Sterbefälle,Deutschland,Insgesamt,2019,Insgesamt,27.05.,2471,e
Statistik der Sterbefälle,Deutschland,Insgesamt,2019,Insgesamt,28.05.,2356,e
Statistik der Sterbefälle,Deutschland,Insgesamt,2019,Insgesamt,29.05.,2410,e
Statistik der Sterbefälle,Deutschland,Insgesamt,2019,Insgesamt,30.05.,2290,e
Statistik der Sterbefälle,Deutschland,Insgesamt,2019,Insgesamt,31.05.,2443,e
Statistik der Sterbefälle,Deutschland,Insgesamt,2019,Insgesamt,01.06.,2460,e
Statistik der Sterbefälle,Deutschland,Insgesamt,2019,Insgesamt,02.06.,2491,e
Statistik der Sterbefälle,Deutschland,Insgesamt,2019,Insgesamt,03.06.,2574,e
Statistik der Sterbefälle,Deutschland,Insgesamt,2019,Insgesamt,04.06.,2685,e
Statistik der Sterbefälle,Deutschland,Insgesamt,2019,Insgesamt,05.06.,2754,e
Statistik der Sterbefälle,Deutschland,Insgesamt,2019,Insgesamt,06.06.,2512,e
Statistik der Sterbefälle,Deutschland,Insgesamt,2019,Insgesamt,07.06.,2331,e
Statistik der Sterbefälle,Deutschland,Insgesamt,2019,Insgesamt,08.06.,2375,e
Statistik der Sterbefälle,Deutschland,Insgesamt,2019,Insgesamt,09.06.,2260,e
Statistik der Sterbefälle,Deutschland,Insgesamt,2019,Insgesamt,10.06.,2259,e
Statistik der Sterbefälle,Deutschland,Insgesamt,2019,Insgesamt,11.06.,2394,e
Statistik der Sterbefälle,Deutschland,Insgesamt,2019,Insgesamt,12.06.,2403,e
Statistik der Sterbefälle,Deutschland,Insgesamt,2019,Insgesamt,13.06.,2317,e
Statistik der Sterbefälle,Deutschland,Insgesamt,2019,Insgesamt,14.06.,2454,e
Statistik der Sterbefälle,Deutschland,Insgesamt,2019,Insgesamt,15.06.,2405,e
Statistik der Sterbefälle,Deutschland,Insgesamt,2019,Insgesamt,16.06.,2252,e
Statistik der Sterbefälle,Deutschland,Insgesamt,2019,Insgesamt,17.06.,2288,e
Statistik der Sterbefälle,Deutschland,Insgesamt,2019,Insgesamt,18.06.,2510,e
Statistik der Sterbefälle,Deutschland,Insgesamt,2019,Insgesamt,19.06.,2656,e
Statistik der Sterbefälle,Deutschland,Insgesamt,2019,Insgesamt,20.06.,2417,e
Statistik der Sterbefälle,Deutschland,Insgesamt,2019,Insgesamt,21.06.,2332,e
Statistik der Sterbefälle,Deutschland,Insgesamt,2019,Insgesamt,22.06.,2222,e
Statistik der Sterbefälle,Deutschland,Insgesamt,2019,Insgesamt,23.06.,2214,e
Statistik der Sterbefälle,Deutschland,Insgesamt,2019,Insgesamt,24.06.,2476,e
Statistik der Sterbefälle,Deutschland,Insgesamt,2019,Insgesamt,25.06.,2648,e
Statistik der Sterbefälle,Deutschland,Insgesamt,2019,Insgesamt,26.06.,2871,e
Statistik der Sterbefälle,Deutschland,Insgesamt,2019,Insgesamt,27.06.,2680,e
Statistik der Sterbefälle,Deutschland,Insgesamt,2019,Insgesamt,28.06.,2383,e
Statistik der Sterbefälle,Deutschland,Insgesamt,2019,Insgesamt,29.06.,2359,e
Statistik der Sterbefälle,Deutschland,Insgesamt,2019,Insgesamt,30.06.,2501,e
Statistik der Sterbefälle,Deutschland,Insgesamt,2019,Insgesamt,01.07.,2616,e
Statistik der Sterbefälle,Deutschland,Insgesamt,2019,Insgesamt,02.07.,2325,e
Statistik der Sterbefälle,Deutschland,Insgesamt,2019,Insgesamt,03.07.,2305,e
Statistik der Sterbefälle,Deutschland,Insgesamt,2019,Insgesamt,04.07.,2347,e
Statistik der Sterbefälle,Deutschland,Insgesamt,2019,Insgesamt,05.07.,2438,e
Statistik der Sterbefälle,Deutschland,Insgesamt,2019,Insgesamt,06.07.,2338,e
Statistik der Sterbefälle,Deutschland,Insgesamt,2019,Insgesamt,07.07.,2183,e
Statistik der Sterbefälle,Deutschland,Insgesamt,2019,Insgesamt,08.07.,2183,e
Statistik der Sterbefälle,Deutschland,Insgesamt,2019,Insgesamt,09.07.,2284,e
Statistik der Sterbefälle,Deutschland,Insgesamt,2019,Insgesamt,10.07.,2325,e
Statistik der Sterbefälle,Deutschland,Insgesamt,2019,Insgesamt,11.07.,2423,e
Statistik der Sterbefälle,Deutschland,Insgesamt,2019,Insgesamt,12.07.,2471,e
Statistik der Sterbefälle,Deutschland,Insgesamt,2019,Insgesamt,13.07.,2355,e
Statistik der Sterbefälle,Deutschland,Insgesamt,2019,Insgesamt,14.07.,2278,e
Statistik der Sterbefälle,Deutschland,Insgesamt,2019,Insgesamt,15.07.,2306,e
Statistik der Sterbefälle,Deutschland,Insgesamt,2019,Insgesamt,16.07.,2352,e
Statistik der Sterbefälle,Deutschland,Insgesamt,2019,Insgesamt,17.07.,2340,e
Statistik der Sterbefälle,Deutschland,Insgesamt,2019,Insgesamt,18.07.,2395,e
Statistik der Sterbefälle,Deutschland,Insgesamt,2019,Insgesamt,19.07.,2573,e
Statistik der Sterbefälle,Deutschland,Insgesamt,2019,Insgesamt,20.07.,2541,e
Statistik der Sterbefälle,Deutschland,Insgesamt,2019,Insgesamt,21.07.,2349,e
Statistik der Sterbefälle,Deutschland,Insgesamt,2019,Insgesamt,22.07.,2444,e
Statistik der Sterbefälle,Deutschland,Insgesamt,2019,Insgesamt,23.07.,2447,e
Statistik der Sterbefälle,Deutschland,Insgesamt,2019,Insgesamt,24.07.,2739,e
Statistik der Sterbefälle,Deutschland,Insgesamt,2019,Insgesamt,25.07.,3006,e
Statistik der Sterbefälle,Deutschland,Insgesamt,2019,Insgesamt,26.07.,3293,e
Statistik der Sterbefälle,Deutschland,Insgesamt,2019,Insgesamt,27.07.,3056,e
Statistik der Sterbefälle,Deutschland,Insgesamt,2019,Insgesamt,28.07.,2645,e
Statistik der Sterbefälle,Deutschland,Insgesamt,2019,Insgesamt,29.07.,2579,e
Statistik der Sterbefälle,Deutschland,Insgesamt,2019,Insgesamt,30.07.,2603,e
Statistik der Sterbefälle,Deutschland,Insgesamt,2019,Insgesamt,31.07.,2387,e
Statistik der Sterbefälle,Deutschland,Insgesamt,2019,Insgesamt,01.08.,2378,e
Statistik der Sterbefälle,Deutschland,Insgesamt,2019,Insgesamt,02.08.,2483,e
Statistik der Sterbefälle,Deutschland,Insgesamt,2019,Insgesamt,03.08.,2404,e
Statistik der Sterbefälle,Deutschland,Insgesamt,2019,Insgesamt,04.08.,2200,e
Statistik der Sterbefälle,Deutschland,Insgesamt,2019,Insgesamt,05.08.,2354,e
Statistik der Sterbefälle,Deutschland,Insgesamt,2019,Insgesamt,06.08.,2453,e
Statistik der Sterbefälle,Deutschland,Insgesamt,2019,Insgesamt,07.08.,2512,e
Statistik der Sterbefälle,Deutschland,Insgesamt,2019,Insgesamt,08.08.,2258,e
Statistik der Sterbefälle,Deutschland,Insgesamt,2019,Insgesamt,09.08.,2459,e
Statistik der Sterbefälle,Deutschland,Insgesamt,2019,Insgesamt,10.08.,2374,e
Statistik der Sterbefälle,Deutschland,Insgesamt,2019,Insgesamt,11.08.,2130,e
Statistik der Sterbefälle,Deutschland,Insgesamt,2019,Insgesamt,12.08.,2278,e
Statistik der Sterbefälle,Deutschland,Insgesamt,2019,Insgesamt,13.08.,2167,e
Statistik der Sterbefälle,Deutschland,Insgesamt,2019,Insgesamt,14.08.,2208,e
Statistik der Sterbefälle,Deutschland,Insgesamt,2019,Insgesamt,15.08.,2241,e
Statistik der Sterbefälle,Deutschland,Insgesamt,2019,Insgesamt,16.08.,2395,e
Statistik der Sterbefälle,Deutschland,Insgesamt,2019,Insgesamt,17.08.,2288,e
Statistik der Sterbefälle,Deutschland,Insgesamt,2019,Insgesamt,18.08.,2357,e
Statistik der Sterbefälle,Deutschland,Insgesamt,2019,Insgesamt,19.08.,2300,e
Statistik der Sterbefälle,Deutschland,Insgesamt,2019,Insgesamt,20.08.,2291,e
Statistik der Sterbefälle,Deutschland,Insgesamt,2019,Insgesamt,21.08.,2168,e
Statistik der Sterbefälle,Deutschland,Insgesamt,2019,Insgesamt,22.08.,2250,e
Statistik der Sterbefälle,Deutschland,Insgesamt,2019,Insgesamt,23.08.,2324,e
Statistik der Sterbefälle,Deutschland,Insgesamt,2019,Insgesamt,24.08.,2390,e
Statistik der Sterbefälle,Deutschland,Insgesamt,2019,Insgesamt,25.08.,2540,e
Statistik der Sterbefälle,Deutschland,Insgesamt,2019,Insgesamt,26.08.,2589,e
Statistik der Sterbefälle,Deutschland,Insgesamt,2019,Insgesamt,27.08.,2596,e
Statistik der Sterbefälle,Deutschland,Insgesamt,2019,Insgesamt,28.08.,2646,e
Statistik der Sterbefälle,Deutschland,Insgesamt,2019,Insgesamt,29.08.,2557,e
Statistik der Sterbefälle,Deutschland,Insgesamt,2019,Insgesamt,30.08.,2456,e
Statistik der Sterbefälle,Deutschland,Insgesamt,2019,Insgesamt,31.08.,2398,e
Statistik der Sterbefälle,Deutschland,Insgesamt,2019,Insgesamt,01.09.,2395,e
Statistik der Sterbefälle,Deutschland,Insgesamt,2019,Insgesamt,02.09.,2253,e
Statistik der Sterbefälle,Deutschland,Insgesamt,2019,Insgesamt,03.09.,2244,e
Statistik der Sterbefälle,Deutschland,Insgesamt,2019,Insgesamt,04.09.,2401,e
Statistik der Sterbefälle,Deutschland,Insgesamt,2019,Insgesamt,05.09.,2356,e
Statistik der Sterbefälle,Deutschland,Insgesamt,2019,Insgesamt,06.09.,2244,e
Statistik der Sterbefälle,Deutschland,Insgesamt,2019,Insgesamt,07.09.,2227,e
Statistik der Sterbefälle,Deutschland,Insgesamt,2019,Insgesamt,08.09.,2263,e
Statistik der Sterbefälle,Deutschland,Insgesamt,2019,Insgesamt,09.09.,2384,e
Statistik der Sterbefälle,Deutschland,Insgesamt,2019,Insgesamt,10.09.,2266,e
Statistik der Sterbefälle,Deutschland,Insgesamt,2019,Insgesamt,11.09.,2299,e
Statistik der Sterbefälle,Deutschland,Insgesamt,2019,Insgesamt,12.09.,2345,e
Statistik der Sterbefälle,Deutschland,Insgesamt,2019,Insgesamt,13.09.,2405,e
Statistik der Sterbefälle,Deutschland,Insgesamt,2019,Insgesamt,14.09.,2349,e
Statistik der Sterbefälle,Deutschland,Insgesamt,2019,Insgesamt,15.09.,2255,e
Statistik der Sterbefälle,Deutschland,Insgesamt,2019,Insgesamt,16.09.,2363,e
Statistik der Sterbefälle,Deutschland,Insgesamt,2019,Insgesamt,17.09.,2392,e
Statistik der Sterbefälle,Deutschland,Insgesamt,2019,Insgesamt,18.09.,2359,e
Statistik der Sterbefälle,Deutschland,Insgesamt,2019,Insgesamt,19.09.,2336,e
Statistik der Sterbefälle,Deutschland,Insgesamt,2019,Insgesamt,20.09.,2336,e
Statistik der Sterbefälle,Deutschland,Insgesamt,2019,Insgesamt,21.09.,2384,e
Statistik der Sterbefälle,Deutschland,Insgesamt,2019,Insgesamt,22.09.,2330,e
Statistik der Sterbefälle,Deutschland,Insgesamt,2019,Insgesamt,23.09.,2558,e
Statistik der Sterbefälle,Deutschland,Insgesamt,2019,Insgesamt,24.09.,2497,e
Statistik der Sterbefälle,Deutschland,Insgesamt,2019,Insgesamt,25.09.,2610,e
Statistik der Sterbefälle,Deutschland,Insgesamt,2019,Insgesamt,26.09.,2497,e
Statistik der Sterbefälle,Deutschland,Insgesamt,2019,Insgesamt,27.09.,2527,e
Statistik der Sterbefälle,Deutschland,Insgesamt,2019,Insgesamt,28.09.,2313,e
Statistik der Sterbefälle,Deutschland,Insgesamt,2019,Insgesamt,29.09.,2400,e
Statistik der Sterbefälle,Deutschland,Insgesamt,2019,Insgesamt,30.09.,2434,e
Statistik der Sterbefälle,Deutschland,Insgesamt,2019,Insgesamt,01.10.,2517,e
Statistik der Sterbefälle,Deutschland,Insgesamt,2019,Insgesamt,02.10.,2468,e
Statistik der Sterbefälle,Deutschland,Insgesamt,2019,Insgesamt,03.10.,2341,e
Statistik der Sterbefälle,Deutschland,Insgesamt,2019,Insgesamt,04.10.,2515,e
Statistik der Sterbefälle,Deutschland,Insgesamt,2019,Insgesamt,05.10.,2382,e
Statistik der Sterbefälle,Deutschland,Insgesamt,2019,Insgesamt,06.10.,2242,e
Statistik der Sterbefälle,Deutschland,Insgesamt,2019,Insgesamt,07.10.,2397,e
Statistik der Sterbefälle,Deutschland,Insgesamt,2019,Insgesamt,08.10.,2546,e
Statistik der Sterbefälle,Deutschland,Insgesamt,2019,Insgesamt,09.10.,2598,e
Statistik der Sterbefälle,Deutschland,Insgesamt,2019,Insgesamt,10.10.,2516,e
Statistik der Sterbefälle,Deutschland,Insgesamt,2019,Insgesamt,11.10.,2477,e
Statistik der Sterbefälle,Deutschland,Insgesamt,2019,Insgesamt,12.10.,2559,e
Statistik der Sterbefälle,Deutschland,Insgesamt,2019,Insgesamt,13.10.,2573,e
Statistik der Sterbefälle,Deutschland,Insgesamt,2019,Insgesamt,14.10.,2663,e
Statistik der Sterbefälle,Deutschland,Insgesamt,2019,Insgesamt,15.10.,2655,e
Statistik der Sterbefälle,Deutschland,Insgesamt,2019,Insgesamt,16.10.,2577,e
Statistik der Sterbefälle,Deutschland,Insgesamt,2019,Insgesamt,17.10.,2370,e
Statistik der Sterbefälle,Deutschland,Insgesamt,2019,Insgesamt,18.10.,2556,e
Statistik der Sterbefälle,Deutschland,Insgesamt,2019,Insgesamt,19.10.,2547,e
Statistik der Sterbefälle,Deutschland,Insgesamt,2019,Insgesamt,20.10.,2345,e
Statistik der Sterbefälle,Deutschland,Insgesamt,2019,Insgesamt,21.10.,2527,e
Statistik der Sterbefälle,Deutschland,Insgesamt,2019,Insgesamt,22.10.,2461,e
Statistik der Sterbefälle,Deutschland,Insgesamt,2019,Insgesamt,23.10.,2454,e
Statistik der Sterbefälle,Deutschland,Insgesamt,2019,Insgesamt,24.10.,2547,e
Statistik der Sterbefälle,Deutschland,Insgesamt,2019,Insgesamt,25.10.,2562,e
Statistik der Sterbefälle,Deutschland,Insgesamt,2019,Insgesamt,26.10.,2404,e
Statistik der Sterbefälle,Deutschland,Insgesamt,2019,Insgesamt,27.10.,2372,e
Statistik der Sterbefälle,Deutschland,Insgesamt,2019,Insgesamt,28.10.,2427,e
Statistik der Sterbefälle,Deutschland,Insgesamt,2019,Insgesamt,29.10.,2384,e
Statistik der Sterbefälle,Deutschland,Insgesamt,2019,Insgesamt,30.10.,2470,e
Statistik der Sterbefälle,Deutschland,Insgesamt,2019,Insgesamt,31.10.,2554,e
Statistik der Sterbefälle,Deutschland,Insgesamt,2019,Insgesamt,01.11.,2508,e
Statistik der Sterbefälle,Deutschland,Insgesamt,2019,Insgesamt,02.11.,2607,e
Statistik der Sterbefälle,Deutschland,Insgesamt,2019,Insgesamt,03.11.,2538,e
Statistik der Sterbefälle,Deutschland,Insgesamt,2019,Insgesamt,04.11.,2668,e
Statistik der Sterbefälle,Deutschland,Insgesamt,2019,Insgesamt,05.11.,2597,e
Statistik der Sterbefälle,Deutschland,Insgesamt,2019,Insgesamt,06.11.,2598,e
Statistik der Sterbefälle,Deutschland,Insgesamt,2019,Insgesamt,07.11.,2547,e
Statistik der Sterbefälle,Deutschland,Insgesamt,2019,Insgesamt,08.11.,2561,e
Statistik der Sterbefälle,Deutschland,Insgesamt,2019,Insgesamt,09.11.,2507,e
Statistik der Sterbefälle,Deutschland,Insgesamt,2019,Insgesamt,10.11.,2381,e
Statistik der Sterbefälle,Deutschland,Insgesamt,2019,Insgesamt,11.11.,2674,e
Statistik der Sterbefälle,Deutschland,Insgesamt,2019,Insgesamt,12.11.,2616,e
Statistik der Sterbefälle,Deutschland,Insgesamt,2019,Insgesamt,13.11.,2616,e
Statistik der Sterbefälle,Deutschland,Insgesamt,2019,Insgesamt,14.11.,2585,e
Statistik der Sterbefälle,Deutschland,Insgesamt,2019,Insgesamt,15.11.,2629,e
Statistik der Sterbefälle,Deutschland,Insgesamt,2019,Insgesamt,16.11.,2556,e
Statistik der Sterbefälle,Deutschland,Insgesamt,2019,Insgesamt,17.11.,2566,e
Statistik der Sterbefälle,Deutschland,Insgesamt,2019,Insgesamt,18.11.,2620,e
Statistik der Sterbefälle,Deutschland,Insgesamt,2019,Insgesamt,19.11.,2636,e
Statistik der Sterbefälle,Deutschland,Insgesamt,2019,Insgesamt,20.11.,2654,e
Statistik der Sterbefälle,Deutschland,Insgesamt,2019,Insgesamt,21.11.,2688,e
Statistik der Sterbefälle,Deutschland,Insgesamt,2019,Insgesamt,22.11.,2694,e
Statistik der Sterbefälle,Deutschland,Insgesamt,2019,Insgesamt,23.11.,2663,e
Statistik der Sterbefälle,Deutschland,Insgesamt,2019,Insgesamt,24.11.,2580,e
Statistik der Sterbefälle,Deutschland,Insgesamt,2019,Insgesamt,25.11.,2707,e
Statistik der Sterbefälle,Deutschland,Insgesamt,2019,Insgesamt,26.11.,2711,e
Statistik der Sterbefälle,Deutschland,Insgesamt,2019,Insgesamt,27.11.,2727,e
Statistik der Sterbefälle,Deutschland,Insgesamt,2019,Insgesamt,28.11.,2676,e
Statistik der Sterbefälle,Deutschland,Insgesamt,2019,Insgesamt,29.11.,2739,e
Statistik der Sterbefälle,Deutschland,Insgesamt,2019,Insgesamt,30.11.,2529,e
Statistik der Sterbefälle,Deutschland,Insgesamt,2019,Insgesamt,01.12.,2492,e
Statistik der Sterbefälle,Deutschland,Insgesamt,2019,Insgesamt,02.12.,2734,e
Statistik der Sterbefälle,Deutschland,Insgesamt,2019,Insgesamt,03.12.,2692,e
Statistik der Sterbefälle,Deutschland,Insgesamt,2019,Insgesamt,04.12.,2694,e
Statistik der Sterbefälle,Deutschland,Insgesamt,2019,Insgesamt,05.12.,2708,e
Statistik der Sterbefälle,Deutschland,Insgesamt,2019,Insgesamt,06.12.,2831,e
Statistik der Sterbefälle,Deutschland,Insgesamt,2019,Insgesamt,07.12.,2699,e
Statistik der Sterbefälle,Deutschland,Insgesamt,2019,Insgesamt,08.12.,2785,e
Statistik der Sterbefälle,Deutschland,Insgesamt,2019,Insgesamt,09.12.,2768,e
Statistik der Sterbefälle,Deutschland,Insgesamt,2019,Insgesamt,10.12.,2617,e
Statistik der Sterbefälle,Deutschland,Insgesamt,2019,Insgesamt,11.12.,2704,e
Statistik der Sterbefälle,Deutschland,Insgesamt,2019,Insgesamt,12.12.,2812,e
Statistik der Sterbefälle,Deutschland,Insgesamt,2019,Insgesamt,13.12.,2790,e
Statistik der Sterbefälle,Deutschland,Insgesamt,2019,Insgesamt,14.12.,2772,e
Statistik der Sterbefälle,Deutschland,Insgesamt,2019,Insgesamt,15.12.,2638,e
Statistik der Sterbefälle,Deutschland,Insgesamt,2019,Insgesamt,16.12.,2568,e
Statistik der Sterbefälle,Deutschland,Insgesamt,2019,Insgesamt,17.12.,2848,e
Statistik der Sterbefälle,Deutschland,Insgesamt,2019,Insgesamt,18.12.,2722,e
Statistik der Sterbefälle,Deutschland,Insgesamt,2019,Insgesamt,19.12.,2776,e
Statistik der Sterbefälle,Deutschland,Insgesamt,2019,Insgesamt,20.12.,2801,e
Statistik der Sterbefälle,Deutschland,Insgesamt,2019,Insgesamt,21.12.,2723,e
Statistik der Sterbefälle,Deutschland,Insgesamt,2019,Insgesamt,22.12.,2624,e
Statistik der Sterbefälle,Deutschland,Insgesamt,2019,Insgesamt,23.12.,2780,e
Statistik der Sterbefälle,Deutschland,Insgesamt,2019,Insgesamt,24.12.,2605,e
Statistik der Sterbefälle,Deutschland,Insgesamt,2019,Insgesamt,25.12.,2585,e
Statistik der Sterbefälle,Deutschland,Insgesamt,2019,Insgesamt,26.12.,2556,e
Statistik der Sterbefälle,Deutschland,Insgesamt,2019,Insgesamt,27.12.,2653,e
Statistik der Sterbefälle,Deutschland,Insgesamt,2019,Insgesamt,28.12.,2502,e
Statistik der Sterbefälle,Deutschland,Insgesamt,2019,Insgesamt,29.12.,2523,e
Statistik der Sterbefälle,Deutschland,Insgesamt,2019,Insgesamt,30.12.,2620,e
Statistik der Sterbefälle,Deutschland,Insgesamt,2019,Insgesamt,31.12.,2707,e
Statistik der Sterbefälle,Deutschland,Insgesamt,2020,Insgesamt,Insgesamt,985572,e
Statistik der Sterbefälle,Deutschland,Insgesamt,2020,Insgesamt,01.01.,2685,e
Statistik der Sterbefälle,Deutschland,Insgesamt,2020,Insgesamt,02.01.,2809,e
Statistik der Sterbefälle,Deutschland,Insgesamt,2020,Insgesamt,03.01.,2761,e
Statistik der Sterbefälle,Deutschland,Insgesamt,2020,Insgesamt,04.01.,2765,e
Statistik der Sterbefälle,Deutschland,Insgesamt,2020,Insgesamt,05.01.,2536,e
Statistik der Sterbefälle,Deutschland,Insgesamt,2020,Insgesamt,06.01.,2685,e
Statistik der Sterbefälle,Deutschland,Insgesamt,2020,Insgesamt,07.01.,2802,e
Statistik der Sterbefälle,Deutschland,Insgesamt,2020,Insgesamt,08.01.,2832,e
Statistik der Sterbefälle,Deutschland,Insgesamt,2020,Insgesamt,09.01.,2911,e
Statistik der Sterbefälle,Deutschland,Insgesamt,2020,Insgesamt,10.01.,2886,e
Statistik der Sterbefälle,Deutschland,Insgesamt,2020,Insgesamt,11.01.,2679,e
Statistik der Sterbefälle,Deutschland,Insgesamt,2020,Insgesamt,12.01.,2613,e
Statistik der Sterbefälle,Deutschland,Insgesamt,2020,Insgesamt,13.01.,2753,e
Statistik der Sterbefälle,Deutschland,Insgesamt,2020,Insgesamt,14.01.,2826,e
Statistik der Sterbefälle,Deutschland,Insgesamt,2020,Insgesamt,15.01.,2673,e
Statistik der Sterbefälle,Deutschland,Insgesamt,2020,Insgesamt,16.01.,2832,e
Statistik der Sterbefälle,Deutschland,Insgesamt,2020,Insgesamt,17.01.,2654,e
Statistik der Sterbefälle,Deutschland,Insgesamt,2020,Insgesamt,18.01.,2656,e
Statistik der Sterbefälle,Deutschland,Insgesamt,2020,Insgesamt,19.01.,2559,e
Statistik der Sterbefälle,Deutschland,Insgesamt,2020,Insgesamt,20.01.,2603,e
Statistik der Sterbefälle,Deutschland,Insgesamt,2020,Insgesamt,21.01.,2688,e
Statistik der Sterbefälle,Deutschland,Insgesamt,2020,Insgesamt,22.01.,2684,e
Statistik der Sterbefälle,Deutschland,Insgesamt,2020,Insgesamt,23.01.,2723,e
Statistik der Sterbefälle,Deutschland,Insgesamt,2020,Insgesamt,24.01.,2836,e
Statistik der Sterbefälle,Deutschland,Insgesamt,2020,Insgesamt,25.01.,2654,e
Statistik der Sterbefälle,Deutschland,Insgesamt,2020,Insgesamt,26.01.,2639,e
Statistik der Sterbefälle,Deutschland,Insgesamt,2020,Insgesamt,27.01.,2810,e
Statistik der Sterbefälle,Deutschland,Insgesamt,2020,Insgesamt,28.01.,2898,e
Statistik der Sterbefälle,Deutschland,Insgesamt,2020,Insgesamt,29.01.,2844,e
Statistik der Sterbefälle,Deutschland,Insgesamt,2020,Insgesamt,30.01.,2769,e
Statistik der Sterbefälle,Deutschland,Insgesamt,2020,Insgesamt,31.01.,2915,e
Statistik der Sterbefälle,Deutschland,Insgesamt,2020,Insgesamt,01.02.,2802,e
Statistik der Sterbefälle,Deutschland,Insgesamt,2020,Insgesamt,02.02.,2736,e
Statistik der Sterbefälle,Deutschland,Insgesamt,2020,Insgesamt,03.02.,2739,e
Statistik der Sterbefälle,Deutschland,Insgesamt,2020,Insgesamt,04.02.,2895,e
Statistik der Sterbefälle,Deutschland,Insgesamt,2020,Insgesamt,05.02.,2695,e
Statistik der Sterbefälle,Deutschland,Insgesamt,2020,Insgesamt,06.02.,2597,e
Statistik der Sterbefälle,Deutschland,Insgesamt,2020,Insgesamt,07.02.,2753,e
Statistik der Sterbefälle,Deutschland,Insgesamt,2020,Insgesamt,08.02.,2721,e
Statistik der Sterbefälle,Deutschland,Insgesamt,2020,Insgesamt,09.02.,2638,e
Statistik der Sterbefälle,Deutschland,Insgesamt,2020,Insgesamt,10.02.,2857,e
Statistik der Sterbefälle,Deutschland,Insgesamt,2020,Insgesamt,11.02.,2836,e
Statistik der Sterbefälle,Deutschland,Insgesamt,2020,Insgesamt,12.02.,2790,e
Statistik der Sterbefälle,Deutschland,Insgesamt,2020,Insgesamt,13.02.,2802,e
Statistik der Sterbefälle,Deutschland,Insgesamt,2020,Insgesamt,14.02.,2793,e
Statistik der Sterbefälle,Deutschland,Insgesamt,2020,Insgesamt,15.02.,2809,e
Statistik der Sterbefälle,Deutschland,Insgesamt,2020,Insgesamt,16.02.,2761,e
Statistik der Sterbefälle,Deutschland,Insgesamt,2020,Insgesamt,17.02.,2817,e
Statistik der Sterbefälle,Deutschland,Insgesamt,2020,Insgesamt,18.02.,2662,e
Statistik der Sterbefälle,Deutschland,Insgesamt,2020,Insgesamt,19.02.,2738,e
Statistik der Sterbefälle,Deutschland,Insgesamt,2020,Insgesamt,20.02.,2728,e
Statistik der Sterbefälle,Deutschland,Insgesamt,2020,Insgesamt,21.02.,2676,e
Statistik der Sterbefälle,Deutschland,Insgesamt,2020,Insgesamt,22.02.,2677,e
Statistik der Sterbefälle,Deutschland,Insgesamt,2020,Insgesamt,23.02.,2655,e
Statistik der Sterbefälle,Deutschland,Insgesamt,2020,Insgesamt,24.02.,2775,e
Statistik der Sterbefälle,Deutschland,Insgesamt,2020,Insgesamt,25.02.,2805,e
Statistik der Sterbefälle,Deutschland,Insgesamt,2020,Insgesamt,26.02.,2792,e
Statistik der Sterbefälle,Deutschland,Insgesamt,2020,Insgesamt,27.02.,2741,e
Statistik der Sterbefälle,Deutschland,Insgesamt,2020,Insgesamt,28.02.,2911,e
Statistik der Sterbefälle,Deutschland,Insgesamt,2020,Insgesamt,29.02.,2829,e
Statistik der Sterbefälle,Deutschland,Insgesamt,2020,Insgesamt,01.03.,2652,e
Statistik der Sterbefälle,Deutschland,Insgesamt,2020,Insgesamt,02.03.,2854,e
Statistik der Sterbefälle,Deutschland,Insgesamt,2020,Insgesamt,03.03.,2898,e
Statistik der Sterbefälle,Deutschland,Insgesamt,2020,Insgesamt,04.03.,2797,e
Statistik der Sterbefälle,Deutschland,Insgesamt,2020,Insgesamt,05.03.,2786,e
Statistik der Sterbefälle,Deutschland,Insgesamt,2020,Insgesamt,06.03.,2910,e
Statistik der Sterbefälle,Deutschland,Insgesamt,2020,Insgesamt,07.03.,2707,e
Statistik der Sterbefälle,Deutschland,Insgesamt,2020,Insgesamt,08.03.,2715,e
Statistik der Sterbefälle,Deutschland,Insgesamt,2020,Insgesamt,09.03.,2880,e
Statistik der Sterbefälle,Deutschland,Insgesamt,2020,Insgesamt,10.03.,2878,e
Statistik der Sterbefälle,Deutschland,Insgesamt,2020,Insgesamt,11.03.,2885,e
Statistik der Sterbefälle,Deutschland,Insgesamt,2020,Insgesamt,12.03.,2846,e
Statistik der Sterbefälle,Deutschland,Insgesamt,2020,Insgesamt,13.03.,2822,e
Statistik der Sterbefälle,Deutschland,Insgesamt,2020,Insgesamt,14.03.,2795,e
Statistik der Sterbefälle,Deutschland,Insgesamt,2020,Insgesamt,15.03.,2743,e
Statistik der Sterbefälle,Deutschland,Insgesamt,2020,Insgesamt,16.03.,2918,e
Statistik der Sterbefälle,Deutschland,Insgesamt,2020,Insgesamt,17.03.,2860,e
Statistik der Sterbefälle,Deutschland,Insgesamt,2020,Insgesamt,18.03.,2937,e
Statistik der Sterbefälle,Deutschland,Insgesamt,2020,Insgesamt,19.03.,2808,e
Statistik der Sterbefälle,Deutschland,Insgesamt,2020,Insgesamt,20.03.,2866,e
Statistik der Sterbefälle,Deutschland,Insgesamt,2020,Insgesamt,21.03.,2756,e
Statistik der Sterbefälle,Deutschland,Insgesamt,2020,Insgesamt,22.03.,2577,e
Statistik der Sterbefälle,Deutschland,Insgesamt,2020,Insgesamt,23.03.,2678,e
Statistik der Sterbefälle,Deutschland,Insgesamt,2020,Insgesamt,24.03.,2731,e
Statistik der Sterbefälle,Deutschland,Insgesamt,2020,Insgesamt,25.03.,2921,e
Statistik der Sterbefälle,Deutschland,Insgesamt,2020,Insgesamt,26.03.,2832,e
Statistik der Sterbefälle,Deutschland,Insgesamt,2020,Insgesamt,27.03.,2954,e
Statistik der Sterbefälle,Deutschland,Insgesamt,2020,Insgesamt,28.03.,2934,e
Statistik der Sterbefälle,Deutschland,Insgesamt,2020,Insgesamt,29.03.,2628,e
Statistik der Sterbefälle,Deutschland,Insgesamt,2020,Insgesamt,30.03.,2876,e
Statistik der Sterbefälle,Deutschland,Insgesamt,2020,Insgesamt,31.03.,2952,e
Statistik der Sterbefälle,Deutschland,Insgesamt,2020,Insgesamt,01.04.,2975,e
Statistik der Sterbefälle,Deutschland,Insgesamt,2020,Insgesamt,02.04.,3070,e
Statistik der Sterbefälle,Deutschland,Insgesamt,2020,Insgesamt,03.04.,2981,e
Statistik der Sterbefälle,Deutschland,Insgesamt,2020,Insgesamt,04.04.,2946,e
Statistik der Sterbefälle,Deutschland,Insgesamt,2020,Insgesamt,05.04.,2862,e
Statistik der Sterbefälle,Deutschland,Insgesamt,2020,Insgesamt,06.04.,3041,e
Statistik der Sterbefälle,Deutschland,Insgesamt,2020,Insgesamt,07.04.,3048,e
Statistik der Sterbefälle,Deutschland,Insgesamt,2020,Insgesamt,08.04.,3163,e
Statistik der Sterbefälle,Deutschland,Insgesamt,2020,Insgesamt,09.04.,2967,e
Statistik der Sterbefälle,Deutschland,Insgesamt,2020,Insgesamt,10.04.,2747,e
Statistik der Sterbefälle,Deutschland,Insgesamt,2020,Insgesamt,11.04.,2790,e
Statistik der Sterbefälle,Deutschland,Insgesamt,2020,Insgesamt,12.04.,2746,e
Statistik der Sterbefälle,Deutschland,Insgesamt,2020,Insgesamt,13.04.,2678,e
Statistik der Sterbefälle,Deutschland,Insgesamt,2020,Insgesamt,14.04.,2727,e
Statistik der Sterbefälle,Deutschland,Insgesamt,2020,Insgesamt,15.04.,2735,e
Statistik der Sterbefälle,Deutschland,Insgesamt,2020,Insgesamt,16.04.,2820,e
Statistik der Sterbefälle,Deutschland,Insgesamt,2020,Insgesamt,17.04.,2917,e
Statistik der Sterbefälle,Deutschland,Insgesamt,2020,Insgesamt,18.04.,2718,e
Statistik der Sterbefälle,Deutschland,Insgesamt,2020,Insgesamt,19.04.,2666,e
Statistik der Sterbefälle,Deutschland,Insgesamt,2020,Insgesamt,20.04.,2650,e
Statistik der Sterbefälle,Deutschland,Insgesamt,2020,Insgesamt,21.04.,2735,e
Statistik der Sterbefälle,Deutschland,Insgesamt,2020,Insgesamt,22.04.,2699,e
Statistik der Sterbefälle,Deutschland,Insgesamt,2020,Insgesamt,23.04.,2745,e
Statistik der Sterbefälle,Deutschland,Insgesamt,2020,Insgesamt,24.04.,2734,e
Statistik der Sterbefälle,Deutschland,Insgesamt,2020,Insgesamt,25.04.,2542,e
Statistik der Sterbefälle,Deutschland,Insgesamt,2020,Insgesamt,26.04.,2452,e
Statistik der Sterbefälle,Deutschland,Insgesamt,2020,Insgesamt,27.04.,2624,e
Statistik der Sterbefälle,Deutschland,Insgesamt,2020,Insgesamt,28.04.,2577,e
Statistik der Sterbefälle,Deutschland,Insgesamt,2020,Insgesamt,29.04.,2767,e
Statistik der Sterbefälle,Deutschland,Insgesamt,2020,Insgesamt,30.04.,2708,e
Statistik der Sterbefälle,Deutschland,Insgesamt,2020,Insgesamt,01.05.,2496,e
Statistik der Sterbefälle,Deutschland,Insgesamt,2020,Insgesamt,02.05.,2434,e
Statistik der Sterbefälle,Deutschland,Insgesamt,2020,Insgesamt,03.05.,2314,e
Statistik der Sterbefälle,Deutschland,Insgesamt,2020,Insgesamt,04.05.,2511,e
Statistik der Sterbefälle,Deutschland,Insgesamt,2020,Insgesamt,05.05.,2509,e
Statistik der Sterbefälle,Deutschland,Insgesamt,2020,Insgesamt,06.05.,2556,e
Statistik der Sterbefälle,Deutschland,Insgesamt,2020,Insgesamt,07.05.,2534,e
Statistik der Sterbefälle,Deutschland,Insgesamt,2020,Insgesamt,08.05.,2568,e
Statistik der Sterbefälle,Deutschland,Insgesamt,2020,Insgesamt,09.05.,2556,e
Statistik der Sterbefälle,Deutschland,Insgesamt,2020,Insgesamt,10.05.,2417,e
Statistik der Sterbefälle,Deutschland,Insgesamt,2020,Insgesamt,11.05.,2461,e
Statistik der Sterbefälle,Deutschland,Insgesamt,2020,Insgesamt,12.05.,2453,e
Statistik der Sterbefälle,Deutschland,Insgesamt,2020,Insgesamt,13.05.,2515,e
Statistik der Sterbefälle,Deutschland,Insgesamt,2020,Insgesamt,14.05.,2420,e
Statistik der Sterbefälle,Deutschland,Insgesamt,2020,Insgesamt,15.05.,2465,e
Statistik der Sterbefälle,Deutschland,Insgesamt,2020,Insgesamt,16.05.,2333,e
Statistik der Sterbefälle,Deutschland,Insgesamt,2020,Insgesamt,17.05.,2354,e
Statistik der Sterbefälle,Deutschland,Insgesamt,2020,Insgesamt,18.05.,2493,e
Statistik der Sterbefälle,Deutschland,Insgesamt,2020,Insgesamt,19.05.,2527,e
Statistik der Sterbefälle,Deutschland,Insgesamt,2020,Insgesamt,20.05.,2602,e
Statistik der Sterbefälle,Deutschland,Insgesamt,2020,Insgesamt,21.05.,2410,e
Statistik der Sterbefälle,Deutschland,Insgesamt,2020,Insgesamt,22.05.,2473,e
Statistik der Sterbefälle,Deutschland,Insgesamt,2020,Insgesamt,23.05.,2381,e
Statistik der Sterbefälle,Deutschland,Insgesamt,2020,Insgesamt,24.05.,2277,e
Statistik der Sterbefälle,Deutschland,Insgesamt,2020,Insgesamt,25.05.,2428,e
Statistik der Sterbefälle,Deutschland,Insgesamt,2020,Insgesamt,26.05.,2421,e
Statistik der Sterbefälle,Deutschland,Insgesamt,2020,Insgesamt,27.05.,2427,e
Statistik der Sterbefälle,Deutschland,Insgesamt,2020,Insgesamt,28.05.,2478,e
Statistik der Sterbefälle,Deutschland,Insgesamt,2020,Insgesamt,29.05.,2411,e
Statistik der Sterbefälle,Deutschland,Insgesamt,2020,Insgesamt,30.05.,2383,e
Statistik der Sterbefälle,Deutschland,Insgesamt,2020,Insgesamt,31.05.,2228,e
Statistik der Sterbefälle,Deutschland,Insgesamt,2020,Insgesamt,01.06.,2316,e
Statistik der Sterbefälle,Deutschland,Insgesamt,2020,Insgesamt,02.06.,2537,e
Statistik der Sterbefälle,Deutschland,Insgesamt,2020,Insgesamt,03.06.,2591,e
Statistik der Sterbefälle,Deutschland,Insgesamt,2020,Insgesamt,04.06.,2694,e
Statistik der Sterbefälle,Deutschland,Insgesamt,2020,Insgesamt,05.06.,2492,e
Statistik der Sterbefälle,Deutschland,Insgesamt,2020,Insgesamt,06.06.,2372,e
Statistik der Sterbefälle,Deutschland,Insgesamt,2020,Insgesamt,07.06.,2260,e
Statistik der Sterbefälle,Deutschland,Insgesamt,2020,Insgesamt,08.06.,2311,e
Statistik der Sterbefälle,Deutschland,Insgesamt,2020,Insgesamt,09.06.,2321,e
Statistik der Sterbefälle,Deutschland,Insgesamt,2020,Insgesamt,10.06.,2382,e
Statistik der Sterbefälle,Deutschland,Insgesamt,2020,Insgesamt,11.06.,2318,e
Statistik der Sterbefälle,Deutschland,Insgesamt,2020,Insgesamt,12.06.,2521,e
Statistik der Sterbefälle,Deutschland,Insgesamt,2020,Insgesamt,13.06.,2445,e
Statistik der Sterbefälle,Deutschland,Insgesamt,2020,Insgesamt,14.06.,2303,e
Statistik der Sterbefälle,Deutschland,Insgesamt,2020,Insgesamt,15.06.,2311,e
Statistik der Sterbefälle,Deutschland,Insgesamt,2020,Insgesamt,16.06.,2401,e
Statistik der Sterbefälle,Deutschland,Insgesamt,2020,Insgesamt,17.06.,2394,e
Statistik der Sterbefälle,Deutschland,Insgesamt,2020,Insgesamt,18.06.,2384,e
Statistik der Sterbefälle,Deutschland,Insgesamt,2020,Insgesamt,19.06.,2369,e
Statistik der Sterbefälle,Deutschland,Insgesamt,2020,Insgesamt,20.06.,2350,e
Statistik der Sterbefälle,Deutschland,Insgesamt,2020,Insgesamt,21.06.,2192,e
Statistik der Sterbefälle,Deutschland,Insgesamt,2020,Insgesamt,22.06.,2474,e
Statistik der Sterbefälle,Deutschland,Insgesamt,2020,Insgesamt,23.06.,2453,e
Statistik der Sterbefälle,Deutschland,Insgesamt,2020,Insgesamt,24.06.,2379,e
Statistik der Sterbefälle,Deutschland,Insgesamt,2020,Insgesamt,25.06.,2456,e
Statistik der Sterbefälle,Deutschland,Insgesamt,2020,Insgesamt,26.06.,2552,e
Statistik der Sterbefälle,Deutschland,Insgesamt,2020,Insgesamt,27.06.,2599,e
Statistik der Sterbefälle,Deutschland,Insgesamt,2020,Insgesamt,28.06.,2380,e
Statistik der Sterbefälle,Deutschland,Insgesamt,2020,Insgesamt,29.06.,2305,e
Statistik der Sterbefälle,Deutschland,Insgesamt,2020,Insgesamt,30.06.,2297,e
Statistik der Sterbefälle,Deutschland,Insgesamt,2020,Insgesamt,01.07.,2457,e
Statistik der Sterbefälle,Deutschland,Insgesamt,2020,Insgesamt,02.07.,2424,e
Statistik der Sterbefälle,Deutschland,Insgesamt,2020,Insgesamt,03.07.,2356,e
Statistik der Sterbefälle,Deutschland,Insgesamt,2020,Insgesamt,04.07.,2275,e
Statistik der Sterbefälle,Deutschland,Insgesamt,2020,Insgesamt,05.07.,2343,e
Statistik der Sterbefälle,Deutschland,Insgesamt,2020,Insgesamt,06.07.,2399,e
Statistik der Sterbefälle,Deutschland,Insgesamt,2020,Insgesamt,07.07.,2321,e
Statistik der Sterbefälle,Deutschland,Insgesamt,2020,Insgesamt,08.07.,2253,e
Statistik der Sterbefälle,Deutschland,Insgesamt,2020,Insgesamt,09.07.,2391,e
Statistik der Sterbefälle,Deutschland,Insgesamt,2020,Insgesamt,10.07.,2430,e
Statistik der Sterbefälle,Deutschland,Insgesamt,2020,Insgesamt,11.07.,2200,e
Statistik der Sterbefälle,Deutschland,Insgesamt,2020,Insgesamt,12.07.,2148,e
Statistik der Sterbefälle,Deutschland,Insgesamt,2020,Insgesamt,13.07.,2283,e
Statistik der Sterbefälle,Deutschland,Insgesamt,2020,Insgesamt,14.07.,2430,e
Statistik der Sterbefälle,Deutschland,Insgesamt,2020,Insgesamt,15.07.,2426,e
Statistik der Sterbefälle,Deutschland,Insgesamt,2020,Insgesamt,16.07.,2364,e
Statistik der Sterbefälle,Deutschland,Insgesamt,2020,Insgesamt,17.07.,2337,e
Statistik der Sterbefälle,Deutschland,Insgesamt,2020,Insgesamt,18.07.,2329,e
Statistik der Sterbefälle,Deutschland,Insgesamt,2020,Insgesamt,19.07.,2368,e
Statistik der Sterbefälle,Deutschland,Insgesamt,2020,Insgesamt,20.07.,2445,e
Statistik der Sterbefälle,Deutschland,Insgesamt,2020,Insgesamt,21.07.,2315,e
Statistik der Sterbefälle,Deutschland,Insgesamt,2020,Insgesamt,22.07.,2317,e
Statistik der Sterbefälle,Deutschland,Insgesamt,2020,Insgesamt,23.07.,2391,e
Statistik der Sterbefälle,Deutschland,Insgesamt,2020,Insgesamt,24.07.,2526,e
Statistik der Sterbefälle,Deutschland,Insgesamt,2020,Insgesamt,25.07.,2510,e
Statistik der Sterbefälle,Deutschland,Insgesamt,2020,Insgesamt,26.07.,2383,e
Statistik der Sterbefälle,Deutschland,Insgesamt,2020,Insgesamt,27.07.,2433,e
Statistik der Sterbefälle,Deutschland,Insgesamt,2020,Insgesamt,28.07.,2599,e
Statistik der Sterbefälle,Deutschland,Insgesamt,2020,Insgesamt,29.07.,2376,e
Statistik der Sterbefälle,Deutschland,Insgesamt,2020,Insgesamt,30.07.,2361,e
Statistik der Sterbefälle,Deutschland,Insgesamt,2020,Insgesamt,31.07.,2605,e
Statistik der Sterbefälle,Deutschland,Insgesamt,2020,Insgesamt,01.08.,2590,e
Statistik der Sterbefälle,Deutschland,Insgesamt,2020,Insgesamt,02.08.,2469,e
Statistik der Sterbefälle,Deutschland,Insgesamt,2020,Insgesamt,03.08.,2408,e
Statistik der Sterbefälle,Deutschland,Insgesamt,2020,Insgesamt,04.08.,2286,e
Statistik der Sterbefälle,Deutschland,Insgesamt,2020,Insgesamt,05.08.,2389,e
Statistik der Sterbefälle,Deutschland,Insgesamt,2020,Insgesamt,06.08.,2398,e
Statistik der Sterbefälle,Deutschland,Insgesamt,2020,Insgesamt,07.08.,2543,e
Statistik der Sterbefälle,Deutschland,Insgesamt,2020,Insgesamt,08.08.,2670,e
Statistik der Sterbefälle,Deutschland,Insgesamt,2020,Insgesamt,09.08.,2776,e
Statistik der Sterbefälle,Deutschland,Insgesamt,2020,Insgesamt,10.08.,2782,e
Statistik der Sterbefälle,Deutschland,Insgesamt,2020,Insgesamt,11.08.,3043,e
Statistik der Sterbefälle,Deutschland,Insgesamt,2020,Insgesamt,12.08.,3003,e
Statistik der Sterbefälle,Deutschland,Insgesamt,2020,Insgesamt,13.08.,2883,e
Statistik der Sterbefälle,Deutschland,Insgesamt,2020,Insgesamt,14.08.,2867,e
Statistik der Sterbefälle,Deutschland,Insgesamt,2020,Insgesamt,15.08.,2654,e
Statistik der Sterbefälle,Deutschland,Insgesamt,2020,Insgesamt,16.08.,2488,e
Statistik der Sterbefälle,Deutschland,Insgesamt,2020,Insgesamt,17.08.,2494,e
Statistik der Sterbefälle,Deutschland,Insgesamt,2020,Insgesamt,18.08.,2560,e
Statistik der Sterbefälle,Deutschland,Insgesamt,2020,Insgesamt,19.08.,2553,e
Statistik der Sterbefälle,Deutschland,Insgesamt,2020,Insgesamt,20.08.,2508,e
Statistik der Sterbefälle,Deutschland,Insgesamt,2020,Insgesamt,21.08.,2683,e
Statistik der Sterbefälle,Deutschland,Insgesamt,2020,Insgesamt,22.08.,2512,e
Statistik der Sterbefälle,Deutschland,Insgesamt,2020,Insgesamt,23.08.,2249,e
Statistik der Sterbefälle,Deutschland,Insgesamt,2020,Insgesamt,24.08.,2335,e
Statistik der Sterbefälle,Deutschland,Insgesamt,2020,Insgesamt,25.08.,2418,e
Statistik der Sterbefälle,Deutschland,Insgesamt,2020,Insgesamt,26.08.,2394,e
Statistik der Sterbefälle,Deutschland,Insgesamt,2020,Insgesamt,27.08.,2278,e
Statistik der Sterbefälle,Deutschland,Insgesamt,2020,Insgesamt,28.08.,2430,e
Statistik der Sterbefälle,Deutschland,Insgesamt,2020,Insgesamt,29.08.,2485,e
Statistik der Sterbefälle,Deutschland,Insgesamt,2020,Insgesamt,30.08.,2316,e
Statistik der Sterbefälle,Deutschland,Insgesamt,2020,Insgesamt,31.08.,2278,e
Statistik der Sterbefälle,Deutschland,Insgesamt,2020,Insgesamt,01.09.,2451,e
Statistik der Sterbefälle,Deutschland,Insgesamt,2020,Insgesamt,02.09.,2409,e
Statistik der Sterbefälle,Deutschland,Insgesamt,2020,Insgesamt,03.09.,2439,e
Statistik der Sterbefälle,Deutschland,Insgesamt,2020,Insgesamt,04.09.,2477,e
Statistik der Sterbefälle,Deutschland,Insgesamt,2020,Insgesamt,05.09.,2395,e
Statistik der Sterbefälle,Deutschland,Insgesamt,2020,Insgesamt,06.09.,2340,e
Statistik der Sterbefälle,Deutschland,Insgesamt,2020,Insgesamt,07.09.,2433,e
Statistik der Sterbefälle,Deutschland,Insgesamt,2020,Insgesamt,08.09.,2429,e
Statistik der Sterbefälle,Deutschland,Insgesamt,2020,Insgesamt,09.09.,2545,e
Statistik der Sterbefälle,Deutschland,Insgesamt,2020,Insgesamt,10.09.,2502,e
Statistik der Sterbefälle,Deutschland,Insgesamt,2020,Insgesamt,11.09.,2507,e
Statistik der Sterbefälle,Deutschland,Insgesamt,2020,Insgesamt,12.09.,2437,e
Statistik der Sterbefälle,Deutschland,Insgesamt,2020,Insgesamt,13.09.,2302,e
Statistik der Sterbefälle,Deutschland,Insgesamt,2020,Insgesamt,14.09.,2503,e
Statistik der Sterbefälle,Deutschland,Insgesamt,2020,Insgesamt,15.09.,2656,e
Statistik der Sterbefälle,Deutschland,Insgesamt,2020,Insgesamt,16.09.,2575,e
Statistik der Sterbefälle,Deutschland,Insgesamt,2020,Insgesamt,17.09.,2556,e
Statistik der Sterbefälle,Deutschland,Insgesamt,2020,Insgesamt,18.09.,2412,e
Statistik der Sterbefälle,Deutschland,Insgesamt,2020,Insgesamt,19.09.,2472,e
Statistik der Sterbefälle,Deutschland,Insgesamt,2020,Insgesamt,20.09.,2381,e
Statistik der Sterbefälle,Deutschland,Insgesamt,2020,Insgesamt,21.09.,2480,e
Statistik der Sterbefälle,Deutschland,Insgesamt,2020,Insgesamt,22.09.,2495,e
Statistik der Sterbefälle,Deutschland,Insgesamt,2020,Insgesamt,23.09.,2612,e
Statistik der Sterbefälle,Deutschland,Insgesamt,2020,Insgesamt,24.09.,2523,e
Statistik der Sterbefälle,Deutschland,Insgesamt,2020,Insgesamt,25.09.,2577,e
Statistik der Sterbefälle,Deutschland,Insgesamt,2020,Insgesamt,26.09.,2423,e
Statistik der Sterbefälle,Deutschland,Insgesamt,2020,Insgesamt,27.09.,2336,e
Statistik der Sterbefälle,Deutschland,Insgesamt,2020,Insgesamt,28.09.,2481,e
Statistik der Sterbefälle,Deutschland,Insgesamt,2020,Insgesamt,29.09.,2568,e
Statistik der Sterbefälle,Deutschland,Insgesamt,2020,Insgesamt,30.09.,2527,e
Statistik der Sterbefälle,Deutschland,Insgesamt,2020,Insgesamt,01.10.,2607,e
Statistik der Sterbefälle,Deutschland,Insgesamt,2020,Insgesamt,02.10.,2537,e
Statistik der Sterbefälle,Deutschland,Insgesamt,2020,Insgesamt,03.10.,2477,e
Statistik der Sterbefälle,Deutschland,Insgesamt,2020,Insgesamt,04.10.,2417,e
Statistik der Sterbefälle,Deutschland,Insgesamt,2020,Insgesamt,05.10.,2444,e
Statistik der Sterbefälle,Deutschland,Insgesamt,2020,Insgesamt,06.10.,2537,e
Statistik der Sterbefälle,Deutschland,Insgesamt,2020,Insgesamt,07.10.,2530,e
Statistik der Sterbefälle,Deutschland,Insgesamt,2020,Insgesamt,08.10.,2504,e
Statistik der Sterbefälle,Deutschland,Insgesamt,2020,Insgesamt,09.10.,2635,e
Statistik der Sterbefälle,Deutschland,Insgesamt,2020,Insgesamt,10.10.,2548,e
Statistik der Sterbefälle,Deutschland,Insgesamt,2020,Insgesamt,11.10.,2303,e
Statistik der Sterbefälle,Deutschland,Insgesamt,2020,Insgesamt,12.10.,2490,e
Statistik der Sterbefälle,Deutschland,Insgesamt,2020,Insgesamt,13.10.,2500,e
Statistik der Sterbefälle,Deutschland,Insgesamt,2020,Insgesamt,14.10.,2583,e
Statistik der Sterbefälle,Deutschland,Insgesamt,2020,Insgesamt,15.10.,2555,e
Statistik der Sterbefälle,Deutschland,Insgesamt,2020,Insgesamt,16.10.,2591,e
Statistik der Sterbefälle,Deutschland,Insgesamt,2020,Insgesamt,17.10.,2564,e
Statistik der Sterbefälle,Deutschland,Insgesamt,2020,Insgesamt,18.10.,2471,e
Statistik der Sterbefälle,Deutschland,Insgesamt,2020,Insgesamt,19.10.,2613,e
Statistik der Sterbefälle,Deutschland,Insgesamt,2020,Insgesamt,20.10.,2578,e
Statistik der Sterbefälle,Deutschland,Insgesamt,2020,Insgesamt,21.10.,2744,e
Statistik der Sterbefälle,Deutschland,Insgesamt,2020,Insgesamt,22.10.,2720,e
Statistik der Sterbefälle,Deutschland,Insgesamt,2020,Insgesamt,23.10.,2701,e
Statistik der Sterbefälle,Deutschland,Insgesamt,2020,Insgesamt,24.10.,2576,e
Statistik der Sterbefälle,Deutschland,Insgesamt,2020,Insgesamt,25.10.,2656,e
Statistik der Sterbefälle,Deutschland,Insgesamt,2020,Insgesamt,26.10.,2599,e
Statistik der Sterbefälle,Deutschland,Insgesamt,2020,Insgesamt,27.10.,2483,e
Statistik der Sterbefälle,Deutschland,Insgesamt,2020,Insgesamt,28.10.,2631,e
Statistik der Sterbefälle,Deutschland,Insgesamt,2020,Insgesamt,29.10.,2604,e
Statistik der Sterbefälle,Deutschland,Insgesamt,2020,Insgesamt,30.10.,2807,e
Statistik der Sterbefälle,Deutschland,Insgesamt,2020,Insgesamt,31.10.,2776,e
Statistik der Sterbefälle,Deutschland,Insgesamt,2020,Insgesamt,01.11.,2684,e
Statistik der Sterbefälle,Deutschland,Insgesamt,2020,Insgesamt,02.11.,2859,e
Statistik der Sterbefälle,Deutschland,Insgesamt,2020,Insgesamt,03.11.,2740,e
Statistik der Sterbefälle,Deutschland,Insgesamt,2020,Insgesamt,04.11.,2721,e
Statistik der Sterbefälle,Deutschland,Insgesamt,2020,Insgesamt,05.11.,2684,e
Statistik der Sterbefälle,Deutschland,Insgesamt,2020,Insgesamt,06.11.,2696,e
Statistik der Sterbefälle,Deutschland,Insgesamt,2020,Insgesamt,07.11.,2708,e
Statistik der Sterbefälle,Deutschland,Insgesamt,2020,Insgesamt,08.11.,2599,e
Statistik der Sterbefälle,Deutschland,Insgesamt,2020,Insgesamt,09.11.,2775,e
Statistik der Sterbefälle,Deutschland,Insgesamt,2020,Insgesamt,10.11.,2795,e
Statistik der Sterbefälle,Deutschland,Insgesamt,2020,Insgesamt,11.11.,2769,e
Statistik der Sterbefälle,Deutschland,Insgesamt,2020,Insgesamt,12.11.,2846,e
Statistik der Sterbefälle,Deutschland,Insgesamt,2020,Insgesamt,13.11.,2834,e
Statistik der Sterbefälle,Deutschland,Insgesamt,2020,Insgesamt,14.11.,2897,e
Statistik der Sterbefälle,Deutschland,Insgesamt,2020,Insgesamt,15.11.,2811,e
Statistik der Sterbefälle,Deutschland,Insgesamt,2020,Insgesamt,16.11.,2864,e
Statistik der Sterbefälle,Deutschland,Insgesamt,2020,Insgesamt,17.11.,2981,e
Statistik der Sterbefälle,Deutschland,Insgesamt,2020,Insgesamt,18.11.,2833,e
Statistik der Sterbefälle,Deutschland,Insgesamt,2020,Insgesamt,19.11.,2794,e
Statistik der Sterbefälle,Deutschland,Insgesamt,2020,Insgesamt,20.11.,2910,e
Statistik der Sterbefälle,Deutschland,Insgesamt,2020,Insgesamt,21.11.,2863,e
Statistik der Sterbefälle,Deutschland,Insgesamt,2020,Insgesamt,22.11.,2937,e
Statistik der Sterbefälle,Deutschland,Insgesamt,2020,Insgesamt,23.11.,3086,e
Statistik der Sterbefälle,Deutschland,Insgesamt,2020,Insgesamt,24.11.,3077,e
Statistik der Sterbefälle,Deutschland,Insgesamt,2020,Insgesamt,25.11.,3050,e
Statistik der Sterbefälle,Deutschland,Insgesamt,2020,Insgesamt,26.11.,3032,e
Statistik der Sterbefälle,Deutschland,Insgesamt,2020,Insgesamt,27.11.,3051,e
Statistik der Sterbefälle,Deutschland,Insgesamt,2020,Insgesamt,28.11.,3037,e
Statistik der Sterbefälle,Deutschland,Insgesamt,2020,Insgesamt,29.11.,2971,e
Statistik der Sterbefälle,Deutschland,Insgesamt,2020,Insgesamt,30.11.,3085,e
Statistik der Sterbefälle,Deutschland,Insgesamt,2020,Insgesamt,01.12.,3237,e
Statistik der Sterbefälle,Deutschland,Insgesamt,2020,Insgesamt,02.12.,3166,e
Statistik der Sterbefälle,Deutschland,Insgesamt,2020,Insgesamt,03.12.,3292,e
Statistik der Sterbefälle,Deutschland,Insgesamt,2020,Insgesamt,04.12.,3363,e
Statistik der Sterbefälle,Deutschland,Insgesamt,2020,Insgesamt,05.12.,3323,e
Statistik der Sterbefälle,Deutschland,Insgesamt,2020,Insgesamt,06.12.,3138,e
Statistik der Sterbefälle,Deutschland,Insgesamt,2020,Insgesamt,07.12.,3391,e
Statistik der Sterbefälle,Deutschland,Insgesamt,2020,Insgesamt,08.12.,3377,e
Statistik der Sterbefälle,Deutschland,Insgesamt,2020,Insgesamt,09.12.,3392,e
Statistik der Sterbefälle,Deutschland,Insgesamt,2020,Insgesamt,10.12.,3400,e
Statistik der Sterbefälle,Deutschland,Insgesamt,2020,Insgesamt,11.12.,3571,e
Statistik der Sterbefälle,Deutschland,Insgesamt,2020,Insgesamt,12.12.,3429,e
Statistik der Sterbefälle,Deutschland,Insgesamt,2020,Insgesamt,13.12.,3443,e
Statistik der Sterbefälle,Deutschland,Insgesamt,2020,Insgesamt,14.12.,3523,e
Statistik der Sterbefälle,Deutschland,Insgesamt,2020,Insgesamt,15.12.,3498,e
Statistik der Sterbefälle,Deutschland,Insgesamt,2020,Insgesamt,16.12.,3565,e
Statistik der Sterbefälle,Deutschland,Insgesamt,2020,Insgesamt,17.12.,3602,e
Statistik der Sterbefälle,Deutschland,Insgesamt,2020,Insgesamt,18.12.,3594,e
Statistik der Sterbefälle,Deutschland,Insgesamt,2020,Insgesamt,19.12.,3520,e
Statistik der Sterbefälle,Deutschland,Insgesamt,2020,Insgesamt,20.12.,3422,e
Statistik der Sterbefälle,Deutschland,Insgesamt,2020,Insgesamt,21.12.,3681,e
Statistik der Sterbefälle,Deutschland,Insgesamt,2020,Insgesamt,22.12.,3769,e
Statistik der Sterbefälle,Deutschland,Insgesamt,2020,Insgesamt,23.12.,3830,e
Statistik der Sterbefälle,Deutschland,Insgesamt,2020,Insgesamt,24.12.,3588,e
Statistik der Sterbefälle,Deutschland,Insgesamt,2020,Insgesamt,25.12.,3559,e
Statistik der Sterbefälle,Deutschland,Insgesamt,2020,Insgesamt,26.12.,3488,e
Statistik der Sterbefälle,Deutschland,Insgesamt,2020,Insgesamt,27.12.,3639,e
Statistik der Sterbefälle,Deutschland,Insgesamt,2020,Insgesamt,28.12.,3879,e
Statistik der Sterbefälle,Deutschland,Insgesamt,2020,Insgesamt,29.12.,3747,e
Statistik der Sterbefälle,Deutschland,Insgesamt,2020,Insgesamt,30.12.,3791,e
Statistik der Sterbefälle,Deutschland,Insgesamt,2020,Insgesamt,31.12.,3575,e
Ende der Tabelle.,,,,,,,